source_act,amended_act,carrier_article,carrier_section,provision_type,mechanism,screening_confidence,intermediary_validated,matched_pattern,matched_keyword,evidence_text
32022L2464,,,,recital,reportar,high,0,non-financial (report|statement),non-financial report,"In its communication of 11 December 2019 entitled ‘The European Green Deal’ (the ‘Green Deal’), the European Commission made a commitment to review the provisions concerning non-financial reporting of Directive 2013/34/EU of the European Parliament and of the Council (3). The Green Deal is the new growth strategy of the Union. It aims to transform the Union into a modern, resource-efficient and competitive economy with no net emissions of greenhouse gases (GHG) by 2050. It also aims to protect, "
32022L2464,,,,recital,ranking_rating,high,0,benchmark administrator,benchmark administrator,"Regulation (EU) 2020/852 of the European Parliament and of the Council (6) creates a classification system of environmentally sustainable economic activities with the aim of scaling up sustainable investments and combatting greenwashing of financial products that unduly claim to be sustainable. Regulation (EU) 2019/2089 of the European Parliament and of the Council (7), complemented by Commission Delegated Regulations (EU) 2020/1816 (8), (EU) 2020/1817 (9) and (EU) 2020/1818 (10), introduces env"
32022L2464,,,,recital,reportar,high,0,non-financial (report|statement),non-financial report,"In its Communication of 17 June 2019 entitled ‘Guidelines on non-financial reporting: Supplement on reporting climate-related information’ (‘Guidelines on reporting climate-related information’), the Commission highlighted the benefits for companies of reporting on climate-related information particularly by increasing awareness and understanding of climate-related risks and opportunities within the company, diversifying the investor base, creating a lower cost of capital and improving construct"
32022L2464,,,,recital,reportar,high,0,non-financial (report|statement),non-financial report,"In its conclusions of 5 December 2019 on the deepening of the Capital Markets Union, the Council stressed the importance of reliable, comparable and relevant information on sustainability risks, opportunities and impacts, and called on the Commission to consider the development of a European non-financial reporting standard."
32022L2464,,,,recital,reportar,high,0,non-financial (report|statement),non-financial report,"In its resolution of 29 May 2018 on sustainable finance (14), the European Parliament called for the further development of non-financial reporting requirements in the framework of Directive 2013/34/EU. In its resolution of 17 December 2020 on sustainable corporate governance (15), the European Parliament welcomed the Commission’s commitment to review Directive 2013/34/EU and expressed the need to set up a comprehensive Union framework on non-financial reporting that contains mandatory Union non"
32022L2464,,,,recital,auditoria,low,0,\baudit\w*,audit,"In its resolution of 29 May 2018 on sustainable finance (14), the European Parliament called for the further development of non-financial reporting requirements in the framework of Directive 2013/34/EU. In its resolution of 17 December 2020 on sustainable corporate governance (15), the European Parliament welcomed the Commission’s commitment to review Directive 2013/34/EU and expressed the need to set up a comprehensive Union framework on non-financial reporting that contains mandatory Union non"
32022L2464,,,,recital,reportar,low,0,\breport\b,report,"Directive 2014/95/EU of the European Parliament and of the Council (16) amended Directive 2013/34/EU as regards disclosure of non-financial information by certain large undertakings and groups. Directive 2014/95/EU introduced a requirement on undertakings to report information on, as a minimum, environmental, social and employee matters, respect for human rights, anti-corruption and bribery matters. With regard to those topics, Directive 2014/95/EU required undertakings to disclose information u"
32022L2464,,,,recital,reportar,high,0,sustainability reporting,sustainability reporting,"Many stakeholders consider the term ‘non-financial’ to be inaccurate, in particular because it implies that the information in question has no financial relevance. Increasingly, however, such information does have financial relevance. Many organisations, initiatives and practitioners in the field of sustainability reporting refer to ‘sustainability information’. It is therefore preferable to use the term ‘sustainability information’ in place of ‘non-financial information’. Directive 2013/34/EU s"
32022L2464,,,,recital,reportar,high,0,sustainability reporting,sustainability reporting,"If undertakings carried out better sustainability reporting, the ultimate beneficiaries would be individual citizens and savers, including trade unions and workers’ representatives who would be adequately informed and therefore able to better engage in social dialogue. Savers who want to invest sustainably will have the opportunity to do so, while all citizens would benefit from a stable, sustainable and inclusive economic system. To realise such benefits, the sustainability information disclose"
32022L2464,,,,recital,reportar,low,0,\breport\b,report,"The business partners of undertakings, including customers, might rely on sustainability information to understand and, where necessary, report on their sustainability risks and impacts throughout their own value chains. Policy makers and environmental agencies can use such information, in particular on an aggregate basis, to monitor environmental and social trends, to contribute to environmental accounts, and to inform public policy. Few individual citizens and consumers directly consult undert"
32022L2464,,,,recital,reportar,high,0,sustainability reporting,sustainability reporting,Undertakings themselves stand to benefit from carrying out high-quality reporting on sustainability matters. The growth in the number of investment products that aim to pursue sustainability objectives means that good sustainability reporting can enhance an undertaking’s access to financial capital. Sustainability reporting can help undertakings to identify and manage their own risks and opportunities related to sustainability matters. It can provide a basis for better dialogue and communication
32022L2464,,,,recital,reportar,low,0,\breport\b,report,"The Commission report of 21 April 2021 on the review clauses in Directives 2013/34/EU, 2014/95/EU, and 2013/50/EU and its accompanying fitness check on the EU framework for public reporting by companies (‘Commission report on the review clauses and its accompanying fitness check’) identified problems as to the effectiveness of Directive 2014/95/EU. There is significant evidence that many undertakings do not disclose material information on all major sustainability-related topics, including clima"
32022L2464,,,,recital,auditoria,low,0,\baudit\w*,auditing,"The Commission report of 21 April 2021 on the review clauses in Directives 2013/34/EU, 2014/95/EU, and 2013/50/EU and its accompanying fitness check on the EU framework for public reporting by companies (‘Commission report on the review clauses and its accompanying fitness check’) identified problems as to the effectiveness of Directive 2014/95/EU. There is significant evidence that many undertakings do not disclose material information on all major sustainability-related topics, including clima"
32022L2464,,,,recital,reportar,low,0,\breport\b,report,"The Commission report on the review clauses and its accompanying fitness check also identified a significant increase in requests to undertakings for information about sustainability matters aimed at addressing the existing information gap between users’ information needs and the available corporate sustainability information. In addition, ongoing expectations on undertakings to use a variety of different frameworks and standards are likely to continue and may even intensify as the value placed "
32022L2464,,,,recital,reportar,high,0,reporting (obligation|requirement)s?,reporting requirements,"The existing information gap makes it more likely that individual Member States will introduce increasingly divergent national rules or standards. Different reporting requirements in different Member States could create additional costs and complexity for undertakings operating across borders and therefore undermine the internal market, and could undermine the right of establishment and the free movement of capital across the Union. Such different reporting requirements could also make reported "
32022L2464,,,,recital,reportar,high,0,sustainability reporting,sustainability reporting,"Articles 19a and 29a of Directive 2013/34/EU apply to large undertakings that are public-interest entities with an average number of employees in excess of 500, and to public-interest entities that are parent undertakings of a large group with an average number of employees in excess of 500 on a consolidated basis, respectively. In view of the growth of users’ needs for sustainability information, additional categories of undertakings should be required to report sustainability information. It i"
32022L2464,,,,recital,reportar,low,0,\breport\b,report,"The requirement provided for in this amending Directive that also large undertakings whose securities are not admitted to trading on a regulated market in the Union should disclose information on sustainability matters is mainly justified by concerns about the impacts and accountability of such undertakings, including through their value chain. In this respect, all large undertakings should be subject to the same requirements to report sustainability information publicly. In addition, financial "
32022L2464,,,,recital,reportar,high,0,sustainability reporting,sustainability reporting,"Third-country undertakings which have a significant activity on the territory of the Union should also be required to provide sustainability information, especially on their impacts on social and environmental matters, in order to ensure that third-country undertakings are accountable for their impacts on people and the environment and that there is a level playing field for companies operating in the internal market. Therefore, third-country undertakings which generate a net turnover of more th"
32022L2464,,,,recital,reportar,high,0,sustainability reporting,sustainability reporting,"The subsidiary undertaking or branch of a third-country undertaking should also be able to report in accordance with the standards applying to undertakings established in the Union, or in accordance with standards which are deemed equivalent pursuant to an implementing act. In the event that not all the information required under this amending Directive is provided by the third-country undertaking, despite the best efforts of the subsidiary undertaking or branch of that third-country undertaking"
32022L2464,,,,recital,auditoria,high,0,assurance (engagement|opinion|provider|services),assurance opinion,"The subsidiary undertaking or branch of a third-country undertaking should also be able to report in accordance with the standards applying to undertakings established in the Union, or in accordance with standards which are deemed equivalent pursuant to an implementing act. In the event that not all the information required under this amending Directive is provided by the third-country undertaking, despite the best efforts of the subsidiary undertaking or branch of that third-country undertaking"
32022L2464,,,,recital,reportar,high,0,sustainability report\b,sustainability report,Member States should be able to inform the Commission on an annual basis of the subsidiary undertakings or branches of the third-country undertakings that fulfilled the publication requirement and of the cases where a report was published but the subsidiary undertaking or branch of the third-country undertaking has stated that it could not get the necessary information from the third-country undertaking. The Commission should make publicly available on its website a list of the third-country und
32022L2464,,,,recital,reportar,low,0,\breport\b,report,"Considering the growing relevance of sustainability-related risks and taking into account that small and medium-sized undertakings whose securities are admitted to trading on a regulated market in the Union comprise a significant proportion of all undertakings whose securities are admitted to trading on a regulated market in the Union, in order to ensure investor protection, it is appropriate to require that also small and medium-sized undertakings, except micro undertakings, whose securities ar"
32022L2464,,,,recital,reportar,high,0,sustainability reporting,sustainability reporting,The sustainability reporting standards for small and medium-sized undertakings will constitute a reference for undertakings that are within the scope of the requirements introduced by this amending Directive regarding the level of sustainability information that they could reasonably request from small and medium-sized undertakings that are suppliers or clients in the value chains of such undertakings. Small and medium-sized undertakings whose securities are admitted to trading on a regulated ma
32022L2464,,,,recital,reportar,high,0,sustainability reporting,sustainability reporting,"Member States should be free to assess the impact of their national transposition measures on small and medium-sized undertakings, in order to ensure that they are not disproportionately affected, with specific attention to be given to micro-undertakings and to avoiding an unnecessary administrative burden. Member States should consider introducing measures to support small and medium-sized undertakings in applying the sustainability reporting standards."
32022L2464,,,,recital,reportar,high,0,sustainability reporting,sustainability reporting,"Directive 2004/109/EC of the European Parliament and of the Council (17) applies to undertakings whose securities are admitted to trading on a regulated market in the Union. In order to ensure that undertakings whose securities are admitted to trading on a regulated market in the Union, including third-country issuers, fall under the same sustainability reporting requirements, Directive 2004/109/EC should contain the necessary cross-references to any requirement on sustainability reporting in th"
32022L2464,,,,recital,reportar,high,0,sustainability reporting,sustainability reporting,"Point (i) of the first subparagraph of Article 23(4) and the fourth subparagraph of Article 23(4) of Directive 2004/109/EC empower the Commission to adopt measures to set up a mechanism for the determination of equivalence of information required under that Directive, and for the establishment of general equivalence criteria regarding accounting standards, respectively. The third subparagraph of Article 23(4) of Directive 2004/109/EC also empowers the Commission to take the necessary decisions o"
32022L2464,,,,recital,reportar,high,0,sustainability reporting,sustainability reporting,"Article 19a(3) and Article 29a(3) of Directive 2013/34/EU exempt all subsidiary undertakings from the obligation to report non-financial information where such undertakings and their subsidiary undertakings are included in the consolidated management report of their parent undertaking, provided that report includes non-financial information reported pursuant to that Directive. It is necessary, however, to ensure that sustainability information is easily accessible for users, and to ensure that t"
32022L2464,,,,recital,reportar,high,0,sustainability reporting,sustainability reporting,"Directive 2004/109/EC, as amended by this amending Directive, should provide for appropriate mechanisms to determine the equivalence of sustainability reporting standards, and undertakings whose securities are admitted to trading on a regulated market in the Union and undertakings whose securities are not admitted to trading on a regulated market in the Union should be required to report in accordance with the same sustainability reporting standards. In this context, the implementing acts adopte"
32022L2464,,,,recital,reportar,high,0,sustainability reporting,sustainability reporting,"Article 23 of Directive 2013/34/EU exempts parent undertakings from the obligation to prepare consolidated financial statements and a consolidated management report where parent undertakings are subsidiary undertakings of another parent undertaking that complies with that obligation. It should be specified, however, that the exemption regime for consolidated financial statements and consolidated management reports operates independently from the exemption regime for consolidated sustainability r"
32022L2464,,,,recital,reportar,high,0,sustainability reporting,sustainability reporting,"Credit institutions and insurance undertakings play a key role in the transition towards a fully sustainable and inclusive economic and financial system in line with the Green Deal. They can have significant positive and negative impacts via their lending, investment and underwriting activities. Credit institutions and insurance undertakings other than those that are required to comply with Directive 2013/34/EU, including cooperatives and mutual undertakings, should therefore be subject to susta"
32022L2464,,,,recital,reportar,high,0,sustainability reporting,sustainability reporting,"The criterion of net turnover needs to be adapted for credit institutions and for insurance undertakings by referring to the definition of net turnover in Council Directives 86/635/EEC (19) and 91/674/EEC (20) instead of the general definition laid down in Directive 2013/34/EU. To ensure coherence with the reporting requirements of Directive 86/635/EEC, Member States should be able to choose not to apply sustainability reporting requirements to credit institutions listed in Article 2(5) of Direc"
32022L2464,,,,recital,reportar,high,0,reporting (obligation|requirement)s?,reporting requirements,"The list of sustainability matters on which undertakings are required to report should be as consistent as possible with the definition of the term ‘sustainability factors’ laid down in Regulation (EU) 2019/2088, and should prevent a mismatch between information required by data users and information to be reported by undertakings. That list should also correspond to the needs and expectations of users and undertakings, who often use the terms ‘environmental’, ‘social’ and ‘governance’ as a mean"
32022L2464,,,,recital,reportar,low,0,\breport\b,report,"Article 19a(1) and Article 29a(1) of Directive 2013/34/EU require reporting not only on information to the extent necessary for an understanding of the undertaking’s development, performance and position, but also on information necessary for an understanding of the impact of the undertaking’s activities on environmental, social and employee matters, respect for human rights, anti-corruption and bribery matters. Those Articles therefore require undertakings to report both on the impacts of the a"
32022L2464,,,,recital,reportar,low,0,\breport\b,report,"Article 19a(1) and Article 29a(1) of Directive 2013/34/EU require undertakings to disclose information about five reporting areas: business model; policies, including due diligence processes implemented; the outcome of those policies; risks and risk management; and key performance indicators relevant to the business. Article 19a(1) of Directive 2013/34/EU does not contain explicit references to other reporting areas that users of information consider relevant, some of which align with disclosure"
32022L2464,,,,recital,reportar,high,0,sustainability reporting,sustainability reporting,"Directive 2013/34/EU does not require the disclosure of information on intangible resources other than intangible assets recognised in the balance sheet. It is widely recognised that information on intangible assets and other intangible factors, including internally generated intangible resources, is underreported, impeding the proper assessment of an undertaking’s development, performance and position, and the monitoring of investments. To enable investors to better understand the increasing ga"
32022L2464,,,,recital,reportar,high,0,reporting (obligation|requirement)s?,Reporting requirements,"It is not the objective of this amending Directive to require undertakings to disclose intellectual capital, intellectual property, know-how or the results of innovation that would qualify as trade secrets as defined in Directive (EU) 2016/943 of the European Parliament and of the Council (22). Reporting requirements provided for in this amending Directive should therefore be without prejudice to Directive (EU) 2016/943."
32022L2464,,,,recital,reportar,high,0,non-financial (report|statement),non-financial report,"Article 19a(1) and Article 29a(1) of Directive 2013/34/EU require undertakings to include in their non-financial reporting references to, and additional explanations of, amounts reported in the annual financial statements. Those Articles do not, however, require undertakings to make references to other information in the management report or to add additional explanations to that information. Thus, there is currently a lack of consistency between non-financial information reported and the rest o"
32022L2464,,,,recital,reportar,high,0,sustainability reporting,sustainability reporting,"Article 19a(1) and Article 29a(1) of Directive 2013/34/EU require undertakings to provide a clear and reasoned explanation for not pursuing policies in relation to one or more of the matters listed in those Articles, where the undertaking does not do so. The different treatment of disclosures on the policies that undertakings may have, compared to the other reporting areas included in those Articles, has created confusion among reporting undertakings and has not helped to improve the quality of "
32022L2464,,,,recital,reportar,high,0,non-financial (report|statement),non-financial report,"Undertakings that fall under the scope of Article 19a(1) and Article 29a(1) of Directive 2013/34/EU may rely on national, Union-based or international reporting frameworks, and where they do so, they have to specify which frameworks they have relied upon. However, Directive 2013/34/EU does not require undertakings to use a common reporting framework or standard, and it does not prevent undertakings from choosing not to use any reporting framework or standards at all. As required by Article 2 of "
32022L2464,,,,recital,reportar,high,0,sustainability reporting,sustainability reporting,"On 17 June 2019, the Commission adopted its Guidelines on reporting climate-related information, containing additional guidelines, specifically on reporting climate-related information. Those Guidelines on reporting climate-related information explicitly incorporated the recommendations of the Task Force on Climate-related Financial Disclosures. Available evidence indicates that the Guidelines on non-financial reporting did not have a significant impact on the quality of non-financial reporting "
32022L2464,,,,recital,auditoria,low,0,\bassurance\b,assurance,"On 17 June 2019, the Commission adopted its Guidelines on reporting climate-related information, containing additional guidelines, specifically on reporting climate-related information. Those Guidelines on reporting climate-related information explicitly incorporated the recommendations of the Task Force on Climate-related Financial Disclosures. Available evidence indicates that the Guidelines on non-financial reporting did not have a significant impact on the quality of non-financial reporting "
32022L2464,,,,recital,reportar,high,0,sustainability reporting,sustainability reporting,"The development of mandatory common sustainability reporting standards is necessary to reach a situation in which sustainability information has a status comparable to that of financial information. The adoption of sustainability reporting standards by means of delegated acts would ensure harmonised sustainability reporting across the Union. Therefore, an undertaking would be compliant with the sustainability reporting requirements of Directive 2013/34/EU by reporting in accordance with the sust"
32022L2464,,,,recital,reportar,high,0,sustainability reporting,sustainability reporting,"No existing standard or framework satisfies the Union’s needs for sustainability reporting by itself. Information required by Directive 2013/34/EU needs to cover information relevant from each of the materiality perspectives, needs to cover all sustainability matters and needs to be aligned, where appropriate, with other obligations under Union law to disclose sustainability information, including obligations laid down in Regulations (EU) 2019/2088 and (EU) 2020/852. In addition, mandatory susta"
32022L2464,,,,recital,reportar,high,0,sustainability reporting,sustainability reporting,The European Financial Reporting Advisory Group (EFRAG) is a non-profit association established under Belgian law that serves the public interest by providing advice to the Commission on the endorsement of international financial reporting standards. EFRAG has established a reputation as a European centre of expertise on corporate reporting and is well placed to foster coordination between Union sustainability reporting standards and international initiatives that seek to develop standards that 
32022L2464,,,,recital,reportar,high,0,sustainability reporting,sustainability reporting,"In order to ensure high-quality standards that contribute to the European public good and meet the needs of undertakings and of users of the information reported, EFRAG should have sufficient public funding to ensure its independence. Its technical advice should be developed with proper due process, public oversight and transparency, and based on the expertise of a balanced representation of relevant stakeholders, including undertakings, investors, civil society organisations and trade unions, a"
32022L2464,,,,recital,reportar,high,0,sustainability reporting,sustainability reporting,"The European Securities and Markets Authority (ESMA), the European Banking Authority (EBA) and the European Insurance and Occupational Pensions Authority (EIOPA) play a role in drafting regulatory technical standards pursuant to Regulation (EU) 2019/2088 and there needs to be coherence between those regulatory technical standards and sustainability reporting standards. Under Regulation (EU) No 1095/2010 of the European Parliament and of the Council (24), ESMA also plays a role in promoting super"
32022L2464,,,,recital,auditoria,low,0,\baudit\w*,Auditing,"The European Securities and Markets Authority (ESMA), the European Banking Authority (EBA) and the European Insurance and Occupational Pensions Authority (EIOPA) play a role in drafting regulatory technical standards pursuant to Regulation (EU) 2019/2088 and there needs to be coherence between those regulatory technical standards and sustainability reporting standards. Under Regulation (EU) No 1095/2010 of the European Parliament and of the Council (24), ESMA also plays a role in promoting super"
32022L2464,,,,recital,reportar,high,0,sustainability reporting,sustainability reporting,"In order to foster democratic control, scrutiny and transparency, the Commission should, at least once a year, consult the European Parliament, and jointly the Member State Expert Group on Sustainable Finance and the Accounting Regulatory Committee on EFRAG’s work programme as regards the development of sustainability reporting standards."
32022L2464,,,,recital,reportar,high,0,sustainability reporting,Sustainability reporting,"Sustainability reporting standards should be coherent with other Union law. Those standards should in particular be aligned with the disclosure requirements laid down in Regulation (EU) 2019/2088, and they should take account of underlying indicators and methodologies set out in the various delegated acts adopted pursuant to Regulation (EU) 2020/852, disclosure requirements applicable to benchmark administrators pursuant to Regulation (EU) 2016/1011 of the European Parliament and of the Council "
32022L2464,,,,recital,ranking_rating,high,0,benchmark administrator,benchmark administrator,"Sustainability reporting standards should be coherent with other Union law. Those standards should in particular be aligned with the disclosure requirements laid down in Regulation (EU) 2019/2088, and they should take account of underlying indicators and methodologies set out in the various delegated acts adopted pursuant to Regulation (EU) 2020/852, disclosure requirements applicable to benchmark administrators pursuant to Regulation (EU) 2016/1011 of the European Parliament and of the Council "
32022L2464,,,,recital,reportar,high,0,sustainability reporting,Sustainability reporting,"Sustainability reporting standards should take account of the Guidelines on non-financial reporting and the Guidelines on reporting climate-related information. They should also take account of other reporting requirements in Directive 2013/34/EU that are not directly related to sustainability, with the aim of providing the users of the reported information with a better understanding of the development, performance, position and impact of the undertaking, by maximising the links between the sus"
32022L2464,,,,recital,reportar,high,0,sustainability reporting,Sustainability reporting,"Sustainability reporting standards should be proportionate and should not impose an unnecessary administrative burden on companies that are required to use them. In order to minimise disruption for undertakings that already report sustainability information, sustainability reporting standards should take account of existing standards and frameworks for sustainability reporting and accounting where appropriate. Such existing standards and frameworks include the Global Reporting Initiative, the Su"
32022L2464,,,,recital,reportar,high,0,sustainability reporting,sustainability reporting,"Union standards should take account of any sustainability reporting standards developed under the auspices of International Financial Reporting Standards Foundation. To avoid unnecessary regulatory fragmentation that could have negative consequences for undertakings operating globally, Union sustainability reporting standards should contribute to the process of convergence of sustainability reporting standards at global level, by supporting the work of the International Sustainability Standards "
32022L2464,,,,recital,reportar,high,0,sustainability reporting,sustainability reporting,"The Transparent Project sponsored under the Programme for the Environment and Climate Action (LIFE programme) established by Regulation (EU) 2021/783 of the European Parliament and of the Council (30) is developing the first natural capital accounting methodology, which will make existing methods easier to compare and more transparent while lowering the threshold for companies to adopt and use the systems in support of future-proofing their business. The Natural Capital Protocol is also an impor"
32022L2464,,,,recital,reportar,high,0,sustainability reporting,Sustainability reporting,"Sustainability reporting standards should also take account of internationally recognised principles and frameworks on responsible business conduct, corporate social responsibility, and sustainable development, including the SDGs, the UN Guiding Principles on Business and Human Rights, the OECD Guidelines for Multinational Enterprises, the OECD Due Diligence Guidance for Responsible Business Conduct and related sectoral guidelines, the Global Compact, the International Labour Organization’s (ILO"
32022L2464,,,,recital,reportar,high,0,sustainability reporting,sustainability reporting,"It should be ensured that the information reported by undertakings in accordance with the sustainability reporting standards meets the needs of users and does not place a disproportionate burden in terms of effort and cost on the reporting undertakings and those that are indirectly affected as part of the value chain of those undertakings. The sustainability reporting standards should therefore specify the information that undertakings are to disclose on all major environmental factors, includin"
32022L2464,,,,recital,reportar,high,0,sustainability reporting,sustainability reporting,"For reasons of coherence, it is appropriate to use a similar classification to identify the environmental factors that should be addressed by sustainability reporting standards. The sustainability reporting standards should consider and specify any geographical or other contextual information that undertakings should disclose to provide an understanding of their principal impacts on sustainability matters and the principal risks to the undertaking arising from sustainability matters. When specif"
32022L2464,,,,recital,reportar,high,0,sustainability reporting,sustainability reporting,"With regard to scope 3 emissions, a priority for users is to receive information about which scope 3 categories are significant in the case of the undertaking, and about the emissions in each of those scope 3 categories. The sustainability reporting standards should therefore specify the information undertakings should report with regard to such matters."
32022L2464,,,,recital,reportar,high,0,sustainability reporting,sustainability reporting,"Achieving a climate-neutral and circular economy without diffuse pollution requires the full mobilisation of all economic sectors. Reducing energy use and increasing energy efficiency is key in this respect, as energy is used across supply chains. Energy aspects should therefore be duly considered in sustainability reporting standards, in particular in relation to environmental matters, including climate-related matters."
32022L2464,,,,recital,reportar,high,0,sustainability reporting,Sustainability reporting,"Sustainability reporting standards should specify the information that undertakings should disclose on social factors, including working conditions, social partner involvement, collective bargaining, equality, non-discrimination, diversity and inclusion, and human rights. Such information should cover the impacts of the undertaking on people, including workers, and on human health. The information that undertakings disclose about human rights should include information about forced labour and ch"
32022L2464,,,,recital,reportar,high,0,sustainability reporting,Sustainability reporting,"Sustainability reporting standards that address social factors should specify the information that undertakings should disclose with regard to the principles of the European Pillar of Social Rights that are relevant to businesses, including equal opportunities for all and working conditions. The Action Plan on the European Pillar of Social Rights, adopted by the Commission on 4 March 2021, calls for stronger requirements on undertakings to report on social issues. The sustainability reporting st"
32022L2464,,,,recital,reportar,high,0,sustainability reporting,Sustainability reporting,"Sustainability reporting standards that address training and skills development should specify, amongst other things, information to be reported about the proportion and breakdown of workers participating in training. Sustainability reporting standards that address collective bargaining should specify, amongst other things, information to be disclosed about the existence of works councils as well as the existence of collective agreements and the proportion of workers covered by such agreements. "
32022L2464,,,,recital,reportar,high,0,sustainability reporting,Sustainability reporting,"Users need information about governance factors. Governance factors that are most relevant to users are listed by authoritative reporting frameworks such as the Global Reporting Initiative and the Task Force on Climate-related Financial Disclosures, as well as by authoritative global frameworks such as the Global Governance Principles of the International Corporate Governance Network and the G20/OECD Principles of Corporate Governance. Sustainability reporting standards should specify the inform"
32022L2464,,,,recital,reportar,high,0,sustainability reporting,sustainability reporting,"The sustainability reporting standards should promote a more integrated view of all the information published by undertakings in the management report to provide users of that information with a better understanding of the development, performance, position and impact of the undertaking. The sustainability reporting standards should distinguish, as necessary, between information that undertakings should disclose when reporting at individual level and the information that undertakings should disc"
32022L2464,,,,recital,reportar,high,0,sustainability reporting,sustainability reporting,Member States should ensure that sustainability reporting is carried out in compliance with workers’ rights to information and consultation. The management of the undertaking should therefore inform workers’ representatives at the appropriate level and discuss with them relevant information and the means of obtaining and verifying sustainability information. This implies for the purpose of this amending Directive the establishment of dialogue and exchange of views between workers’ representative
32022L2464,,,,recital,reportar,high,0,sustainability reporting,Sustainability reporting,"Undertakings in the same sector are often exposed to similar sustainability-related risks, and they often have similar impacts on society and the environment. Comparisons between undertakings in the same sector are especially valuable to investors and other users of sustainability information. Sustainability reporting standards should therefore specify both information that undertakings in all sectors should disclose and information that undertakings should disclose depending on their sector of "
32022L2464,,,,recital,reportar,high,0,sustainability reporting,Sustainability reporting,"Sustainability reporting standards should also take account of the difficulties that undertakings may encounter in gathering information from actors throughout their value chain, especially from suppliers that are small or medium-sized undertakings and from suppliers in emerging markets and economies. Sustainability reporting standards should specify disclosures concerning value chains that are proportionate and relevant to the scale and complexity of the activities of the undertakings, and the "
32022L2464,,,,recital,reportar,high,0,sustainability reporting,sustainability reporting,"To meet the information needs of users in a timely manner, and in particular given the urgency to meet the information needs of financial market participants subject to the requirements laid down in the delegated acts adopted pursuant to Article 4(6) and (7) of Regulation (EU) 2019/2088, the Commission should adopt a first set of sustainability reporting standards by means of delegated acts by 30 June 2023. That set of sustainability reporting standards should specify the information that undert"
32022L2464,,,,recital,reportar,high,0,sustainability reporting,sustainability reporting,"Directive 2013/34/EU does not require that undertakings provide their management reports in a digital format, which hinders the findability and usability of the reported information. Users of sustainability information increasingly expect such information to be findable, comparable and machine-readable in digital formats. Member States should be able to require that undertakings subject to the sustainability reporting requirements of Directive 2013/34/EU make their management reports available o"
32022L2464,,,,recital,reportar,high,0,sustainability reporting,sustainability reporting,A digital taxonomy for the Union sustainability reporting standards will be necessary to allow the reported information to be tagged in accordance with those sustainability reporting standards. These requirements should feed into the work on digitalisation announced by the Commission in its Communication of 19 February 2020 entitled ‘A European strategy for data’ and in its Communication of 24 September 2020 entitled ‘Digital Finance Strategy for the EU’. These requirements would also complement
32022L2464,,,,recital,reportar,high,0,sustainability reporting,sustainability reporting,"To allow for the inclusion of the reported sustainability information in the ESAP, Member States should ensure that undertakings whose securities are not admitted to trading on a regulated market in the Union publish their management report, including sustainability reporting, in the electronic reporting format specified in Article 3 of Delegated Regulation (EU) 2019/815."
32022L2464,,,,recital,reportar,high,0,non-financial (report|statement),non-financial statement,"Article 19a(4) of Directive 2013/34/EU enables Member States to exempt undertakings from including in the management report the non-financial statement required under Article 19a(1) of that Directive. Member States are allowed to do so where the undertaking concerned prepares a separate report that is published together with the management report in accordance with Article 30 of that Directive, or where that report is made publicly available on the undertaking’s website within a reasonable perio"
32022L2464,,,,recital,reportar,high,0,sustainability reporting,sustainability reporting,"Such obligation would also help to clarify the role of national competent authorities in supervising sustainability reporting, as part of the management report prepared in accordance with Directive 2004/109/EC. In addition, undertakings required to report sustainability information should in no case be exempted from the obligation to publish the management report, as it is important to ensure that sustainability information is publicly available."
32022L2464,,,,recital,reportar,high,0,sustainability reporting,sustainability reporting,"Article 20 of Directive 2013/34/EU requires undertakings whose securities are admitted to trading on a regulated market in the Union to include a corporate governance statement in their management report, which has to contain, among other information, a description of the diversity policy applied by the undertaking in relation to its administrative, management and supervisory bodies. Article 20 of Directive 2013/34/EU leaves flexibility to undertakings to decide what aspects of diversity they re"
32022L2464,,,,recital,auditoria,low,0,\bassurance\b,assurance,"Article 20 of Directive 2013/34/EU requires undertakings whose securities are admitted to trading on a regulated market in the Union to include a corporate governance statement in their management report, which has to contain, among other information, a description of the diversity policy applied by the undertaking in relation to its administrative, management and supervisory bodies. Article 20 of Directive 2013/34/EU leaves flexibility to undertakings to decide what aspects of diversity they re"
32022L2464,,,,recital,reportar,high,0,sustainability reporting,sustainability reporting,"Article 33 of Directive 2013/34/EU requires Member States to ensure that the members of the administrative, management and supervisory bodies of an undertaking have collective responsibility for ensuring that the annual financial statements, the consolidated financial statements, the management report, the consolidated management report, the corporate governance statement and the consolidated corporate governance statement are drawn up and published in accordance with the requirements of that Di"
32022L2464,,,,recital,auditoria,high,0,(EU ETS )?(lead )?auditor,auditor,"The assurance profession distinguishes between limited assurance engagements and reasonable assurance engagements. The conclusion of a limited assurance engagement is usually provided in a negative form of expression by stating that no matter has been identified by the practitioner to conclude that the subject matter is materially misstated. In a limited assurance engagement, the auditor performs fewer tests than in a reasonable assurance engagement. The amount of work for a limited assurance en"
32022L2464,,,,recital,reportar,high,0,sustainability reporting,sustainability reporting,"The conclusion of a reasonable assurance engagement is usually provided in a positive form of expression and results in providing an opinion on the measurement of the subject matter against previously defined criteria. Directive 2013/34/EU requires Member States to ensure that the statutory auditor or audit firm checks whether the non-financial statement or the separate report has been provided. It does not require that an independent provider of assurance services verify the information, althou"
32022L2464,,,,recital,auditoria,high,0,statutory auditor,statutory auditor,"The conclusion of a reasonable assurance engagement is usually provided in a positive form of expression and results in providing an opinion on the measurement of the subject matter against previously defined criteria. Directive 2013/34/EU requires Member States to ensure that the statutory auditor or audit firm checks whether the non-financial statement or the separate report has been provided. It does not require that an independent provider of assurance services verify the information, althou"
32022L2464,,,,recital,reportar,high,0,sustainability reporting,sustainability reporting,"Therefore, a progressive approach to enhancing the level of the assurance required for sustainability information should be considered, starting with an obligation on the statutory auditor or audit firm to express an opinion about the compliance of the sustainability reporting with Union requirements based on a limited assurance engagement. That opinion should cover the compliance of the sustainability reporting with Union sustainability reporting standards, the process carried out by the undert"
32022L2464,,,,recital,auditoria,high,0,statutory auditor,statutory auditor,"Therefore, a progressive approach to enhancing the level of the assurance required for sustainability information should be considered, starting with an obligation on the statutory auditor or audit firm to express an opinion about the compliance of the sustainability reporting with Union requirements based on a limited assurance engagement. That opinion should cover the compliance of the sustainability reporting with Union sustainability reporting standards, the process carried out by the undert"
32022L2464,,,,recital,reportar,high,0,sustainability reporting,sustainability reporting,"The gradual approach from limited assurance engagements to reasonable assurance engagements would also allow for the progressive development of the assurance market for sustainability information, and of undertakings’ reporting practices. Finally, such gradual approach would phase in the increase in costs for reporting undertakings, given that assurance of sustainability reporting based on a reasonable assurance engagement is more costly than assurance of sustainability reporting based on a limi"
32022L2464,,,,recital,auditoria,high,0,assurance (engagement|opinion|provider|services),assurance engagement,"The gradual approach from limited assurance engagements to reasonable assurance engagements would also allow for the progressive development of the assurance market for sustainability information, and of undertakings’ reporting practices. Finally, such gradual approach would phase in the increase in costs for reporting undertakings, given that assurance of sustainability reporting based on a reasonable assurance engagement is more costly than assurance of sustainability reporting based on a limi"
32022L2464,,,,recital,reportar,high,0,sustainability reporting,sustainability reporting,"Statutory auditors or audit firms already verify the financial statements and the management report. The assurance of sustainability reporting by the statutory auditors or audit firms would help to ensure the connectivity between, and consistency of, financial and sustainability information, which is particularly important for users of sustainability information. However, there is a risk of further concentration of the audit market, which could risk the independence of auditors and increase audi"
32022L2464,,,,recital,auditoria,high,0,statutory auditor,Statutory auditor,"Statutory auditors or audit firms already verify the financial statements and the management report. The assurance of sustainability reporting by the statutory auditors or audit firms would help to ensure the connectivity between, and consistency of, financial and sustainability information, which is particularly important for users of sustainability information. However, there is a risk of further concentration of the audit market, which could risk the independence of auditors and increase audi"
32022L2464,,,,recital,reportar,high,0,sustainability reporting,sustainability reporting,"Considering the key role of statutory auditors when providing assurance of sustainability reporting and ensuring reliable sustainability information, the Commission has announced that it will act to further enhance audit quality and to create a more open and diversified audit market, which are the conditions for the successful application of this amending Directive. In addition, it is desirable to offer undertakings a broader choice of independent assurance services providers for the assurance o"
32022L2464,,,,recital,certificacao,high,0,independent assurance services provider,independent assurance services provider,"Considering the key role of statutory auditors when providing assurance of sustainability reporting and ensuring reliable sustainability information, the Commission has announced that it will act to further enhance audit quality and to create a more open and diversified audit market, which are the conditions for the successful application of this amending Directive. In addition, it is desirable to offer undertakings a broader choice of independent assurance services providers for the assurance o"
32022L2464,,,,recital,auditoria,high,0,statutory auditor,statutory auditor,"Considering the key role of statutory auditors when providing assurance of sustainability reporting and ensuring reliable sustainability information, the Commission has announced that it will act to further enhance audit quality and to create a more open and diversified audit market, which are the conditions for the successful application of this amending Directive. In addition, it is desirable to offer undertakings a broader choice of independent assurance services providers for the assurance o"
32022L2464,,,,recital,reportar,high,0,sustainability reporting,sustainability reporting,"Member States should set out requirements that ensure the quality of the assurance of sustainability reporting carried out by independent assurance services providers and consistent outcomes in the assurance of sustainability reporting. Therefore, all independent assurance services providers should be subject to requirements that are equivalent to the requirements set out in Directive 2006/43/EC of the European Parliament and of the Council (35) as regards the assurance of sustainability reporti"
32022L2464,,,,recital,certificacao,high,0,independent assurance services provider,independent assurance services provider,"Member States should set out requirements that ensure the quality of the assurance of sustainability reporting carried out by independent assurance services providers and consistent outcomes in the assurance of sustainability reporting. Therefore, all independent assurance services providers should be subject to requirements that are equivalent to the requirements set out in Directive 2006/43/EC of the European Parliament and of the Council (35) as regards the assurance of sustainability reporti"
32022L2464,,,,recital,auditoria,high,0,statutory auditor,statutory auditor,"Member States should set out requirements that ensure the quality of the assurance of sustainability reporting carried out by independent assurance services providers and consistent outcomes in the assurance of sustainability reporting. Therefore, all independent assurance services providers should be subject to requirements that are equivalent to the requirements set out in Directive 2006/43/EC of the European Parliament and of the Council (35) as regards the assurance of sustainability reporti"
32022L2464,,,,recital,reportar,high,0,sustainability reporting,sustainability reporting,"Independent assurance services providers that have already been accredited by a Member State for the assurance of sustainability reporting should continue to be allowed to do so. Likewise, Member States should ensure that independent assurance services providers that, by the date of application of the new requirements on training and examination, are undergoing their accreditation process are not subject to those new accreditation requirements, provided they complete that process within two year"
32022L2464,,,,recital,certificacao,high,0,independent assurance services provider,Independent assurance services provider,"Independent assurance services providers that have already been accredited by a Member State for the assurance of sustainability reporting should continue to be allowed to do so. Likewise, Member States should ensure that independent assurance services providers that, by the date of application of the new requirements on training and examination, are undergoing their accreditation process are not subject to those new accreditation requirements, provided they complete that process within two year"
32022L2464,,,,recital,auditoria,high,0,assurance (engagement|opinion|provider|services),assurance services,"Independent assurance services providers that have already been accredited by a Member State for the assurance of sustainability reporting should continue to be allowed to do so. Likewise, Member States should ensure that independent assurance services providers that, by the date of application of the new requirements on training and examination, are undergoing their accreditation process are not subject to those new accreditation requirements, provided they complete that process within two year"
32022L2464,,,,recital,reportar,high,0,sustainability reporting,sustainability reporting,"In order to foster the free movement of services, Member States should allow independent assurance services providers established in a different Member State to carry out the assurance of sustainability reporting in their territory. This would also favour opening up the assurance market even when not all Member States allow for the accreditation of independent assurance services providers in their territory. Where independent assurance services providers carry out the assurance of sustainability"
32022L2464,,,,recital,certificacao,high,0,independent assurance services provider,independent assurance services provider,"In order to foster the free movement of services, Member States should allow independent assurance services providers established in a different Member State to carry out the assurance of sustainability reporting in their territory. This would also favour opening up the assurance market even when not all Member States allow for the accreditation of independent assurance services providers in their territory. Where independent assurance services providers carry out the assurance of sustainability"
32022L2464,,,,recital,auditoria,high,0,(EU ETS )?(lead )?auditor,auditor,"In order to foster the free movement of services, Member States should allow independent assurance services providers established in a different Member State to carry out the assurance of sustainability reporting in their territory. This would also favour opening up the assurance market even when not all Member States allow for the accreditation of independent assurance services providers in their territory. Where independent assurance services providers carry out the assurance of sustainability"
32022L2464,,,,recital,reportar,high,0,sustainability reporting,sustainability reporting,"Member States should ensure that when an undertaking is required by Union law to have elements of its sustainability reporting verified by an accredited independent third party, the report of the accredited independent third party should be made available either as an annex to the management report or by any other publicly accessible means. Such making available of that report should not pre-empt the outcome of the assurance opinion of which the third-party verification should remain independent"
32022L2464,,,,recital,certificacao,high,0,independent assurance services provider,independent assurance services provider,"Member States should ensure that when an undertaking is required by Union law to have elements of its sustainability reporting verified by an accredited independent third party, the report of the accredited independent third party should be made available either as an annex to the management report or by any other publicly accessible means. Such making available of that report should not pre-empt the outcome of the assurance opinion of which the third-party verification should remain independent"
32022L2464,,,,recital,auditoria,high,0,(EU ETS )?(lead )?auditor,auditor,"Member States should ensure that when an undertaking is required by Union law to have elements of its sustainability reporting verified by an accredited independent third party, the report of the accredited independent third party should be made available either as an annex to the management report or by any other publicly accessible means. Such making available of that report should not pre-empt the outcome of the assurance opinion of which the third-party verification should remain independent"
32022L2464,,,,recital,reportar,high,0,sustainability reporting,sustainability reporting,Directive 2006/43/EC sets out rules concerning the statutory audit of annual and consolidated financial statements. It is necessary to ensure that consistent rules apply to the audit of financial statements and the assurance of sustainability reporting by the statutory auditor. Directive 2006/43/EC should apply where the assurance opinion on sustainability reporting is expressed by a statutory auditor or an audit firm.
32022L2464,,,,recital,auditoria,high,0,statutory auditor,statutory auditor,Directive 2006/43/EC sets out rules concerning the statutory audit of annual and consolidated financial statements. It is necessary to ensure that consistent rules apply to the audit of financial statements and the assurance of sustainability reporting by the statutory auditor. Directive 2006/43/EC should apply where the assurance opinion on sustainability reporting is expressed by a statutory auditor or an audit firm.
32022L2464,,,,recital,reportar,high,0,sustainability reporting,sustainability reporting,The rules on the approval and recognition of statutory auditors and audit firms should allow statutory auditors to qualify also for the assurance of sustainability reporting. Member States should ensure that statutory auditors who wish to qualify for the assurance of sustainability reporting have the necessary level of theoretical knowledge of subjects relevant to the assurance of sustainability reporting and the ability to apply such knowledge in practice.
32022L2464,,,,recital,auditoria,high,0,statutory auditor,statutory auditor,The rules on the approval and recognition of statutory auditors and audit firms should allow statutory auditors to qualify also for the assurance of sustainability reporting. Member States should ensure that statutory auditors who wish to qualify for the assurance of sustainability reporting have the necessary level of theoretical knowledge of subjects relevant to the assurance of sustainability reporting and the ability to apply such knowledge in practice.
32022L2464,,,,recital,reportar,high,0,sustainability reporting,sustainability reporting,"Therefore, statutory auditors should complete practical training of at least eight months in the assurance of annual and consolidated sustainability reporting or in other sustainability-related services, taking account of previous employment experience. However, statutory auditors that have already been approved or recognised in a Member State should continue to be allowed to carry out the assurance of sustainability reporting. Likewise, Member States should ensure that natural persons who are u"
32022L2464,,,,recital,auditoria,high,0,statutory auditor,statutory auditor,"Therefore, statutory auditors should complete practical training of at least eight months in the assurance of annual and consolidated sustainability reporting or in other sustainability-related services, taking account of previous employment experience. However, statutory auditors that have already been approved or recognised in a Member State should continue to be allowed to carry out the assurance of sustainability reporting. Likewise, Member States should ensure that natural persons who are u"
32022L2464,,,,recital,reportar,high,0,sustainability reporting,sustainability reporting,"It should be ensured that the requirements imposed on auditors as regards the statutory audit and the assurance of sustainability reporting they carry out are consistent. Therefore, there should be at least one designated person who is actively involved in carrying out the assurance of sustainability reporting (‘key sustainability partner’). When carrying out the assurance of sustainability reporting, statutory auditors should be required to devote sufficient time and assign sufficient resources"
32022L2464,,,,recital,auditoria,high,0,statutory auditor,statutory auditor,"It should be ensured that the requirements imposed on auditors as regards the statutory audit and the assurance of sustainability reporting they carry out are consistent. Therefore, there should be at least one designated person who is actively involved in carrying out the assurance of sustainability reporting (‘key sustainability partner’). When carrying out the assurance of sustainability reporting, statutory auditors should be required to devote sufficient time and assign sufficient resources"
32022L2464,,,,recital,reportar,high,0,sustainability reporting,sustainability reporting,Statutory auditors or audit firms that carry out the assurance of sustainability reporting should have a high level of technical and specialised expertise in the field of sustainability.
32022L2464,,,,recital,auditoria,high,0,statutory auditor,Statutory auditor,Statutory auditors or audit firms that carry out the assurance of sustainability reporting should have a high level of technical and specialised expertise in the field of sustainability.
32022L2464,,,,recital,reportar,high,0,sustainability reporting,sustainability reporting,"Directive 2006/43/EC requires Member States to put appropriate rules in place to avoid the fees on the statutory audit being influenced or determined by the provision of additional services to the audited entity or being based on any form of contingency. That Directive also requires Member States to ensure that statutory auditors carrying out statutory audits comply with the rules on professional ethics, independence, objectivity, confidentiality and professional secrecy. For reasons of coherenc"
32022L2464,,,,recital,auditoria,high,0,statutory auditor,statutory auditor,"Directive 2006/43/EC requires Member States to put appropriate rules in place to avoid the fees on the statutory audit being influenced or determined by the provision of additional services to the audited entity or being based on any form of contingency. That Directive also requires Member States to ensure that statutory auditors carrying out statutory audits comply with the rules on professional ethics, independence, objectivity, confidentiality and professional secrecy. For reasons of coherenc"
32022L2464,,,,recital,reportar,high,0,sustainability reporting,sustainability reporting,"In order to provide for uniform assurance practices and high-quality assurance of sustainability reporting across the Union, the Commission should be empowered to adopt sustainability assurance standards by means of delegated acts. Member States should be given the possibility of applying national assurance standards, procedures or requirements, as long as the Commission has not adopted an assurance standard by means of delegated acts covering the same subject matter. Such assurance standards sh"
32022L2464,,,,recital,auditoria,high,0,(EU ETS )?(lead )?auditor,auditor,"In order to provide for uniform assurance practices and high-quality assurance of sustainability reporting across the Union, the Commission should be empowered to adopt sustainability assurance standards by means of delegated acts. Member States should be given the possibility of applying national assurance standards, procedures or requirements, as long as the Commission has not adopted an assurance standard by means of delegated acts covering the same subject matter. Such assurance standards sh"
32022L2464,,,,recital,reportar,high,0,sustainability reporting,sustainability reporting,Directive 2006/43/EC sets out rules on the statutory audit of a group of undertakings. Similar rules should be set out for the assurance of consolidated sustainability reporting.
32022L2464,,,,recital,auditoria,low,0,\baudit\w*,audit,Directive 2006/43/EC sets out rules on the statutory audit of a group of undertakings. Similar rules should be set out for the assurance of consolidated sustainability reporting.
32022L2464,,,,recital,reportar,high,0,sustainability reporting,sustainability reporting,"Directive 2006/43/EC requires statutory auditors or audit firms to present the results of their statutory audit in an audit report. Similar rules should be set out for the assurance of sustainability reporting. The results of the assurance of sustainability reporting should be presented in an assurance report. Where the same statutory auditor carries out the statutory audit of annual financial statements and the assurance of sustainability reporting, it should be possible to present the informat"
32022L2464,,,,recital,auditoria,high,0,statutory auditor,statutory auditor,"Directive 2006/43/EC requires statutory auditors or audit firms to present the results of their statutory audit in an audit report. Similar rules should be set out for the assurance of sustainability reporting. The results of the assurance of sustainability reporting should be presented in an assurance report. Where the same statutory auditor carries out the statutory audit of annual financial statements and the assurance of sustainability reporting, it should be possible to present the informat"
32022L2464,,,,recital,reportar,high,0,sustainability reporting,sustainability reporting,"Directive 2006/43/EC requires Member States to set up a system of quality assurance review of statutory auditors and audit firms. To ensure that quality assurance reviews also take place for the assurance of sustainability reporting and that the persons who carry out quality assurance reviews have appropriate professional education and relevant experience in sustainability reporting and in the assurance of sustainability reporting, that requirement to set up a system of quality assurance review "
32022L2464,,,,recital,auditoria,high,0,statutory auditor,statutory auditor,"Directive 2006/43/EC requires Member States to set up a system of quality assurance review of statutory auditors and audit firms. To ensure that quality assurance reviews also take place for the assurance of sustainability reporting and that the persons who carry out quality assurance reviews have appropriate professional education and relevant experience in sustainability reporting and in the assurance of sustainability reporting, that requirement to set up a system of quality assurance review "
32022L2464,,,,recital,reportar,high,0,sustainability reporting,sustainability reporting,"Directive 2006/43/EC requires Member States to have in place an investigations and sanctions regime for statutory auditors and audit firms carrying out statutory audits. That Directive also requires Member States to organise an effective system of public oversight, and to ensure that regulatory arrangements for public oversight systems permit effective cooperation at Union level in respect of Member States’ oversight activities. Such requirements should be extended to statutory auditors and audi"
32022L2464,,,,recital,auditoria,high,0,statutory auditor,statutory auditor,"Directive 2006/43/EC requires Member States to have in place an investigations and sanctions regime for statutory auditors and audit firms carrying out statutory audits. That Directive also requires Member States to organise an effective system of public oversight, and to ensure that regulatory arrangements for public oversight systems permit effective cooperation at Union level in respect of Member States’ oversight activities. Such requirements should be extended to statutory auditors and audi"
32022L2464,,,,recital,reportar,high,0,sustainability reporting,sustainability reporting,Directive 2006/43/EC contains rules on the appointment and dismissal of statutory auditors and audit firms carrying out statutory audits. Those rules should be extended to the assurance of sustainability reporting to ensure the consistency of the rules imposed on auditors as regards their work on the statutory audit and the assurance of sustainability reporting.
32022L2464,,,,recital,auditoria,high,0,statutory auditor,statutory auditor,Directive 2006/43/EC contains rules on the appointment and dismissal of statutory auditors and audit firms carrying out statutory audits. Those rules should be extended to the assurance of sustainability reporting to ensure the consistency of the rules imposed on auditors as regards their work on the statutory audit and the assurance of sustainability reporting.
32022L2464,,,,recital,reportar,high,0,sustainability reporting,sustainability reporting,"Pursuant to Article 6 of Directive 2007/36/EC of the European Parliament and of the Council (36), Member States are required to ensure that shareholders of undertakings whose securities are admitted to trading on a regulated market in the Union, acting individually or collectively, have the right to put items on the agenda of the general meeting, provided that each such item is accompanied by a justification or a draft resolution to be adopted in the general meeting, and that they have the right"
32022L2464,,,,recital,certificacao,low,0,\baccredited\b,accredited,"Pursuant to Article 6 of Directive 2007/36/EC of the European Parliament and of the Council (36), Member States are required to ensure that shareholders of undertakings whose securities are admitted to trading on a regulated market in the Union, acting individually or collectively, have the right to put items on the agenda of the general meeting, provided that each such item is accompanied by a justification or a draft resolution to be adopted in the general meeting, and that they have the right"
32022L2464,,,,recital,auditoria,high,0,statutory auditor,statutory auditor,"Pursuant to Article 6 of Directive 2007/36/EC of the European Parliament and of the Council (36), Member States are required to ensure that shareholders of undertakings whose securities are admitted to trading on a regulated market in the Union, acting individually or collectively, have the right to put items on the agenda of the general meeting, provided that each such item is accompanied by a justification or a draft resolution to be adopted in the general meeting, and that they have the right"
32022L2464,,,,recital,reportar,high,0,sustainability reporting,sustainability reporting,"For undertakings subject to the sustainability reporting requirements introduced by this amending Directive and that do not fall within the scope of Article 6 of Directive 2007/36/EC, shareholders which represent more than 5 % of the voting rights or 5 % of the capital of the undertaking, acting individually or collectively, should also be given the right to table a draft resolution to be adopted in the general meeting, requiring that, firstly, an accredited third party that does not belong to t"
32022L2464,,,,recital,certificacao,low,0,\baccredited\b,accredited,"For undertakings subject to the sustainability reporting requirements introduced by this amending Directive and that do not fall within the scope of Article 6 of Directive 2007/36/EC, shareholders which represent more than 5 % of the voting rights or 5 % of the capital of the undertaking, acting individually or collectively, should also be given the right to table a draft resolution to be adopted in the general meeting, requiring that, firstly, an accredited third party that does not belong to t"
32022L2464,,,,recital,auditoria,high,0,statutory auditor,statutory auditor,"For undertakings subject to the sustainability reporting requirements introduced by this amending Directive and that do not fall within the scope of Article 6 of Directive 2007/36/EC, shareholders which represent more than 5 % of the voting rights or 5 % of the capital of the undertaking, acting individually or collectively, should also be given the right to table a draft resolution to be adopted in the general meeting, requiring that, firstly, an accredited third party that does not belong to t"
32022L2464,,,,recital,reportar,high,0,sustainability reporting,sustainability reporting,"Directive 2006/43/EC requires Member States to ensure that each public-interest entity has an audit committee, and specifies its tasks with regard to the statutory audit. That audit committee should be assigned with certain tasks with regard to the assurance of sustainability reporting. Those tasks should include the obligation to inform the administrative or supervisory body of the public-interest entity of the outcome of the assurance of sustainability reporting, and to explain how the audit c"
32022L2464,,,,recital,auditoria,low,0,\baudit\w*,audit,"Directive 2006/43/EC requires Member States to ensure that each public-interest entity has an audit committee, and specifies its tasks with regard to the statutory audit. That audit committee should be assigned with certain tasks with regard to the assurance of sustainability reporting. Those tasks should include the obligation to inform the administrative or supervisory body of the public-interest entity of the outcome of the assurance of sustainability reporting, and to explain how the audit c"
32022L2464,,,,recital,reportar,high,0,sustainability reporting,sustainability reporting,"Directive 2006/43/EC contains requirements for registration and oversight of third-country auditors and audit entities. To ensure that a consistent framework exists for the work of auditors in both the statutory audit and the assurance of sustainability reporting, it is necessary to extend those requirements to the assurance of sustainability reporting."
32022L2464,,,,recital,auditoria,high,0,(EU ETS )?(lead )?auditor,auditor,"Directive 2006/43/EC contains requirements for registration and oversight of third-country auditors and audit entities. To ensure that a consistent framework exists for the work of auditors in both the statutory audit and the assurance of sustainability reporting, it is necessary to extend those requirements to the assurance of sustainability reporting."
32022L2464,,,,recital,reportar,high,0,sustainability reporting,sustainability reporting,"Regulation (EU) No 537/2014 of the European Parliament and of the Council (37) applies to statutory auditors and audit firms carrying out statutory audits of public-interest entities. To ensure the independence of the statutory auditor when carrying out a statutory audit, that Regulation establishes a limit concerning the fees for other services that the statutory auditor can obtain. It is important to clarify that the assurance of sustainability reporting should not count in the calculation of "
32022L2464,,,,recital,auditoria,high,0,statutory auditor,statutory auditor,"Regulation (EU) No 537/2014 of the European Parliament and of the Council (37) applies to statutory auditors and audit firms carrying out statutory audits of public-interest entities. To ensure the independence of the statutory auditor when carrying out a statutory audit, that Regulation establishes a limit concerning the fees for other services that the statutory auditor can obtain. It is important to clarify that the assurance of sustainability reporting should not count in the calculation of "
32022L2464,,,,recital,reportar,high,0,sustainability reporting,sustainability reporting,"To ensure the independence of the statutory auditor, certain non-audit services should also be prohibited when the statutory auditor is carrying out the assurance of sustainability reporting. Regulation (EU) No 537/2014 requires statutory auditors to report irregularities to the audited entity and, under certain circumstances, to authorities designated by the Member States as responsible for investigating such irregularities. Such obligation should also be extended, as appropriate, to statutory "
32022L2464,,,,recital,auditoria,high,0,statutory auditor,statutory auditor,"To ensure the independence of the statutory auditor, certain non-audit services should also be prohibited when the statutory auditor is carrying out the assurance of sustainability reporting. Regulation (EU) No 537/2014 requires statutory auditors to report irregularities to the audited entity and, under certain circumstances, to authorities designated by the Member States as responsible for investigating such irregularities. Such obligation should also be extended, as appropriate, to statutory "
32022L2464,,,,recital,reportar,high,0,sustainability reporting,sustainability reporting,"Directive 2004/109/EC assigns to national supervisors the task of enforcing compliance with corporate reporting requirements by undertakings whose securities are admitted to trading on a regulated market in the Union. Article 4 of that Directive specifies the content to be included in the annual financial reports, but lacks an explicit reference to Articles 19a and 29a of Directive 2013/34/EU, which require the preparation of a non-financial statement and a consolidated non-financial statement. "
32022L2464,,,,recital,reportar,high,0,sustainability reporting,sustainability reporting,"In addition, given the novel character of the sustainability reporting requirements, ESMA should issue guidelines for national competent authorities to promote convergent supervision of sustainability reporting by issuers subject to Directive 2004/109/EC. Those guidelines should only apply to the supervision of undertakings whose securities are admitted to trading on a regulated market in the Union."
32022L2464,,,,recital,reportar,high,0,sustainability reporting,sustainability reporting,"In order to specify the requirements set out in this amending Directive, the power to adopt acts in accordance with Article 290 of the Treaty on the Functioning of the European Union should be delegated to the Commission in respect of establishing sustainability reporting standards and establishing standards for the assurance of sustainability reporting. It is of particular importance that the Commission carry out appropriate consultations during its preparatory work, including at expert level, "
32022L2464,,,,recital,auditoria,low,0,\bassurance\b,assurance,"In order to specify the requirements set out in this amending Directive, the power to adopt acts in accordance with Article 290 of the Treaty on the Functioning of the European Union should be delegated to the Commission in respect of establishing sustainability reporting standards and establishing standards for the assurance of sustainability reporting. It is of particular importance that the Commission carry out appropriate consultations during its preparatory work, including at expert level, "
32022L2464,,,,recital,reportar,high,0,sustainability reporting,sustainability reporting,"The Commission should submit a report to the European Parliament and to the Council on the implementation of this amending Directive, including, inter alia: an assessment of the achievement of the goals of this amending Directive, including the convergence of reporting practices between Member States; an assessment of the number of small and medium-sized undertakings using sustainability reporting standards voluntarily; an assessment of whether and how the scope of the reporting requirements sho"
32022L2464,,,,recital,reportar,high,0,sustainability reporting,sustainability reporting,"The report on the implementation of this amending Directive should be published by 30 April 2029 and every three years thereafter, and should be accompanied, if appropriate, by legislative proposals. By 31 December 2028, the Commission should review and report on the level of concentration of the sustainability assurance market. The review should take into account the national regimes applicable to independent assurance services providers and assess whether and to what extent such national regim"
32022L2464,,,,recital,certificacao,high,0,independent assurance services provider,independent assurance services provider,"The report on the implementation of this amending Directive should be published by 30 April 2029 and every three years thereafter, and should be accompanied, if appropriate, by legislative proposals. By 31 December 2028, the Commission should review and report on the level of concentration of the sustainability assurance market. The review should take into account the national regimes applicable to independent assurance services providers and assess whether and to what extent such national regim"
32022L2464,,,,recital,auditoria,high,0,assurance (engagement|opinion|provider|services),assurance services,"The report on the implementation of this amending Directive should be published by 30 April 2029 and every three years thereafter, and should be accompanied, if appropriate, by legislative proposals. By 31 December 2028, the Commission should review and report on the level of concentration of the sustainability assurance market. The review should take into account the national regimes applicable to independent assurance services providers and assess whether and to what extent such national regim"
32022L2464,Amendments to Directive 2013/34/EU,Article 1,,article,reportar,high,0,sustainability reporting,sustainability reporting,"“sustainability reporting” means reporting information related to sustainability matters in accordance with Articles 19a, 29a and 29d;"
32022L2464,Amendments to Directive 2013/34/EU,Article 1,,article,certificacao,high,0,conformity assessment (body|bodies),conformity assessment body,“independent assurance services provider” means a conformity assessment body accredited in accordance with Regulation (EC) No 765/2008 of the European Parliament and of the Council (*7) for the specific conformity assessment activity referred to in point (aa) of the second subparagraph of Article 34(1) of this Directive.
32022L2464,Amendments to Directive 2013/34/EU,Article 1,,article,auditoria,high,0,assurance (engagement|opinion|provider|services),assurance services,“independent assurance services provider” means a conformity assessment body accredited in accordance with Regulation (EC) No 765/2008 of the European Parliament and of the Council (*7) for the specific conformity assessment activity referred to in point (aa) of the second subparagraph of Article 34(1) of this Directive.
32022L2464,Amendments to Directive 2013/34/EU,Article 1,,article,reportar,low,0,\bshall report\b,shall report,"‘Large undertakings, and small and medium-sized undertakings, except micro undertakings, which are public-interest entities as defined in point (a) of point (1) of Article 2 shall report information on the key intangible resources and explain how the business model of the undertaking fundamentally depends on such resources and how such resources are a source of value creation for the undertaking.’;"
32022L2464,Amendments to Directive 2013/34/EU,‘Article 19a,,article,reportar,high,0,sustainability reporting,Sustainability reporting,Sustainability reporting
32022L2464,Amendments to Directive 2013/34/EU,‘Article 19a,,article,reportar,high,0,management report,management report,"1. Large undertakings, and small and medium-sized undertakings, except micro undertakings, which are public-interest entities as defined in point (a) of point (1) of Article 2 shall include in the management report information necessary to understand the undertaking’s impacts on sustainability matters, and information necessary to understand how sustainability matters affect the undertaking’s development, performance and position."
32022L2464,Amendments to Directive 2013/34/EU,‘Article 19a,,article,reportar,high,0,management report,management report,"The information referred to in the first subparagraph shall be clearly identifiable within the management report, through a dedicated section of the management report."
32022L2464,Amendments to Directive 2013/34/EU,‘Article 19a,,article,reportar,high,0,management report,management report,"Undertakings shall report the process carried out to identify the information that they have included in the management report in accordance with paragraph 1 of this Article. The information listed in the first subparagraph of this paragraph shall include information related to short-, medium- and long-term time horizons, as applicable."
32022L2464,Amendments to Directive 2013/34/EU,‘Article 19a,,article,reportar,high,0,management report,management report,"Where applicable, the information referred to in paragraphs 1 and 2 shall also contain references to, and additional explanations of, the other information included in the management report in accordance with Article 19, and the amounts reported in the annual financial statements."
32022L2464,Amendments to Directive 2013/34/EU,‘Article 19a,,article,reportar,high,0,sustainability reporting,sustainability reporting,4. Undertakings shall report the information referred to in paragraphs 1 to 3 of this Article in accordance with the sustainability reporting standards adopted pursuant to Article 29b.
32022L2464,Amendments to Directive 2013/34/EU,‘Article 19a,,article,reportar,high,0,sustainability reporting,sustainability reporting,"6. By way of derogation from paragraphs 2 to 4 of this Article, and without prejudice to paragraphs 9 and 10 of this Article, small and medium-sized undertakings referred to in paragraph 1 of this Article, small and non-complex institutions defined in point (145) of Article 4(1) of Regulation (EU) No 575/2013, captive insurance undertakings defined in point (2) of Article 13 of Directive 2009/138/EC of the European Parliament and of the Council (*10) and captive reinsurance undertakings defined "
32022L2464,Amendments to Directive 2013/34/EU,‘Article 19a,,article,reportar,high,0,sustainability reporting,sustainability reporting,"Small and medium-sized undertakings, small and non-complex institutions and captive insurance and reinsurance undertakings that rely on the derogation referred to in the first subparagraph shall report in accordance with the sustainability reporting standards for small and medium-sized undertakings referred to in Article 29c."
32022L2464,Amendments to Directive 2013/34/EU,‘Article 19a,,article,reportar,high,0,sustainability reporting,sustainability reporting,"7. For financial years starting before 1 January 2028, by way of derogation from paragraph 1 of this Article, small and medium-sized undertakings which are public-interest entities as defined in point (a) of point (1) of Article 2 may decide not to include in their management report the information referred to in paragraph 1 of this Article. In such cases, the undertaking shall, nevertheless, briefly state in its management report why the sustainability reporting was not provided."
32022L2464,Amendments to Directive 2013/34/EU,‘Article 19a,,article,reportar,high,0,sustainability reporting,sustainability reporting,"9. Provided that the conditions set out in the second subparagraph of this paragraph are met, an undertaking which is a subsidiary undertaking shall be exempted from the obligations set out in paragraphs 1 to 4 of this Article (“the exempted subsidiary undertaking”) if such undertaking and its subsidiary undertakings are included in the consolidated management report of a parent undertaking, drawn up in accordance with Articles 29 and 29a. An undertaking which is a subsidiary undertaking of a pa"
32022L2464,Amendments to Directive 2013/34/EU,‘Article 19a,,article,reportar,high,0,management report,management report,the management report of the exempted subsidiary undertaking contains all of the following information:
32022L2464,Amendments to Directive 2013/34/EU,‘Article 19a,,article,reportar,high,0,sustainability reporting,sustainability reporting,"the name and registered office of the parent undertaking that reports information at group level in accordance with this Article or in a manner equivalent to the sustainability reporting standards adopted pursuant to Article 29b of this Directive, as determined in accordance with an implementing act on the equivalence of sustainability reporting standards adopted pursuant to the third subparagraph of Article 23(4) of Directive 2004/109/EC;"
32022L2464,Amendments to Directive 2013/34/EU,‘Article 19a,,article,reportar,high,0,sustainability reporting,sustainability reporting,"the weblinks to the consolidated management report of the parent undertaking or, where applicable, to the consolidated sustainability reporting of the parent undertaking, as referred to in the first subparagraph of this paragraph, and to the assurance opinion referred to in point (aa) of the second subparagraph of Article 34(1) of this Directive or to the assurance opinion referred to in point (b) of this subparagraph;"
32022L2464,Amendments to Directive 2013/34/EU,‘Article 19a,,article,auditoria,high,0,assurance (engagement|opinion|provider|services),assurance opinion,"the weblinks to the consolidated management report of the parent undertaking or, where applicable, to the consolidated sustainability reporting of the parent undertaking, as referred to in the first subparagraph of this paragraph, and to the assurance opinion referred to in point (aa) of the second subparagraph of Article 34(1) of this Directive or to the assurance opinion referred to in point (b) of this subparagraph;"
32022L2464,Amendments to Directive 2013/34/EU,‘Article 19a,,article,reportar,high,0,sustainability reporting,sustainability reporting,"if the parent undertaking is established in a third country, its consolidated sustainability reporting and the assurance opinion on the consolidated sustainability reporting, expressed by one or more person(s) or firm(s) authorised to give an opinion on the assurance of sustainability reporting under the law governing that parent undertaking, are published in accordance with Article 30 of this Directive, and in accordance with the law of the Member State by which the exempted subsidiary undertak"
32022L2464,Amendments to Directive 2013/34/EU,‘Article 19a,,article,auditoria,high,0,assurance (engagement|opinion|provider|services),assurance opinion,"if the parent undertaking is established in a third country, its consolidated sustainability reporting and the assurance opinion on the consolidated sustainability reporting, expressed by one or more person(s) or firm(s) authorised to give an opinion on the assurance of sustainability reporting under the law governing that parent undertaking, are published in accordance with Article 30 of this Directive, and in accordance with the law of the Member State by which the exempted subsidiary undertak"
32022L2464,Amendments to Directive 2013/34/EU,‘Article 19a,,article,reportar,high,0,sustainability reporting,sustainability reporting,"if the parent undertaking is established in a third country, the disclosures laid down in Article 8 of Regulation (EU) 2020/852 of the European Parliament and of the Council (*12), covering the activities carried out by the exempted subsidiary undertaking established in the Union and its subsidiary undertakings, are included in the management report of the exempted subsidiary undertaking, or in the consolidated sustainability reporting carried out by the parent undertaking established in a third"
32022L2464,Amendments to Directive 2013/34/EU,‘Article 19a,,article,reportar,high,0,sustainability report\b,sustainability report,"The Member State by whose national law the exempted subsidiary undertaking is governed may require that the consolidated management report or, where applicable, the consolidated sustainability report, of the parent undertaking is published in a language that that Member State accepts, and that any necessary translation into such language is provided. Any translation that has not been certified shall include a statement to that effect."
32022L2464,Amendments to Directive 2013/34/EU,‘Article 19a,,article,reportar,high,0,management report,management report,"Undertakings which are exempted from preparing a management report in accordance with Article 37 shall not be obliged to provide the information referred to in points (a)(i) to (iii) of the second subparagraph of this paragraph, provided that such undertakings publish the consolidated management report in accordance with Article 37."
32022L2464,Amendments to Directive 2013/34/EU,‘Article 19a,,article,reportar,high,0,sustainability reporting,sustainability reporting,‘Undertakings subject to Article 19a shall be deemed to have complied with the obligation laid down in point (g) of the first subparagraph of this paragraph where they include the information required under that point as part of their sustainability reporting and a reference thereto is included in the corporate governance statement.’;
32022L2464,Amendments to Directive 2013/34/EU,‘Article 19a,,article,reportar,high,0,management report,management report,"the consolidated financial statements referred to in point (a) and the consolidated management report of the larger body of undertakings are drawn up by the parent undertaking of that body, in accordance with the law of the Member State by which that parent undertaking is governed, in accordance with this Directive, with the exception of the requirements laid down in Article 29a, or in accordance with international accounting standards adopted in accordance with Regulation (EC) No 1606/2002;’;"
32022L2464,Amendments to Directive 2013/34/EU,‘Article 19a,,article,reportar,high,0,management report,management report,"in a manner equivalent to consolidated financial statements and consolidated management reports drawn up in accordance with this Directive, with the exception of the requirements laid down in Article 29a, or’;"
32022L2464,Amendments to Directive 2013/34/EU,‘Article 29a,,article,reportar,high,0,sustainability reporting,sustainability reporting,Consolidated sustainability reporting
32022L2464,Amendments to Directive 2013/34/EU,‘Article 29a,,article,reportar,high,0,management report,management report,"1. Parent undertakings of a large group as referred to in Article 3(7) shall include in the consolidated management report information necessary to understand the group’s impacts on sustainability matters, and information necessary to understand how sustainability matters affect the group’s development, performance and position."
32022L2464,Amendments to Directive 2013/34/EU,‘Article 29a,,article,reportar,high,0,management report,management report,"The information referred to in the first subparagraph shall be clearly identifiable within the consolidated management report, through a dedicated section of the consolidated management report."
32022L2464,Amendments to Directive 2013/34/EU,‘Article 29a,,article,reportar,high,0,management report,management report,"Parent undertakings shall report the process carried out to identify the information that they have included in the consolidated management report in accordance with paragraph 1 of this Article. The information listed in the first subparagraph of this paragraph shall include information related to short-, medium- and long-term time horizons, as applicable."
32022L2464,Amendments to Directive 2013/34/EU,‘Article 29a,,article,reportar,high,0,management report,management report,"Where applicable, the information referred to in paragraphs 1 and 2 shall also include references to, and additional explanations of, the other information included in the consolidated management report in accordance with Article 29 of this Directive and the amounts reported in the consolidated financial statements."
32022L2464,Amendments to Directive 2013/34/EU,‘Article 29a,,article,reportar,high,0,sustainability reporting,sustainability reporting,Undertakings shall indicate which subsidiary undertakings included in the consolidation are exempted from annual or consolidated sustainability reporting pursuant to Articles 19a(9) or 29a(8) respectively.
32022L2464,Amendments to Directive 2013/34/EU,‘Article 29a,,article,reportar,high,0,sustainability reporting,sustainability reporting,5. Parent undertakings shall report the information referred to in paragraphs 1 to 3 of this Article in accordance with the sustainability reporting standards adopted pursuant to Article 29b.
32022L2464,Amendments to Directive 2013/34/EU,‘Article 29a,,article,reportar,high,0,sustainability reporting,sustainability reporting,"8. Provided that the conditions set out in the second subparagraph of this paragraph are met, a parent undertaking which is a subsidiary undertaking shall be exempted from the obligations set out in paragraphs 1 to 5 of this Article (the “exempted parent undertaking”) if such parent undertaking and its subsidiary undertakings are included in the consolidated management report of another undertaking, drawn up in accordance with Article 29 and this Article. A parent undertaking which is a subsidia"
32022L2464,Amendments to Directive 2013/34/EU,‘Article 29a,,article,reportar,high,0,management report,management report,the management report of the exempted parent undertaking contains all of the following information:
32022L2464,Amendments to Directive 2013/34/EU,‘Article 29a,,article,reportar,high,0,sustainability reporting,sustainability reporting,"the name and registered office of the parent undertaking that reports information at group level in accordance with this Article, or in a manner equivalent to the sustainability reporting standards adopted pursuant to Article 29b of this Directive, as determined in accordance with an implementing act on the equivalence of sustainability reporting standards adopted pursuant to the third subparagraph of Article 23(4) of Directive 2004/109/EC;"
32022L2464,Amendments to Directive 2013/34/EU,‘Article 29a,,article,reportar,high,0,sustainability reporting,sustainability reporting,"the weblinks to the consolidated management report of the parent undertaking or, where applicable, to the consolidated sustainability reporting of the parent undertaking, as referred to in the first subparagraph of this paragraph, and to the assurance opinion referred to in point (aa) of the second subparagraph of Article 34(1) of this Directive or to the assurance opinion referred to in point (b) of this subparagraph;"
32022L2464,Amendments to Directive 2013/34/EU,‘Article 29a,,article,auditoria,high,0,assurance (engagement|opinion|provider|services),assurance opinion,"the weblinks to the consolidated management report of the parent undertaking or, where applicable, to the consolidated sustainability reporting of the parent undertaking, as referred to in the first subparagraph of this paragraph, and to the assurance opinion referred to in point (aa) of the second subparagraph of Article 34(1) of this Directive or to the assurance opinion referred to in point (b) of this subparagraph;"
32022L2464,Amendments to Directive 2013/34/EU,‘Article 29a,,article,reportar,high,0,sustainability reporting,sustainability reporting,"if the parent undertaking is established in a third country, its consolidated sustainability reporting and the assurance opinion, expressed by one or more person(s) or firm(s) authorised to give an opinion on the assurance of sustainability reporting under the national law governing the parent undertaking, are published in accordance with Article 30, and in accordance with the law of the Member State by which the exempted parent undertaking is governed;"
32022L2464,Amendments to Directive 2013/34/EU,‘Article 29a,,article,auditoria,high,0,assurance (engagement|opinion|provider|services),assurance opinion,"if the parent undertaking is established in a third country, its consolidated sustainability reporting and the assurance opinion, expressed by one or more person(s) or firm(s) authorised to give an opinion on the assurance of sustainability reporting under the national law governing the parent undertaking, are published in accordance with Article 30, and in accordance with the law of the Member State by which the exempted parent undertaking is governed;"
32022L2464,Amendments to Directive 2013/34/EU,‘Article 29a,,article,reportar,high,0,sustainability reporting,sustainability reporting,"if the parent undertaking is established in a third country, the disclosures laid down in Article 8 of Regulation (EU) 2020/852, covering the activities carried out by the subsidiary undertaking established in the Union and exempted from sustainability reporting on the basis of Article 19a(9) of this Directive, shall be included in the management report of the exempted parent undertaking, or in the consolidated sustainability reporting carried out by the parent undertaking established in a third"
32022L2464,Amendments to Directive 2013/34/EU,‘Article 29a,,article,reportar,high,0,sustainability report\b,sustainability report,"The Member State by whose national law the exempted parent undertaking is governed may require that the consolidated management report or, where applicable, the consolidated sustainability report of the parent undertaking is published in a language that that Member State accepts, and that any necessary translation into such language is provided. Any translation that has not been certified shall include a statement to that effect."
32022L2464,Amendments to Directive 2013/34/EU,‘Article 29a,,article,reportar,high,0,management report,management report,"Parent undertakings which are exempted from preparing a management report pursuant to Article 37 shall not be obliged to provide the information referred to in points (a)(i) to (a)(iii) of the second subparagraph of this paragraph, provided that such undertakings publish the consolidated management report in accordance with Article 37."
32022L2464,Amendments to Directive 2013/34/EU,Article 29b,SUSTAINABILITY REPORTING STANDARDS,article,reportar,high,0,sustainability reporting,Sustainability reporting,Sustainability reporting standards
32022L2464,Amendments to Directive 2013/34/EU,Article 29b,SUSTAINABILITY REPORTING STANDARDS,article,reportar,high,0,sustainability reporting,sustainability reporting,"1. The Commission shall adopt delegated acts in accordance with Article 49 supplementing this Directive to provide for sustainability reporting standards. Those sustainability reporting standards shall specify the information that undertakings are to report in accordance with Articles 19a and 29a and, where relevant, shall specify the structure to be used to present that information."
32022L2464,Amendments to Directive 2013/34/EU,Article 29b,SUSTAINABILITY REPORTING STANDARDS,article,reportar,low,0,\breport\b,report,"In the delegated acts referred to in the first subparagraph of this paragraph the Commission shall, by 30 June 2023, specify the information that undertakings are to report in accordance with Article 19a(1) and (2), and Article 29a(1) and (2) where appropriate, which shall at least include the information that financial market participants subject to the disclosure obligations of Regulation (EU) 2019/2088 need in order to comply with those obligations."
32022L2464,Amendments to Directive 2013/34/EU,Article 29b,SUSTAINABILITY REPORTING STANDARDS,article,reportar,low,0,\breport\b,report,"complementary information that undertakings are to report with regard to the sustainability matters and reporting areas listed in Article 19a(2), where necessary;"
32022L2464,Amendments to Directive 2013/34/EU,Article 29b,SUSTAINABILITY REPORTING STANDARDS,article,reportar,low,0,\breport\b,report,information that undertakings are to report that is specific to the sector in which they operate.
32022L2464,Amendments to Directive 2013/34/EU,Article 29b,SUSTAINABILITY REPORTING STANDARDS,article,reportar,high,0,reporting (obligation|requirement)s?,reporting requirements,The reporting requirements laid down in the delegated acts referred to in the first subparagraph shall not enter into force earlier than four months after their adoption by the Commission.
32022L2464,Amendments to Directive 2013/34/EU,Article 29b,SUSTAINABILITY REPORTING STANDARDS,article,reportar,high,0,sustainability reporting,sustainability reporting,"The Commission shall, at least once a year, consult the European Parliament, and consult jointly the Member State Expert Group on Sustainable Finance, referred to in Article 24 of Regulation (EU) 2020/852, and the Accounting Regulatory Committee, referred to in Article 6 of Regulation (EC) No 1606/2002, on EFRAG’s work programme as regards the development of sustainability reporting standards."
32022L2464,Amendments to Directive 2013/34/EU,Article 29b,SUSTAINABILITY REPORTING STANDARDS,article,reportar,high,0,sustainability reporting,sustainability reporting,"2. The sustainability reporting standards shall ensure the quality of reported information, by requiring that it is understandable, relevant, verifiable, comparable and represented in a faithful manner. The sustainability reporting standards shall avoid imposing a disproportionate administrative burden on undertakings, including by taking account, to the greatest extent possible, of the work of global standard-setting initiatives for sustainability reporting as required by point (a) of paragraph"
32022L2464,Amendments to Directive 2013/34/EU,Article 29b,SUSTAINABILITY REPORTING STANDARDS,article,reportar,high,0,sustainability reporting,sustainability reporting,"The sustainability reporting standards shall, taking into account the subject matter of a particular sustainability reporting standard:"
32022L2464,Amendments to Directive 2013/34/EU,Article 29b,SUSTAINABILITY REPORTING STANDARDS,article,reportar,high,0,sustainability reporting,sustainability reporting,"the main features of the undertaking’s internal control and risk management systems, in relation to the sustainability reporting and decision-making process;"
32022L2464,Amendments to Directive 2013/34/EU,Article 29b,SUSTAINABILITY REPORTING STANDARDS,article,reportar,high,0,sustainability reporting,sustainability reporting,"3. The sustainability reporting standards shall specify the forward-looking, retrospective, qualitative and quantitative information, as appropriate, to be reported by undertakings."
32022L2464,Amendments to Directive 2013/34/EU,Article 29b,SUSTAINABILITY REPORTING STANDARDS,article,reportar,high,0,sustainability reporting,Sustainability reporting,"4. Sustainability reporting standards shall take account of the difficulties that undertakings may encounter in gathering information from actors throughout their value chain, especially from those which are not subject to the sustainability reporting requirements laid down in Article 19a or 29a and from suppliers in emerging markets and economies. Sustainability reporting standards shall specify disclosures on value chains that are proportionate and relevant to the capacities and the characteri"
32022L2464,Amendments to Directive 2013/34/EU,Article 29b,SUSTAINABILITY REPORTING STANDARDS,article,reportar,high,0,sustainability reporting,sustainability reporting,"the work of global standard-setting initiatives for sustainability reporting, and existing standards and frameworks for natural capital accounting and for greenhouse gas accounting, responsible business conduct, corporate social responsibility, and sustainable development;"
32022L2464,Amendments to Directive 2013/34/EU,Article 29b,SUSTAINABILITY REPORTING STANDARDS,article,reportar,high,0,reporting (obligation|requirement)s?,reporting requirements,"the criteria, indicators and methodologies set out in the delegated acts adopted pursuant to Regulation (EU) 2020/852, including the technical screening criteria established pursuant to Article 10(3), Article 11(3), Article 12(2), Article 13(2), Article 14(2) and Article 15(2) of that Regulation and the reporting requirements set out in the delegated act adopted pursuant to Article 8 of that Regulation;"
32022L2464,Amendments to Directive 2013/34/EU,Article 29b,SUSTAINABILITY REPORTING STANDARDS,article,ranking_rating,high,0,benchmark administrator,benchmark administrator,"the disclosure requirements applicable to benchmark administrators in the benchmark statement and in the benchmark methodology and the minimum standards for the construction of EU Climate Transition Benchmarks and EU Paris-aligned Benchmarks in accordance with Commission Delegated Regulations (EU) 2020/1816 (*13), (EU) 2020/1817 (*14) and (EU) 2020/1818 (*15);"
32022L2464,Amendments to Directive 2013/34/EU,Article 29c,SUSTAINABILITY REPORTING STANDARDS,article,reportar,high,0,sustainability reporting,Sustainability reporting,Sustainability reporting standards for small and medium-sized undertakings
32022L2464,Amendments to Directive 2013/34/EU,Article 29c,SUSTAINABILITY REPORTING STANDARDS,article,reportar,high,0,sustainability reporting,sustainability reporting,"1. The Commission shall, by 30 June 2024, adopt delegated acts in accordance with Article 49 supplementing this Directive to provide for sustainability reporting standards proportionate and relevant to the capacities and the characteristics of small and medium-sized undertakings and to the scale and complexity of their activities. Those sustainability reporting standards shall specify for the small and medium-sized undertakings referred to in point (1)(a) of Article 2 the information that is to "
32022L2464,Amendments to Directive 2013/34/EU,Article 29c,SUSTAINABILITY REPORTING STANDARDS,article,reportar,high,0,reporting (obligation|requirement)s?,reporting requirements,The reporting requirements laid down in the delegated acts referred to in the first subparagraph shall not enter into force earlier than four months after their adoption by the Commission.
32022L2464,Amendments to Directive 2013/34/EU,Article 29c,SUSTAINABILITY REPORTING STANDARDS,article,reportar,high,0,sustainability reporting,Sustainability reporting,"2. Sustainability reporting standards for small and medium-sized undertakings shall take into account the criteria set out in Article 29b(2) to (5). They shall also, to the extent possible, specify the structure to be used to present that information."
32022L2464,Amendments to Directive 2013/34/EU,Article 29d,SINGLE ELECTRONIC REPORTING FORMAT,article,reportar,high,0,sustainability reporting,sustainability reporting,"1. Undertakings subject to the requirements of Article 19a of this Directive shall prepare their management report in the electronic reporting format specified in Article 3 of Commission Delegated Regulation (EU) 2019/815 (*20) and shall mark up their sustainability reporting, including the disclosures provided for in Article 8 of Regulation (EU) 2020/852, in accordance with the electronic reporting format specified in that Delegated Regulation."
32022L2464,Amendments to Directive 2013/34/EU,Article 29d,SINGLE ELECTRONIC REPORTING FORMAT,article,reportar,high,0,sustainability reporting,sustainability reporting,"2. Parent undertakings subject to the requirements of Article 29a shall prepare their consolidated management report in the electronic reporting format specified in Article 3 of Delegated Regulation (EU) 2019/815 and shall mark up their sustainability reporting, including the disclosures provided for in Article 8 of Regulation (EU) 2020/852, in accordance with the electronic reporting format specified in that Delegated Regulation."
32022L2464,Amendments to Directive 2013/34/EU,Article 29d,SINGLE ELECTRONIC REPORTING FORMAT,article,reportar,high,0,management report,management report,"‘1. Member States shall ensure that undertakings publish within a reasonable period of time, which shall not exceed 12 months after the balance sheet date, the duly approved annual financial statements and the management report, in the electronic reporting format referred to in Article 29d of this Directive where applicable, together with the opinion and statement submitted by the statutory auditor or audit firm referred to in Article 34 of this Directive, as laid down by the laws of each Member"
32022L2464,Amendments to Directive 2013/34/EU,Article 29d,SINGLE ELECTRONIC REPORTING FORMAT,article,auditoria,high,0,statutory auditor,statutory auditor,"‘1. Member States shall ensure that undertakings publish within a reasonable period of time, which shall not exceed 12 months after the balance sheet date, the duly approved annual financial statements and the management report, in the electronic reporting format referred to in Article 29d of this Directive where applicable, together with the opinion and statement submitted by the statutory auditor or audit firm referred to in Article 34 of this Directive, as laid down by the laws of each Member"
32022L2464,Amendments to Directive 2013/34/EU,Article 29d,SINGLE ELECTRONIC REPORTING FORMAT,article,reportar,high,0,management report,management report,"Member States may require undertakings subject to Articles 19a and 29a to make the management report available to the public on their website, free of charge. Where an undertaking does not have a website, Member States may require it to make a written copy of its management report available upon request."
32022L2464,Amendments to Directive 2013/34/EU,Article 29d,SINGLE ELECTRONIC REPORTING FORMAT,article,certificacao,high,0,independent assurance services provider,independent assurance services provider,"Where an independent assurance services provider expresses the opinion referred to in point (aa) of the second subparagraph of Article 34(1), that opinion shall be published together with the documents referred to in the first subparagraph of this paragraph."
32022L2464,Amendments to Directive 2013/34/EU,Article 29d,SINGLE ELECTRONIC REPORTING FORMAT,article,auditoria,high,0,assurance (engagement|opinion|provider|services),assurance services,"Where an independent assurance services provider expresses the opinion referred to in point (aa) of the second subparagraph of Article 34(1), that opinion shall be published together with the documents referred to in the first subparagraph of this paragraph."
32022L2464,Amendments to Directive 2013/34/EU,Article 29d,SINGLE ELECTRONIC REPORTING FORMAT,article,reportar,high,0,management report,management report,"Member States may, however, exempt undertakings from the obligation to publish the management report where a copy of all or part of any such report can be easily obtained upon request at a price not exceeding its administrative cost."
32022L2464,Amendments to Directive 2013/34/EU,Article 29d,SINGLE ELECTRONIC REPORTING FORMAT,article,reportar,high,0,sustainability reporting,sustainability reporting,The exemption laid down in the fourth subparagraph of this paragraph shall not apply to undertakings subject to the requirements on sustainability reporting laid down in Articles 19a and 29a.
32022L2464,Amendments to Directive 2013/34/EU,Article 29d,SINGLE ELECTRONIC REPORTING FORMAT,article,reportar,high,0,sustainability reporting,sustainability reporting,"‘1. Member States shall ensure that the members of the administrative, management and supervisory bodies of an undertaking, acting within the competences assigned to them by national law, have collective responsibility for ensuring that the following documents are drawn up and published in accordance with the requirements of this Directive and, where applicable, with the international accounting standards adopted pursuant to Regulation (EC) No 1606/2002, with Delegated Regulation (EU) 2019/815, "
32022L2464,Amendments to Directive 2013/34/EU,Article 29d,SINGLE ELECTRONIC REPORTING FORMAT,article,reportar,high,0,management report,management report,"the annual financial statements, the management report and the corporate governance statement when provided separately; and"
32022L2464,Amendments to Directive 2013/34/EU,Article 29d,SINGLE ELECTRONIC REPORTING FORMAT,article,reportar,high,0,management report,management report,"the consolidated financial statements, the consolidated management reports and the consolidated corporate governance statement when provided separately.’;"
32022L2464,Amendments to Directive 2013/34/EU,Article 29d,SINGLE ELECTRONIC REPORTING FORMAT,article,reportar,high,0,sustainability reporting,sustainability reporting,‘Auditing and assurance of sustainability reporting’;
32022L2464,Amendments to Directive 2013/34/EU,Article 29d,SINGLE ELECTRONIC REPORTING FORMAT,article,auditoria,low,0,\baudit\w*,Auditing,‘Auditing and assurance of sustainability reporting’;
32022L2464,Amendments to Directive 2013/34/EU,Article 29d,SINGLE ELECTRONIC REPORTING FORMAT,article,reportar,high,0,sustainability reporting,sustainability reporting,"whether the management report has been prepared in accordance with the applicable legal requirements, excluding the requirements on sustainability reporting laid down in Article 19a of this Directive;’;"
32022L2464,Amendments to Directive 2013/34/EU,Article 29d,SINGLE ELECTRONIC REPORTING FORMAT,article,reportar,high,0,sustainability reporting,sustainability reporting,"where applicable, express an opinion based on a limited assurance engagement as regards the compliance of the sustainability reporting with the requirements of this Directive, including the compliance of the sustainability reporting with the sustainability reporting standards adopted pursuant to Article 29b or Article 29c, the process carried out by the undertaking to identify the information reported pursuant to those sustainability reporting standards, and the compliance with the requirement t"
32022L2464,Amendments to Directive 2013/34/EU,Article 29d,SINGLE ELECTRONIC REPORTING FORMAT,article,auditoria,high,0,assurance (engagement|opinion|provider|services),assurance engagement,"where applicable, express an opinion based on a limited assurance engagement as regards the compliance of the sustainability reporting with the requirements of this Directive, including the compliance of the sustainability reporting with the sustainability reporting standards adopted pursuant to Article 29b or Article 29c, the process carried out by the undertaking to identify the information reported pursuant to those sustainability reporting standards, and the compliance with the requirement t"
32022L2464,Amendments to Directive 2013/34/EU,Article 29d,SINGLE ELECTRONIC REPORTING FORMAT,article,auditoria,high,0,statutory auditor,statutory auditor,‘3. Member States may allow a statutory auditor or an audit firm other than the one(s) carrying out the statutory audit of financial statements to express the opinion referred to in point (aa) of the second subparagraph of paragraph 1.’;
32022L2464,Amendments to Directive 2013/34/EU,Article 29d,SINGLE ELECTRONIC REPORTING FORMAT,article,reportar,high,0,sustainability reporting,sustainability reporting,"‘4. Member States may allow an independent assurance services provider established in their territory to express the opinion referred to in point (aa) of the second subparagraph of paragraph 1, provided that such independent assurance services provider is subject to requirements that are equivalent to those set out in Directive 2006/43/EC of the European Parliament and of the Council (*22) as regards the assurance of sustainability reporting as defined in point 22 of Article 2 of that Directive,"
32022L2464,Amendments to Directive 2013/34/EU,Article 29d,SINGLE ELECTRONIC REPORTING FORMAT,article,certificacao,high,0,independent assurance services provider,independent assurance services provider,"‘4. Member States may allow an independent assurance services provider established in their territory to express the opinion referred to in point (aa) of the second subparagraph of paragraph 1, provided that such independent assurance services provider is subject to requirements that are equivalent to those set out in Directive 2006/43/EC of the European Parliament and of the Council (*22) as regards the assurance of sustainability reporting as defined in point 22 of Article 2 of that Directive,"
32022L2464,Amendments to Directive 2013/34/EU,Article 29d,SINGLE ELECTRONIC REPORTING FORMAT,article,auditoria,high,0,assurance (engagement|opinion|provider|services),assurance services,"‘4. Member States may allow an independent assurance services provider established in their territory to express the opinion referred to in point (aa) of the second subparagraph of paragraph 1, provided that such independent assurance services provider is subject to requirements that are equivalent to those set out in Directive 2006/43/EC of the European Parliament and of the Council (*22) as regards the assurance of sustainability reporting as defined in point 22 of Article 2 of that Directive,"
32022L2464,Amendments to Directive 2013/34/EU,Article 29d,SINGLE ELECTRONIC REPORTING FORMAT,article,reportar,high,0,sustainability reporting,sustainability reporting,"training and examination, ensuring that independent assurance services providers acquire the necessary expertise concerning sustainability reporting and the assurance of sustainability reporting;"
32022L2464,Amendments to Directive 2013/34/EU,Article 29d,SINGLE ELECTRONIC REPORTING FORMAT,article,certificacao,high,0,independent assurance services provider,independent assurance services provider,"training and examination, ensuring that independent assurance services providers acquire the necessary expertise concerning sustainability reporting and the assurance of sustainability reporting;"
32022L2464,Amendments to Directive 2013/34/EU,Article 29d,SINGLE ELECTRONIC REPORTING FORMAT,article,auditoria,high,0,assurance (engagement|opinion|provider|services),assurance services,"training and examination, ensuring that independent assurance services providers acquire the necessary expertise concerning sustainability reporting and the assurance of sustainability reporting;"
32022L2464,Amendments to Directive 2013/34/EU,Article 29d,SINGLE ELECTRONIC REPORTING FORMAT,article,auditoria,low,0,\bassurance\b,assurance,quality assurance systems;
32022L2464,Amendments to Directive 2013/34/EU,Article 29d,SINGLE ELECTRONIC REPORTING FORMAT,article,certificacao,high,0,independent assurance services provider,independent assurance services provider,"the organisation of the work of the independent assurance services provider, in particular in terms of sufficient resources and personnel and the maintenance of client account records and files; and"
32022L2464,Amendments to Directive 2013/34/EU,Article 29d,SINGLE ELECTRONIC REPORTING FORMAT,article,auditoria,high,0,assurance (engagement|opinion|provider|services),assurance services,"the organisation of the work of the independent assurance services provider, in particular in terms of sufficient resources and personnel and the maintenance of client account records and files; and"
32022L2464,Amendments to Directive 2013/34/EU,Article 29d,SINGLE ELECTRONIC REPORTING FORMAT,article,certificacao,high,0,independent assurance services provider,independent assurance services provider,"Member States shall ensure that, where an independent assurance services provider expresses the opinion referred to in point (aa) of the second subparagraph of paragraph 1 of this Article, that opinion is prepared in accordance with Articles 26a, 27a and 28a of Directive 2006/43/EC and that, where applicable, the audit committee, or a dedicated committee, reviews and monitors the independence of the independent assurance services provider in accordance with point (e) of Article 39(6) of Directiv"
32022L2464,Amendments to Directive 2013/34/EU,Article 29d,SINGLE ELECTRONIC REPORTING FORMAT,article,auditoria,high,0,assurance (engagement|opinion|provider|services),assurance services,"Member States shall ensure that, where an independent assurance services provider expresses the opinion referred to in point (aa) of the second subparagraph of paragraph 1 of this Article, that opinion is prepared in accordance with Articles 26a, 27a and 28a of Directive 2006/43/EC and that, where applicable, the audit committee, or a dedicated committee, reviews and monitors the independence of the independent assurance services provider in accordance with point (e) of Article 39(6) of Directiv"
32022L2464,Amendments to Directive 2013/34/EU,Article 29d,SINGLE ELECTRONIC REPORTING FORMAT,article,reportar,high,0,sustainability reporting,sustainability reporting,"Member States shall ensure that independent assurance services providers accredited before 1 January 2024 for the assurance of sustainability reporting, in accordance with Regulation (EC) No 765/2008, are not subject to the training and examination requirements referred to in point (a) of the first subparagraph of this paragraph."
32022L2464,Amendments to Directive 2013/34/EU,Article 29d,SINGLE ELECTRONIC REPORTING FORMAT,article,certificacao,high,0,independent assurance services provider,independent assurance services provider,"Member States shall ensure that independent assurance services providers accredited before 1 January 2024 for the assurance of sustainability reporting, in accordance with Regulation (EC) No 765/2008, are not subject to the training and examination requirements referred to in point (a) of the first subparagraph of this paragraph."
32022L2464,Amendments to Directive 2013/34/EU,Article 29d,SINGLE ELECTRONIC REPORTING FORMAT,article,auditoria,high,0,assurance (engagement|opinion|provider|services),assurance services,"Member States shall ensure that independent assurance services providers accredited before 1 January 2024 for the assurance of sustainability reporting, in accordance with Regulation (EC) No 765/2008, are not subject to the training and examination requirements referred to in point (a) of the first subparagraph of this paragraph."
32022L2464,Amendments to Directive 2013/34/EU,Article 29d,SINGLE ELECTRONIC REPORTING FORMAT,article,reportar,high,0,sustainability reporting,sustainability reporting,"Member States shall ensure that independent assurance services providers that on 1 January 2024 are undergoing the accreditation process in accordance with the relevant national requirements are not subject to the training and examination requirements referred to in point (a) of the first subparagraph as regards the assurance of sustainability reporting, provided they complete that process by 1 January 2026."
32022L2464,Amendments to Directive 2013/34/EU,Article 29d,SINGLE ELECTRONIC REPORTING FORMAT,article,certificacao,high,0,independent assurance services provider,independent assurance services provider,"Member States shall ensure that independent assurance services providers that on 1 January 2024 are undergoing the accreditation process in accordance with the relevant national requirements are not subject to the training and examination requirements referred to in point (a) of the first subparagraph as regards the assurance of sustainability reporting, provided they complete that process by 1 January 2026."
32022L2464,Amendments to Directive 2013/34/EU,Article 29d,SINGLE ELECTRONIC REPORTING FORMAT,article,auditoria,high,0,assurance (engagement|opinion|provider|services),assurance services,"Member States shall ensure that independent assurance services providers that on 1 January 2024 are undergoing the accreditation process in accordance with the relevant national requirements are not subject to the training and examination requirements referred to in point (a) of the first subparagraph as regards the assurance of sustainability reporting, provided they complete that process by 1 January 2026."
32022L2464,Amendments to Directive 2013/34/EU,Article 29d,SINGLE ELECTRONIC REPORTING FORMAT,article,reportar,high,0,sustainability reporting,sustainability reporting,Member States shall ensure that the independent assurance services providers referred to in the third and fourth subparagraphs acquire the necessary knowledge in sustainability reporting and the assurance of sustainability reporting via the continuing education requirement referred to in point (b) of the first subparagraph.
32022L2464,Amendments to Directive 2013/34/EU,Article 29d,SINGLE ELECTRONIC REPORTING FORMAT,article,certificacao,high,0,independent assurance services provider,independent assurance services provider,Member States shall ensure that the independent assurance services providers referred to in the third and fourth subparagraphs acquire the necessary knowledge in sustainability reporting and the assurance of sustainability reporting via the continuing education requirement referred to in point (b) of the first subparagraph.
32022L2464,Amendments to Directive 2013/34/EU,Article 29d,SINGLE ELECTRONIC REPORTING FORMAT,article,auditoria,high,0,assurance (engagement|opinion|provider|services),assurance services,Member States shall ensure that the independent assurance services providers referred to in the third and fourth subparagraphs acquire the necessary knowledge in sustainability reporting and the assurance of sustainability reporting via the continuing education requirement referred to in point (b) of the first subparagraph.
32022L2464,Amendments to Directive 2013/34/EU,Article 29d,SINGLE ELECTRONIC REPORTING FORMAT,article,certificacao,high,0,independent assurance services provider,independent assurance services provider,"If a Member State, pursuant to the first subparagraph, decides to allow an independent assurance services provider to express the opinion referred to in point (aa) of the second subparagraph of paragraph 1, it shall also allow a statutory auditor other than the one(s) carrying out the statutory audit of financial statements to do so, as provided for in paragraph 3."
32022L2464,Amendments to Directive 2013/34/EU,Article 29d,SINGLE ELECTRONIC REPORTING FORMAT,article,auditoria,high,0,statutory auditor,statutory auditor,"If a Member State, pursuant to the first subparagraph, decides to allow an independent assurance services provider to express the opinion referred to in point (aa) of the second subparagraph of paragraph 1, it shall also allow a statutory auditor other than the one(s) carrying out the statutory audit of financial statements to do so, as provided for in paragraph 3."
32022L2464,Amendments to Directive 2013/34/EU,Article 29d,SINGLE ELECTRONIC REPORTING FORMAT,article,reportar,high,0,sustainability reporting,sustainability reporting,"5. From 6 January 2027, a Member State that has made use of the option provided for in paragraph 4 (the “host Member State”) shall allow independent assurance services provider established in a Member State other than the host Member State (the “home Member State”) to carry out the assurance of sustainability reporting."
32022L2464,Amendments to Directive 2013/34/EU,Article 29d,SINGLE ELECTRONIC REPORTING FORMAT,article,certificacao,high,0,independent assurance services provider,independent assurance services provider,"5. From 6 January 2027, a Member State that has made use of the option provided for in paragraph 4 (the “host Member State”) shall allow independent assurance services provider established in a Member State other than the host Member State (the “home Member State”) to carry out the assurance of sustainability reporting."
32022L2464,Amendments to Directive 2013/34/EU,Article 29d,SINGLE ELECTRONIC REPORTING FORMAT,article,auditoria,high,0,assurance (engagement|opinion|provider|services),assurance services,"5. From 6 January 2027, a Member State that has made use of the option provided for in paragraph 4 (the “host Member State”) shall allow independent assurance services provider established in a Member State other than the host Member State (the “home Member State”) to carry out the assurance of sustainability reporting."
32022L2464,Amendments to Directive 2013/34/EU,Article 29d,SINGLE ELECTRONIC REPORTING FORMAT,article,reportar,high,0,sustainability reporting,sustainability reporting,"The home Member State shall be responsible for the supervision of the independent assurance services providers established in its territory, unless the host Member State decides to supervise the assurance of sustainability reporting carried out by independent assurance services providers in its territory."
32022L2464,Amendments to Directive 2013/34/EU,Article 29d,SINGLE ELECTRONIC REPORTING FORMAT,article,certificacao,high,0,independent assurance services provider,independent assurance services provider,"The home Member State shall be responsible for the supervision of the independent assurance services providers established in its territory, unless the host Member State decides to supervise the assurance of sustainability reporting carried out by independent assurance services providers in its territory."
32022L2464,Amendments to Directive 2013/34/EU,Article 29d,SINGLE ELECTRONIC REPORTING FORMAT,article,auditoria,high,0,assurance (engagement|opinion|provider|services),assurance services,"The home Member State shall be responsible for the supervision of the independent assurance services providers established in its territory, unless the host Member State decides to supervise the assurance of sustainability reporting carried out by independent assurance services providers in its territory."
32022L2464,Amendments to Directive 2013/34/EU,Article 29d,SINGLE ELECTRONIC REPORTING FORMAT,article,reportar,high,0,sustainability reporting,sustainability reporting,"If the host Member State decides to supervise the assurance of sustainability reporting carried out in its territory by independent assurance services providers registered in another Member State, the host Member State shall:"
32022L2464,Amendments to Directive 2013/34/EU,Article 29d,SINGLE ELECTRONIC REPORTING FORMAT,article,certificacao,high,0,independent assurance services provider,independent assurance services provider,"If the host Member State decides to supervise the assurance of sustainability reporting carried out in its territory by independent assurance services providers registered in another Member State, the host Member State shall:"
32022L2464,Amendments to Directive 2013/34/EU,Article 29d,SINGLE ELECTRONIC REPORTING FORMAT,article,auditoria,high,0,assurance (engagement|opinion|provider|services),assurance services,"If the host Member State decides to supervise the assurance of sustainability reporting carried out in its territory by independent assurance services providers registered in another Member State, the host Member State shall:"
32022L2464,Amendments to Directive 2013/34/EU,Article 29d,SINGLE ELECTRONIC REPORTING FORMAT,article,reportar,high,0,sustainability reporting,sustainability reporting,not impose more stringent requirements or liability on such independent assurance services providers than those required for assurance of sustainability reporting by the national laws for the independent assurance services providers or auditors established in that host Member State; and
32022L2464,Amendments to Directive 2013/34/EU,Article 29d,SINGLE ELECTRONIC REPORTING FORMAT,article,certificacao,high,0,independent assurance services provider,independent assurance services provider,not impose more stringent requirements or liability on such independent assurance services providers than those required for assurance of sustainability reporting by the national laws for the independent assurance services providers or auditors established in that host Member State; and
32022L2464,Amendments to Directive 2013/34/EU,Article 29d,SINGLE ELECTRONIC REPORTING FORMAT,article,auditoria,high,0,(EU ETS )?(lead )?auditor,auditor,not impose more stringent requirements or liability on such independent assurance services providers than those required for assurance of sustainability reporting by the national laws for the independent assurance services providers or auditors established in that host Member State; and
32022L2464,Amendments to Directive 2013/34/EU,Article 29d,SINGLE ELECTRONIC REPORTING FORMAT,article,reportar,high,0,sustainability reporting,sustainability reporting,inform other Member States about its decision to supervise the assurance of sustainability reporting carried out by independent assurance services providers established in other Member States.
32022L2464,Amendments to Directive 2013/34/EU,Article 29d,SINGLE ELECTRONIC REPORTING FORMAT,article,certificacao,high,0,independent assurance services provider,independent assurance services provider,inform other Member States about its decision to supervise the assurance of sustainability reporting carried out by independent assurance services providers established in other Member States.
32022L2464,Amendments to Directive 2013/34/EU,Article 29d,SINGLE ELECTRONIC REPORTING FORMAT,article,auditoria,high,0,assurance (engagement|opinion|provider|services),assurance services,inform other Member States about its decision to supervise the assurance of sustainability reporting carried out by independent assurance services providers established in other Member States.
32022L2464,Amendments to Directive 2013/34/EU,Article 29d,SINGLE ELECTRONIC REPORTING FORMAT,article,reportar,high,0,sustainability reporting,sustainability reporting,"6. Member States shall ensure that where an undertaking is required by Union law to have elements of its sustainability reporting verified by an accredited independent third party, the report of the accredited independent third party is made available either as an annex to the management report or by other publicly accessible means."
32022L2464,Amendments to Directive 2013/34/EU,Article 29d,SINGLE ELECTRONIC REPORTING FORMAT,article,certificacao,low,0,\baccredited\b,accredited,"6. Member States shall ensure that where an undertaking is required by Union law to have elements of its sustainability reporting verified by an accredited independent third party, the report of the accredited independent third party is made available either as an annex to the management report or by other publicly accessible means."
32022L2464,Amendments to Directive 2013/34/EU,Article 40a,REPORTING CONCERNING THIRD-COUNTRY UNDERTAKINGS,article,reportar,high,0,sustainability report\b,sustainability report,"1. A Member State shall require that a subsidiary undertaking established in its territory whose ultimate parent undertaking is governed by the law of a third country publish and make accessible a sustainability report covering the information specified in points (a)(iii) to (a)(v), points (b) to (f) and, where appropriate, point (h) of Article 29a(2) at the group level of that ultimate third-country parent undertaking."
32022L2464,Amendments to Directive 2013/34/EU,Article 40a,REPORTING CONCERNING THIRD-COUNTRY UNDERTAKINGS,article,reportar,high,0,sustainability report\b,sustainability report,"A Member State shall require that a branch located in its territory, and which is a branch of an undertaking governed by the law of a third country, which is either not part of a group or is ultimately held by an undertaking that is formed in accordance with the law of a third country publish and make accessible a sustainability report covering the information specified in points (a)(iii) to (a)(v), points (b) to (f) and, where appropriate, point (h) of Article 29a(2), at the group level, or, if"
32022L2464,Amendments to Directive 2013/34/EU,Article 40a,REPORTING CONCERNING THIRD-COUNTRY UNDERTAKINGS,article,reportar,high,0,sustainability report\b,sustainability report,2. Member States shall require that the sustainability report communicated by the subsidiary undertaking or branch as referred to in paragraph 1 is drawn up in accordance with the standards adopted pursuant to Article 40b.
32022L2464,Amendments to Directive 2013/34/EU,Article 40a,REPORTING CONCERNING THIRD-COUNTRY UNDERTAKINGS,article,reportar,high,0,sustainability reporting,sustainability reporting,"By way of derogation from the first subparagraph of this paragraph, the sustainability report referred to in paragraph 1 of this Article may be drawn up in accordance with the sustainability reporting standards adopted pursuant to Article 29b or in a manner equivalent to those sustainability reporting standards, as determined in accordance with an implementing act on the equivalence of sustainability reporting standards adopted pursuant to the third subparagraph of Article 23(4) of Directive 200"
32022L2464,Amendments to Directive 2013/34/EU,Article 40a,REPORTING CONCERNING THIRD-COUNTRY UNDERTAKINGS,article,reportar,high,0,sustainability report\b,sustainability report,"Where the information required to draw up the sustainability report referred to in the first subparagraph of this paragraph is not available, the subsidiary undertaking or branch referred to in paragraph 1 shall request the third-country undertaking to provide them with all information necessary to enable them to meet their obligations."
32022L2464,Amendments to Directive 2013/34/EU,Article 40a,REPORTING CONCERNING THIRD-COUNTRY UNDERTAKINGS,article,reportar,high,0,sustainability report\b,sustainability report,"In the event that not all the required information is provided, the subsidiary undertaking or branch referred to in paragraph 1 shall draw up, publish and make accessible the sustainability report referred to in paragraph 1, containing all information in its possession, obtained or acquired, and issue a statement indicating that the third-country undertaking did not make the necessary information available."
32022L2464,Amendments to Directive 2013/34/EU,Article 40a,REPORTING CONCERNING THIRD-COUNTRY UNDERTAKINGS,article,reportar,high,0,sustainability reporting,sustainability reporting,3. Member States shall require that the sustainability report referred to in paragraph 1 is published accompanied by an assurance opinion expressed by one or more person(s) or firm(s) authorised to give an opinion on the assurance of sustainability reporting under the national law of the third-country undertaking or of a Member State.
32022L2464,Amendments to Directive 2013/34/EU,Article 40a,REPORTING CONCERNING THIRD-COUNTRY UNDERTAKINGS,article,auditoria,high,0,assurance (engagement|opinion|provider|services),assurance opinion,3. Member States shall require that the sustainability report referred to in paragraph 1 is published accompanied by an assurance opinion expressed by one or more person(s) or firm(s) authorised to give an opinion on the assurance of sustainability reporting under the national law of the third-country undertaking or of a Member State.
32022L2464,Amendments to Directive 2013/34/EU,Article 40a,REPORTING CONCERNING THIRD-COUNTRY UNDERTAKINGS,article,auditoria,high,0,assurance (engagement|opinion|provider|services),assurance opinion,"In the event that the third-country undertaking does not provide the assurance opinion in accordance with the first subparagraph, the subsidiary undertaking or branch shall issue a statement indicating that the third-country undertaking did not make the necessary assurance opinion available."
32022L2464,Amendments to Directive 2013/34/EU,Article 40a,REPORTING CONCERNING THIRD-COUNTRY UNDERTAKINGS,article,reportar,high,0,sustainability report\b,sustainability report,4. Member States may inform the Commission on an annual basis of the subsidiary undertakings or branches of third-country undertakings that fulfilled the publication requirement laid down in Article 40d and of the cases where a report was published but where the subsidiary undertaking or branch has acted in accordance with the fourth subparagraph of paragraph 2 of this Article. The Commission shall make publicly available on its website a list of the third-country undertakings that publish a sus
32022L2464,Amendments to Directive 2013/34/EU,Article 40b,REPORTING CONCERNING THIRD-COUNTRY UNDERTAKINGS,article,reportar,high,0,sustainability reporting,Sustainability reporting,Sustainability reporting standards for third-country undertakings
32022L2464,Amendments to Directive 2013/34/EU,Article 40b,REPORTING CONCERNING THIRD-COUNTRY UNDERTAKINGS,article,reportar,high,0,sustainability reporting,sustainability reporting,The Commission shall adopt by 30 June 2024 a delegated act in accordance with Article 49 supplementing this Directive to provide for sustainability reporting standards for third-country undertakings that specify the information that is to be included in the sustainability reports referred to in Article 40a.
32022L2464,Amendments to Directive 2013/34/EU,Article 40c,REPORTING CONCERNING THIRD-COUNTRY UNDERTAKINGS,article,reportar,high,0,sustainability report\b,sustainability report,"Member States shall provide that the branches of third-country undertakings are responsible for ensuring, to the best of their knowledge and ability, that their sustainability report is drawn up in accordance with Article 40a, and that that report is published and made accessible in accordance with Article 40d."
32022L2464,Amendments to Directive 2013/34/EU,Article 40c,REPORTING CONCERNING THIRD-COUNTRY UNDERTAKINGS,article,reportar,high,0,sustainability report\b,sustainability report,"Member States shall provide that the members of the administrative, management and supervisory bodies of the subsidiary undertakings referred to in Article 40a have collective responsibility for ensuring, to the best of their knowledge and ability, that their sustainability report is drawn up in accordance with Article 40a, and that that report is published and made accessible in accordance with Article 40d."
32022L2464,Amendments to Directive 2013/34/EU,Article 40d,REPORTING CONCERNING THIRD-COUNTRY UNDERTAKINGS,article,reportar,high,0,sustainability report\b,sustainability report,"1. The subsidiary undertakings and branches referred to in Article 40a(1) of this Directive shall publish their sustainability report, together with the assurance opinion and, where applicable, the statement mentioned in the fourth subparagraph of Article 40a(2) of this Directive, within 12 months of the balance sheet date of the financial year for which the report is drawn up, as provided for by each Member State, in accordance with Articles 14 to 28 of Directive (EU) 2017/1132 and, where relev"
32022L2464,Amendments to Directive 2013/34/EU,Article 40d,REPORTING CONCERNING THIRD-COUNTRY UNDERTAKINGS,article,auditoria,high,0,assurance (engagement|opinion|provider|services),assurance opinion,"1. The subsidiary undertakings and branches referred to in Article 40a(1) of this Directive shall publish their sustainability report, together with the assurance opinion and, where applicable, the statement mentioned in the fourth subparagraph of Article 40a(2) of this Directive, within 12 months of the balance sheet date of the financial year for which the report is drawn up, as provided for by each Member State, in accordance with Articles 14 to 28 of Directive (EU) 2017/1132 and, where relev"
32022L2464,Amendments to Directive 2013/34/EU,Article 40d,REPORTING CONCERNING THIRD-COUNTRY UNDERTAKINGS,article,reportar,high,0,sustainability report\b,sustainability report,"2. Where the sustainability report together with the assurance opinion and, where applicable, with the statement published in accordance with paragraph 1 of this Article, are not made accessible, free of charge, to the public on the website of the register referred to in Article 16 of Directive (EU) 2017/1132, Member States shall ensure that the sustainability report together with the assurance opinion and, where applicable, with the statement published by the undertakings in accordance with par"
32022L2464,Amendments to Directive 2013/34/EU,Article 40d,REPORTING CONCERNING THIRD-COUNTRY UNDERTAKINGS,article,auditoria,high,0,assurance (engagement|opinion|provider|services),assurance opinion,"2. Where the sustainability report together with the assurance opinion and, where applicable, with the statement published in accordance with paragraph 1 of this Article, are not made accessible, free of charge, to the public on the website of the register referred to in Article 16 of Directive (EU) 2017/1132, Member States shall ensure that the sustainability report together with the assurance opinion and, where applicable, with the statement published by the undertakings in accordance with par"
32022L2464,Amendments to Directive 2013/34/EU,‘Article 48i,TRANSITIONAL AND FINAL PROVISIONS ’;,article,reportar,high,0,sustainability reporting,sustainability reporting,"1. Until 6 January 2030, Member States shall permit a Union subsidiary undertaking which is subject to Article 19a or 29a and whose parent undertaking is not governed by the law of a Member State to prepare consolidated sustainability reporting, in accordance with the requirements of Article 29a, that includes all Union subsidiary undertakings of such parent undertaking that are subject to Article 19a or 29a."
32022L2464,Amendments to Directive 2013/34/EU,‘Article 48i,TRANSITIONAL AND FINAL PROVISIONS ’;,article,reportar,high,0,sustainability reporting,sustainability reporting,"Until 6 January 2030, Member States shall permit the consolidated sustainability reporting referred to in the first subparagraph of this paragraph to include the disclosures laid down in Article 8 of Regulation (EU) 2020/852, covering the activities carried out by all Union subsidiary undertakings of the parent undertaking referred to in the first subparagraph of this paragraph that are subject to Article 19a or 29a of this Directive."
32022L2464,Amendments to Directive 2013/34/EU,‘Article 48i,TRANSITIONAL AND FINAL PROVISIONS ’;,article,reportar,high,0,sustainability reporting,sustainability reporting,3. The consolidated sustainability reporting referred to in paragraph 1 of this Article shall be published in accordance with Article 30.
32022L2464,Amendments to Directive 2013/34/EU,‘Article 48i,TRANSITIONAL AND FINAL PROVISIONS ’;,article,reportar,low,0,\breport\b,report,"‘2. The power to adopt delegated acts referred to in Article 1(2), Article 3(13), Articles 29b, 29c and 40b, and Article 46(2) shall be conferred on the Commission for a period of 5 years from 5 January 2023. The Commission shall draw up a report in respect of the delegation of power not later than nine months before the end of the 5-year period. The delegation of power shall be tacitly extended for periods of an identical duration, unless the European Parliament or the Council opposes such exte"
32022L2464,Amendments to Directive 2013/34/EU,‘Article 48i,TRANSITIONAL AND FINAL PROVISIONS ’;,article,reportar,high,0,sustainability reporting,sustainability reporting,participation in EFRAG’s work at technical level is based on expertise in sustainability reporting and is not conditional on a financial contribution.
32022L2464,Amendments to Directive 2013/34/EU,‘Article 48i,TRANSITIONAL AND FINAL PROVISIONS ’;,article,auditoria,low,0,\baudit\w*,Auditing,"The Commission shall also consult the European Environment Agency, the European Union Agency for Fundamental Rights, the European Central Bank, the Committee of European Auditing Oversight Bodies and the Platform on Sustainable Finance established pursuant to Article 20 of Regulation (EU) 2020/852 on the technical advice provided by EFRAG prior to the adoption of delegated acts referred to in Articles 29b and 29c of this Directive. If any of those bodies decide to submit an opinion, they shall d"
32022L2464,Amendments to Directive 2004/109/EC,Article 2,TRANSITIONAL AND FINAL PROVISIONS ’;,article,reportar,high,0,sustainability reporting,sustainability reporting,“sustainability reporting” means sustainability reporting as defined in point (18) of Article 2 of Directive 2013/34/EU of the European Parliament and of the Council (*23).
32022L2464,Amendments to Directive 2004/109/EC,Article 2,TRANSITIONAL AND FINAL PROVISIONS ’;,article,reportar,high,0,sustainability reporting,sustainability reporting,"statements made by the persons responsible within the issuer, whose names and functions shall be clearly indicated, to the effect that, to the best of their knowledge, the financial statements prepared in accordance with the applicable set of accounting standards give a true and fair view of the assets, liabilities, financial position and profit or loss of the issuer and the undertakings included in the consolidation taken as a whole and that the management report includes a fair review of the d"
32022L2464,Amendments to Directive 2004/109/EC,Article 2,TRANSITIONAL AND FINAL PROVISIONS ’;,article,auditoria,low,0,\baudit\w*,audited,‘4. The financial statements shall be audited in accordance with the first subparagraph of Article 34(1) and Article 34(2) of Directive 2013/34/EU.
32022L2464,Amendments to Directive 2004/109/EC,Article 2,TRANSITIONAL AND FINAL PROVISIONS ’;,article,reportar,high,0,management report,management report,The statutory auditor shall deliver the opinion and statement on the management report referred to in points (a) and (b) of the second subparagraph of Article 34(1) and in Article 34(2) of Directive 2013/34/EU.
32022L2464,Amendments to Directive 2004/109/EC,Article 2,TRANSITIONAL AND FINAL PROVISIONS ’;,article,auditoria,high,0,statutory auditor,statutory auditor,The statutory auditor shall deliver the opinion and statement on the management report referred to in points (a) and (b) of the second subparagraph of Article 34(1) and in Article 34(2) of Directive 2013/34/EU.
32022L2464,Amendments to Directive 2004/109/EC,Article 2,TRANSITIONAL AND FINAL PROVISIONS ’;,article,reportar,low,0,\breport\b,report,"The audit report, referred to in Article 28 of Directive 2006/43/EC of the European Parliament and of the Council (*25), signed by the person or persons responsible for carrying out the work set out in Article 34(1) and (2) of Directive 2013/34/EU shall be disclosed in full to the public together with the annual financial report."
32022L2464,Amendments to Directive 2004/109/EC,Article 2,TRANSITIONAL AND FINAL PROVISIONS ’;,article,auditoria,low,0,\baudit\w*,audit,"The audit report, referred to in Article 28 of Directive 2006/43/EC of the European Parliament and of the Council (*25), signed by the person or persons responsible for carrying out the work set out in Article 34(1) and (2) of Directive 2013/34/EU shall be disclosed in full to the public together with the annual financial report."
32022L2464,Amendments to Directive 2004/109/EC,Article 2,TRANSITIONAL AND FINAL PROVISIONS ’;,article,reportar,high,0,sustainability reporting,sustainability reporting,"Where applicable, an assurance opinion on sustainability reporting shall be provided in accordance with point (aa) of the second subparagraph of Article 34(1) and Article 34(2) to (5) of Directive 2013/34/EU."
32022L2464,Amendments to Directive 2004/109/EC,Article 2,TRANSITIONAL AND FINAL PROVISIONS ’;,article,auditoria,high,0,assurance (engagement|opinion|provider|services),assurance opinion,"Where applicable, an assurance opinion on sustainability reporting shall be provided in accordance with point (aa) of the second subparagraph of Article 34(1) and Article 34(2) to (5) of Directive 2013/34/EU."
32022L2464,Amendments to Directive 2004/109/EC,Article 2,TRANSITIONAL AND FINAL PROVISIONS ’;,article,reportar,high,0,sustainability reporting,sustainability reporting,The assurance report on sustainability reporting referred to in Article 28a of Directive 2006/43/EC shall be disclosed in full to the public together with the annual financial report.
32022L2464,Amendments to Directive 2004/109/EC,Article 2,TRANSITIONAL AND FINAL PROVISIONS ’;,article,auditoria,low,0,\bassurance\b,assurance,The assurance report on sustainability reporting referred to in Article 28a of Directive 2006/43/EC shall be disclosed in full to the public together with the annual financial report.
32022L2464,Amendments to Directive 2004/109/EC,Article 2,TRANSITIONAL AND FINAL PROVISIONS ’;,article,reportar,high,0,management report,management report,"5. The management report shall be drawn up in accordance with Articles 19, 19a and 20, and Article 29d(1) of Directive 2013/34/EU, and shall include the specifications adopted pursuant to Article 8(4) of Regulation (EU) 2020/852, when drawn up by undertakings referred to in those provisions."
32022L2464,Amendments to Directive 2004/109/EC,Article 2,TRANSITIONAL AND FINAL PROVISIONS ’;,article,reportar,high,0,management report,management report,"Where the issuer is required to prepare consolidated accounts, the consolidated management report shall be drawn up in accordance with Articles 29 and 29a and Article 29d(2) of Directive 2013/34/EU and shall include the specifications adopted pursuant to Article 8(4) of Regulation (EU) 2020/852, when drawn up by undertakings referred to in those provisions."
32022L2464,Amendments to Directive 2004/109/EC,Article 2,TRANSITIONAL AND FINAL PROVISIONS ’;,article,reportar,high,0,sustainability reporting,sustainability reporting,"‘The Commission shall, in accordance with the procedure referred to in Article 27(2) of this Directive, take the necessary decisions on the equivalence of accounting standards under the conditions set out in Article 30(3) of this Directive and on the equivalence of sustainability reporting standards as referred to in Article 29b of Directive 2013/34/EU which are used by third-country issuers. If the Commission decides that the accounting standards or the sustainability reporting standards of a t"
32022L2464,Amendments to Directive 2004/109/EC,Article 2,TRANSITIONAL AND FINAL PROVISIONS ’;,article,reportar,high,0,sustainability reporting,sustainability reporting,"In the context of the third subparagraph of this paragraph, the Commission shall also adopt, by means of delegated acts adopted in accordance with Article 27(2a), (2b) and (2c), and subject to the conditions laid down in Articles 27a and 27b, measures that aim to establish general equivalence criteria regarding accounting standards and sustainability reporting standards relevant to issuers of more than one country.’;"
32022L2464,Amendments to Directive 2004/109/EC,Article 2,TRANSITIONAL AND FINAL PROVISIONS ’;,article,reportar,high,0,sustainability reporting,sustainability reporting,‘The criteria that the Commission shall use when assessing the equivalence of sustainability reporting standards used by third-country issuers referred to in the third subparagraph shall at least ensure the following:
32022L2464,Amendments to Directive 2004/109/EC,Article 2,TRANSITIONAL AND FINAL PROVISIONS ’;,article,reportar,high,0,sustainability reporting,sustainability reporting,"that the sustainability reporting standards require undertakings to disclose information on environmental, social and governance factors;"
32022L2464,Amendments to Directive 2004/109/EC,Article 2,TRANSITIONAL AND FINAL PROVISIONS ’;,article,reportar,high,0,sustainability reporting,sustainability reporting,"that the sustainability reporting standards require undertakings to disclose information necessary to understand their impacts on sustainability matters, and information necessary to understand how sustainability matters affect their development, performance and position.’;"
32022L2464,Amendments to Directive 2004/109/EC,‘Article 28d,TRANSITIONAL AND FINAL PROVISIONS ’;,article,reportar,high,0,sustainability reporting,sustainability reporting,"After consulting the European Environment Agency and the European Union Agency for Fundamental Rights, ESMA shall issue guidelines in accordance with Article 16 of Regulation (EU) No 1095/2010 on the supervision of sustainability reporting by national competent authorities.’."
32022L2464,Amendments to Directive 2006/43/EC,‘Article 1,TRANSITIONAL AND FINAL PROVISIONS ’;,article,reportar,high,0,sustainability reporting,sustainability reporting,This Directive establishes rules concerning the statutory audit of annual and consolidated accounts and the assurance of annual and consolidated sustainability reporting.’;
32022L2464,Amendments to Directive 2006/43/EC,‘Article 1,TRANSITIONAL AND FINAL PROVISIONS ’;,article,auditoria,low,0,\baudit\w*,audit,This Directive establishes rules concerning the statutory audit of annual and consolidated accounts and the assurance of annual and consolidated sustainability reporting.’;
32022L2464,Amendments to Directive 2006/43/EC,‘Article 1,TRANSITIONAL AND FINAL PROVISIONS ’;,article,reportar,high,0,sustainability reporting,sustainability reporting,"“statutory auditor” means a natural person who is approved in accordance with this Directive by the competent authorities of a Member State to carry out statutory audits and, where applicable, the assurance of sustainability reporting;"
32022L2464,Amendments to Directive 2006/43/EC,‘Article 1,TRANSITIONAL AND FINAL PROVISIONS ’;,article,auditoria,high,0,statutory auditor,statutory auditor,"“statutory auditor” means a natural person who is approved in accordance with this Directive by the competent authorities of a Member State to carry out statutory audits and, where applicable, the assurance of sustainability reporting;"
32022L2464,Amendments to Directive 2006/43/EC,‘Article 1,TRANSITIONAL AND FINAL PROVISIONS ’;,article,reportar,high,0,sustainability reporting,sustainability reporting,"“audit firm” means a legal person or any other entity, regardless of its legal form, that is approved in accordance with this Directive by the competent authorities of a Member State to carry out statutory audits and, where applicable, the assurance of sustainability reporting;"
32022L2464,Amendments to Directive 2006/43/EC,‘Article 1,TRANSITIONAL AND FINAL PROVISIONS ’;,article,auditoria,high,0,audit firm,audit firm,"“audit firm” means a legal person or any other entity, regardless of its legal form, that is approved in accordance with this Directive by the competent authorities of a Member State to carry out statutory audits and, where applicable, the assurance of sustainability reporting;"
32022L2464,Amendments to Directive 2006/43/EC,‘Article 1,TRANSITIONAL AND FINAL PROVISIONS ’;,article,reportar,high,0,sustainability reporting,sustainability reporting,"“third-country audit entity” means an entity, regardless of its legal form, which carries out audits of the annual or consolidated financial statements, or, where applicable, the assurance of sustainability reporting of a company incorporated in a third country, other than an entity which is registered as an audit firm in any Member State as a consequence of approval in accordance with Article 3;"
32022L2464,Amendments to Directive 2006/43/EC,‘Article 1,TRANSITIONAL AND FINAL PROVISIONS ’;,article,auditoria,high,0,audit firm,audit firm,"“third-country audit entity” means an entity, regardless of its legal form, which carries out audits of the annual or consolidated financial statements, or, where applicable, the assurance of sustainability reporting of a company incorporated in a third country, other than an entity which is registered as an audit firm in any Member State as a consequence of approval in accordance with Article 3;"
32022L2464,Amendments to Directive 2006/43/EC,‘Article 1,TRANSITIONAL AND FINAL PROVISIONS ’;,article,reportar,high,0,sustainability reporting,sustainability reporting,"“third-country auditor” means a natural person who carries out audits of the annual or consolidated financial statements or, where applicable, the assurance of sustainability reporting of a company incorporated in a third country, other than a person who is registered as a statutory auditor in any Member State as a consequence of approval in accordance with Articles 3 and 44;"
32022L2464,Amendments to Directive 2006/43/EC,‘Article 1,TRANSITIONAL AND FINAL PROVISIONS ’;,article,auditoria,high,0,statutory auditor,statutory auditor,"“third-country auditor” means a natural person who carries out audits of the annual or consolidated financial statements or, where applicable, the assurance of sustainability reporting of a company incorporated in a third country, other than a person who is registered as a statutory auditor in any Member State as a consequence of approval in accordance with Articles 3 and 44;"
32022L2464,Amendments to Directive 2006/43/EC,‘Article 1,TRANSITIONAL AND FINAL PROVISIONS ’;,article,reportar,high,0,sustainability reporting,sustainability reporting,"“group auditor” means the statutory auditor(s) or audit firm(s) carrying out the statutory audit of the consolidated accounts or, where applicable, the assurance of consolidated sustainability reporting;’;"
32022L2464,Amendments to Directive 2006/43/EC,‘Article 1,TRANSITIONAL AND FINAL PROVISIONS ’;,article,auditoria,high,0,statutory auditor,statutory auditor,"“group auditor” means the statutory auditor(s) or audit firm(s) carrying out the statutory audit of the consolidated accounts or, where applicable, the assurance of consolidated sustainability reporting;’;"
32022L2464,Amendments to Directive 2006/43/EC,‘Article 1,TRANSITIONAL AND FINAL PROVISIONS ’;,article,reportar,high,0,sustainability reporting,sustainability reporting,the statutory auditor(s) designated by an audit firm for a particular assurance engagement concerning sustainability reporting as being primarily responsible for carrying out the assurance of sustainability reporting on behalf of the audit firm; or
32022L2464,Amendments to Directive 2006/43/EC,‘Article 1,TRANSITIONAL AND FINAL PROVISIONS ’;,article,auditoria,high,0,statutory auditor,statutory auditor,the statutory auditor(s) designated by an audit firm for a particular assurance engagement concerning sustainability reporting as being primarily responsible for carrying out the assurance of sustainability reporting on behalf of the audit firm; or
32022L2464,Amendments to Directive 2006/43/EC,‘Article 1,TRANSITIONAL AND FINAL PROVISIONS ’;,article,reportar,high,0,sustainability reporting,sustainability reporting,in the case of the assurance of consolidated sustainability reporting at least the statutory auditor(s) designated by an audit firm as being primarily responsible for carrying out the assurance of sustainability reporting at the level of the group and the statutory auditor(s) designated as being primarily responsible at the level of material subsidiaries; or
32022L2464,Amendments to Directive 2006/43/EC,‘Article 1,TRANSITIONAL AND FINAL PROVISIONS ’;,article,auditoria,high,0,statutory auditor,statutory auditor,in the case of the assurance of consolidated sustainability reporting at least the statutory auditor(s) designated by an audit firm as being primarily responsible for carrying out the assurance of sustainability reporting at the level of the group and the statutory auditor(s) designated as being primarily responsible at the level of material subsidiaries; or
32022L2464,Amendments to Directive 2006/43/EC,‘Article 1,TRANSITIONAL AND FINAL PROVISIONS ’;,article,reportar,high,0,sustainability reporting,sustainability reporting,the statutory auditor(s) who sign(s) the assurance report on sustainability reporting referred to in Article 28a;’;
32022L2464,Amendments to Directive 2006/43/EC,‘Article 1,TRANSITIONAL AND FINAL PROVISIONS ’;,article,auditoria,high,0,statutory auditor,statutory auditor,the statutory auditor(s) who sign(s) the assurance report on sustainability reporting referred to in Article 28a;’;
32022L2464,Amendments to Directive 2006/43/EC,‘Article 1,TRANSITIONAL AND FINAL PROVISIONS ’;,article,reportar,high,0,sustainability reporting,sustainability reporting,“sustainability reporting” means sustainability reporting as defined in point (18) of Article 2 of Directive 2013/34/EU;
32022L2464,Amendments to Directive 2006/43/EC,‘Article 1,TRANSITIONAL AND FINAL PROVISIONS ’;,article,reportar,high,0,sustainability reporting,sustainability reporting,“assurance of sustainability reporting” means the performance of procedures resulting in the opinion expressed by the statutory auditor or audit firm in accordance with point (aa) of the second subparagraph of Article 34(1) and Article 34(2) of Directive 2013/34/EU;
32022L2464,Amendments to Directive 2006/43/EC,‘Article 1,TRANSITIONAL AND FINAL PROVISIONS ’;,article,auditoria,high,0,statutory auditor,statutory auditor,“assurance of sustainability reporting” means the performance of procedures resulting in the opinion expressed by the statutory auditor or audit firm in accordance with point (aa) of the second subparagraph of Article 34(1) and Article 34(2) of Directive 2013/34/EU;
32022L2464,Amendments to Directive 2006/43/EC,‘Article 1,TRANSITIONAL AND FINAL PROVISIONS ’;,article,certificacao,high,0,conformity assessment (body|bodies),conformity assessment body,“independent assurance services provider” means a conformity assessment body accredited in accordance with Regulation (EC) No 765/2008 of the European Parliament and of the Council (*26) for the specific conformity assessment activity referred to in point (aa) of the second subparagraph of Article 34(1) of Directive 2013/34/EU.
32022L2464,Amendments to Directive 2006/43/EC,‘Article 1,TRANSITIONAL AND FINAL PROVISIONS ’;,article,auditoria,high,0,assurance (engagement|opinion|provider|services),assurance services,“independent assurance services provider” means a conformity assessment body accredited in accordance with Regulation (EC) No 765/2008 of the European Parliament and of the Council (*26) for the specific conformity assessment activity referred to in point (aa) of the second subparagraph of Article 34(1) of Directive 2013/34/EU.
32022L2464,Amendments to Directive 2006/43/EC,‘Article 6,TRANSITIONAL AND FINAL PROVISIONS ’;,article,auditoria,low,0,\baudit\w*,audit,"1. Without prejudice to Article 11, a natural person may be approved to carry out a statutory audit only after having attained university entrance or equivalent level, then completed a course of theoretical instruction, undergone practical training and passed an examination of professional competence of university final or equivalent examination level, organised or recognised by the Member State concerned."
32022L2464,Amendments to Directive 2006/43/EC,‘Article 6,TRANSITIONAL AND FINAL PROVISIONS ’;,article,reportar,high,0,sustainability reporting,sustainability reporting,"2. A natural person may, in addition to the approval to carry out statutory audits provided for in paragraph 1 of this Article, be approved to carry out the assurance of sustainability reporting when the additional specific requirements of Article 7(2), Article 8(3), the second subparagraph of Article 10(1) and the fourth subparagraph of Article 14(2) of this Directive are met."
32022L2464,Amendments to Directive 2006/43/EC,‘Article 6,TRANSITIONAL AND FINAL PROVISIONS ’;,article,auditoria,low,0,\baudit\w*,audits,"2. A natural person may, in addition to the approval to carry out statutory audits provided for in paragraph 1 of this Article, be approved to carry out the assurance of sustainability reporting when the additional specific requirements of Article 7(2), Article 8(3), the second subparagraph of Article 10(1) and the fourth subparagraph of Article 14(2) of this Directive are met."
32022L2464,Amendments to Directive 2006/43/EC,‘Article 6,TRANSITIONAL AND FINAL PROVISIONS ’;,article,reportar,high,0,sustainability reporting,sustainability reporting,"3. The competent authorities referred to in Article 32 shall cooperate with each other with a view to achieving a convergence of the requirements set out in this Article. When engaging in such cooperation, those competent authorities shall take into account developments in auditing and in the audit profession and, in particular, convergence that has already been achieved by the profession. They shall cooperate with the Committee of European Auditing Oversight Bodies (CEAOB) and the competent aut"
32022L2464,Amendments to Directive 2006/43/EC,‘Article 6,TRANSITIONAL AND FINAL PROVISIONS ’;,article,auditoria,low,0,\baudit\w*,auditing,"3. The competent authorities referred to in Article 32 shall cooperate with each other with a view to achieving a convergence of the requirements set out in this Article. When engaging in such cooperation, those competent authorities shall take into account developments in auditing and in the audit profession and, in particular, convergence that has already been achieved by the profession. They shall cooperate with the Committee of European Auditing Oversight Bodies (CEAOB) and the competent aut"
32022L2464,Amendments to Directive 2006/43/EC,‘Article 7,TRANSITIONAL AND FINAL PROVISIONS ’;,article,auditoria,low,0,\baudit\w*,audit,1. The examination of professional competence referred to in Article 6 shall guarantee the necessary level of theoretical knowledge of subjects relevant to statutory audit and the ability to apply such knowledge in practice. At least part of that examination shall be written.
32022L2464,Amendments to Directive 2006/43/EC,‘Article 7,TRANSITIONAL AND FINAL PROVISIONS ’;,article,reportar,high,0,sustainability reporting,sustainability reporting,"2. In order for the statutory auditor to also be approved to carry out the assurance of sustainability reporting, the examination of professional competence referred to in Article 6 shall guarantee the necessary level of theoretical knowledge of subjects relevant to the assurance of sustainability reporting and the ability to apply such knowledge in practice. At least part of that examination shall be written.’;"
32022L2464,Amendments to Directive 2006/43/EC,‘Article 7,TRANSITIONAL AND FINAL PROVISIONS ’;,article,auditoria,high,0,statutory auditor,statutory auditor,"2. In order for the statutory auditor to also be approved to carry out the assurance of sustainability reporting, the examination of professional competence referred to in Article 6 shall guarantee the necessary level of theoretical knowledge of subjects relevant to the assurance of sustainability reporting and the ability to apply such knowledge in practice. At least part of that examination shall be written.’;"
32022L2464,Amendments to Directive 2006/43/EC,‘Article 7,TRANSITIONAL AND FINAL PROVISIONS ’;,article,reportar,high,0,sustainability reporting,sustainability reporting,"‘3. In order for the statutory auditor to also be approved to carry out the assurance of sustainability reporting, the test of theoretical knowledge referred to in paragraph 1 shall also cover at least the following subjects:"
32022L2464,Amendments to Directive 2006/43/EC,‘Article 7,TRANSITIONAL AND FINAL PROVISIONS ’;,article,auditoria,high,0,statutory auditor,statutory auditor,"‘3. In order for the statutory auditor to also be approved to carry out the assurance of sustainability reporting, the test of theoretical knowledge referred to in paragraph 1 shall also cover at least the following subjects:"
32022L2464,Amendments to Directive 2006/43/EC,‘Article 7,TRANSITIONAL AND FINAL PROVISIONS ’;,article,reportar,high,0,sustainability reporting,sustainability reporting,legal requirements and standards relating to the preparation of annual and consolidated sustainability reporting;
32022L2464,Amendments to Directive 2006/43/EC,‘Article 7,TRANSITIONAL AND FINAL PROVISIONS ’;,article,reportar,high,0,sustainability reporting,sustainability reporting,legal requirements and assurance standards for the sustainability reporting referred to in Article 26a.’;
32022L2464,Amendments to Directive 2006/43/EC,‘Article 7,TRANSITIONAL AND FINAL PROVISIONS ’;,article,auditoria,low,0,\bassurance\b,assurance,legal requirements and assurance standards for the sustainability reporting referred to in Article 26a.’;
32022L2464,Amendments to Directive 2006/43/EC,‘Article 7,TRANSITIONAL AND FINAL PROVISIONS ’;,article,reportar,high,0,sustainability reporting,sustainability reporting,"‘In order for the statutory auditor or the trainee to also be approved to carry out the assurance of sustainability reporting, at least eight months of the practical training referred to in the first subparagraph shall be on the assurance of annual and consolidated sustainability reporting or on other sustainability-related services.’;"
32022L2464,Amendments to Directive 2006/43/EC,‘Article 7,TRANSITIONAL AND FINAL PROVISIONS ’;,article,auditoria,high,0,statutory auditor,statutory auditor,"‘In order for the statutory auditor or the trainee to also be approved to carry out the assurance of sustainability reporting, at least eight months of the practical training referred to in the first subparagraph shall be on the assurance of annual and consolidated sustainability reporting or on other sustainability-related services.’;"
32022L2464,Amendments to Directive 2006/43/EC,‘Article 12,TRANSITIONAL AND FINAL PROVISIONS ’;,article,reportar,high,0,sustainability reporting,sustainability reporting,"‘In order for the statutory auditor to also be approved to carry out the assurance of sustainability reporting, the aptitude test referred to in the first subparagraph shall cover the statutory auditor’s adequate knowledge of the laws and regulations of the host Member State in so far as it is relevant to the assurance of sustainability reporting.’;"
32022L2464,Amendments to Directive 2006/43/EC,‘Article 12,TRANSITIONAL AND FINAL PROVISIONS ’;,article,auditoria,high,0,statutory auditor,statutory auditor,"‘In order for the statutory auditor to also be approved to carry out the assurance of sustainability reporting, the aptitude test referred to in the first subparagraph shall cover the statutory auditor’s adequate knowledge of the laws and regulations of the host Member State in so far as it is relevant to the assurance of sustainability reporting.’;"
32022L2464,Amendments to Directive 2006/43/EC,‘Article 14a,TRANSITIONAL AND FINAL PROVISIONS ’;,article,auditoria,high,0,statutory auditor,Statutory auditor,Statutory auditors approved or recognised before 1 January 2024 and persons undergoing the approval process for statutory auditors on 1 January 2024
32022L2464,Amendments to Directive 2006/43/EC,‘Article 14a,TRANSITIONAL AND FINAL PROVISIONS ’;,article,auditoria,high,0,statutory auditor,statutory auditor,"Member States shall ensure that statutory auditors that are approved or recognised to carry out statutory audits before 1 January 2024 are not subject to the requirements of Article 7(2), Article 8(3), the second subparagraph of Article 10(1) and the fourth subparagraph of Article 14(2)."
32022L2464,Amendments to Directive 2006/43/EC,‘Article 14a,TRANSITIONAL AND FINAL PROVISIONS ’;,article,reportar,high,0,sustainability reporting,sustainability reporting,"Member States shall ensure that statutory auditors approved before 1 January 2026 who wish to carry out the assurance of sustainability reporting acquire the necessary knowledge of sustainability reporting and the assurance of sustainability reporting, including of the subjects listed in Article 8(3), via the continuing education referred to in Article 13.’;"
32022L2464,Amendments to Directive 2006/43/EC,‘Article 14a,TRANSITIONAL AND FINAL PROVISIONS ’;,article,auditoria,high,0,statutory auditor,statutory auditor,"Member States shall ensure that statutory auditors approved before 1 January 2026 who wish to carry out the assurance of sustainability reporting acquire the necessary knowledge of sustainability reporting and the assurance of sustainability reporting, including of the subjects listed in Article 8(3), via the continuing education referred to in Article 13.’;"
32022L2464,Amendments to Directive 2006/43/EC,‘Article 14a,TRANSITIONAL AND FINAL PROVISIONS ’;,article,auditoria,high,0,statutory auditor,statutory auditor,"‘1. As regards statutory auditors, the public register shall contain at least the following information:"
32022L2464,Amendments to Directive 2006/43/EC,‘Article 14a,TRANSITIONAL AND FINAL PROVISIONS ’;,article,auditoria,high,0,statutory auditor,statutory auditor,"if applicable, the name, address, website address and registration number of the audit firm(s) by which the statutory auditor is employed, or with whom he or she is associated as a partner or otherwise;"
32022L2464,Amendments to Directive 2006/43/EC,‘Article 14a,TRANSITIONAL AND FINAL PROVISIONS ’;,article,reportar,high,0,sustainability reporting,sustainability reporting,whether the statutory auditor is also approved for carrying out the assurance of sustainability reporting;
32022L2464,Amendments to Directive 2006/43/EC,‘Article 14a,TRANSITIONAL AND FINAL PROVISIONS ’;,article,auditoria,high,0,statutory auditor,statutory auditor,whether the statutory auditor is also approved for carrying out the assurance of sustainability reporting;
32022L2464,Amendments to Directive 2006/43/EC,‘Article 14a,TRANSITIONAL AND FINAL PROVISIONS ’;,article,reportar,high,0,sustainability reporting,sustainability reporting,"all other registration(s) as statutory auditor with the competent authorities of other Member States and as auditor with third countries, including the name(s) of the registration authority(ies), and, if applicable, the registration number(s), and an indication of whether the registration concerns the statutory audit, the assurance of sustainability reporting, or both.’;"
32022L2464,Amendments to Directive 2006/43/EC,‘Article 14a,TRANSITIONAL AND FINAL PROVISIONS ’;,article,auditoria,high,0,statutory auditor,statutory auditor,"all other registration(s) as statutory auditor with the competent authorities of other Member States and as auditor with third countries, including the name(s) of the registration authority(ies), and, if applicable, the registration number(s), and an indication of whether the registration concerns the statutory audit, the assurance of sustainability reporting, or both.’;"
32022L2464,Amendments to Directive 2006/43/EC,‘Article 14a,TRANSITIONAL AND FINAL PROVISIONS ’;,article,reportar,high,0,sustainability reporting,sustainability reporting,"‘The register shall indicate whether third-country auditors as referred to in the first subparagraph are registered for carrying out the statutory audit, the assurance of sustainability reporting, or both.’;"
32022L2464,Amendments to Directive 2006/43/EC,‘Article 14a,TRANSITIONAL AND FINAL PROVISIONS ’;,article,auditoria,high,0,(EU ETS )?(lead )?auditor,auditor,"‘The register shall indicate whether third-country auditors as referred to in the first subparagraph are registered for carrying out the statutory audit, the assurance of sustainability reporting, or both.’;"
32022L2464,Amendments to Directive 2006/43/EC,‘Article 14a,TRANSITIONAL AND FINAL PROVISIONS ’;,article,reportar,high,0,sustainability reporting,sustainability reporting,"name and registration number of all statutory auditors employed by, or associated as partners or otherwise with, the audit firm, and an indication of whether they are also approved for carrying out the assurance of sustainability reporting;’;"
32022L2464,Amendments to Directive 2006/43/EC,‘Article 14a,TRANSITIONAL AND FINAL PROVISIONS ’;,article,auditoria,high,0,statutory auditor,statutory auditor,"name and registration number of all statutory auditors employed by, or associated as partners or otherwise with, the audit firm, and an indication of whether they are also approved for carrying out the assurance of sustainability reporting;’;"
32022L2464,Amendments to Directive 2006/43/EC,‘Article 14a,TRANSITIONAL AND FINAL PROVISIONS ’;,article,reportar,high,0,sustainability reporting,sustainability reporting,"all other registration(s) as audit firm with the competent authorities of other Member States and as audit entity with third countries, including the name(s) of the registration authority(ies), and, if applicable, the registration number(s), and an indication of whether the registration concerns the statutory audit, the assurance of sustainability reporting, or both.’;"
32022L2464,Amendments to Directive 2006/43/EC,‘Article 14a,TRANSITIONAL AND FINAL PROVISIONS ’;,article,auditoria,high,0,audit firm,audit firm,"all other registration(s) as audit firm with the competent authorities of other Member States and as audit entity with third countries, including the name(s) of the registration authority(ies), and, if applicable, the registration number(s), and an indication of whether the registration concerns the statutory audit, the assurance of sustainability reporting, or both.’;"
32022L2464,Amendments to Directive 2006/43/EC,‘Article 14a,TRANSITIONAL AND FINAL PROVISIONS ’;,article,reportar,high,0,sustainability reporting,sustainability reporting,"‘The register shall indicate whether third-country audit entities as referred to in the first subparagraph are registered for carrying out the statutory audit, the assurance of sustainability reporting, or both.’;"
32022L2464,Amendments to Directive 2006/43/EC,‘Article 14a,TRANSITIONAL AND FINAL PROVISIONS ’;,article,auditoria,low,0,\baudit\w*,audit,"‘The register shall indicate whether third-country audit entities as referred to in the first subparagraph are registered for carrying out the statutory audit, the assurance of sustainability reporting, or both.’;"
32022L2464,Amendments to Directive 2006/43/EC,‘Article 14a,TRANSITIONAL AND FINAL PROVISIONS ’;,article,auditoria,high,0,audit firm,audit firm,"‘1. Member States shall ensure that, when the statutory audit is carried out by an audit firm, that audit firm designates at least one key audit partner. The audit firm shall provide the key audit partner(s) with sufficient resources and with personnel that have the necessary competence and capabilities to carry out his, her or its duties appropriately."
32022L2464,Amendments to Directive 2006/43/EC,‘Article 14a,TRANSITIONAL AND FINAL PROVISIONS ’;,article,reportar,high,0,sustainability reporting,sustainability reporting,"Member States shall ensure that, when the assurance of sustainability reporting is carried out by an audit firm, that audit firm designates at least one key sustainability partner, who may be (one of) the key audit partner(s). The audit firm shall provide the key sustainability partner(s) with sufficient resources and with personnel that have the necessary competence and capabilities to carry out his, her or its duties appropriately."
32022L2464,Amendments to Directive 2006/43/EC,‘Article 14a,TRANSITIONAL AND FINAL PROVISIONS ’;,article,auditoria,high,0,audit firm,audit firm,"Member States shall ensure that, when the assurance of sustainability reporting is carried out by an audit firm, that audit firm designates at least one key sustainability partner, who may be (one of) the key audit partner(s). The audit firm shall provide the key sustainability partner(s) with sufficient resources and with personnel that have the necessary competence and capabilities to carry out his, her or its duties appropriately."
32022L2464,Amendments to Directive 2006/43/EC,‘Article 14a,TRANSITIONAL AND FINAL PROVISIONS ’;,article,auditoria,high,0,audit firm,audit firm,"Securing audit and assurance quality, independence and competence shall be the main criteria when the audit firm selects the key audit partner(s) and, where applicable, the key sustainability partner(s) to be designated."
32022L2464,Amendments to Directive 2006/43/EC,‘Article 14a,TRANSITIONAL AND FINAL PROVISIONS ’;,article,reportar,high,0,sustainability reporting,sustainability reporting,The key audit partner(s) shall be actively involved in the carrying-out of the statutory audit. The key sustainability partner shall be actively involved in the carrying-out of the assurance of sustainability reporting.’;
32022L2464,Amendments to Directive 2006/43/EC,‘Article 14a,TRANSITIONAL AND FINAL PROVISIONS ’;,article,auditoria,low,0,\baudit\w*,audit,The key audit partner(s) shall be actively involved in the carrying-out of the statutory audit. The key sustainability partner shall be actively involved in the carrying-out of the assurance of sustainability reporting.’;
32022L2464,Amendments to Directive 2006/43/EC,‘Article 14a,TRANSITIONAL AND FINAL PROVISIONS ’;,article,reportar,high,0,sustainability reporting,sustainability reporting,"‘2a. When carrying out the assurance of sustainability reporting, the statutory auditor shall devote sufficient time to the engagement and shall assign sufficient resources to enable him or her to carry out his or her duties appropriately.’;"
32022L2464,Amendments to Directive 2006/43/EC,‘Article 14a,TRANSITIONAL AND FINAL PROVISIONS ’;,article,auditoria,high,0,statutory auditor,statutory auditor,"‘2a. When carrying out the assurance of sustainability reporting, the statutory auditor shall devote sufficient time to the engagement and shall assign sufficient resources to enable him or her to carry out his or her duties appropriately.’;"
32022L2464,Amendments to Directive 2006/43/EC,‘Article 14a,TRANSITIONAL AND FINAL PROVISIONS ’;,article,auditoria,high,0,audit firm,audit firm,"in the case of an audit firm, the name(s) of the key audit partner(s) and, where applicable, the name(s) of the key sustainability partner(s);"
32022L2464,Amendments to Directive 2006/43/EC,‘Article 14a,TRANSITIONAL AND FINAL PROVISIONS ’;,article,reportar,high,0,sustainability reporting,sustainability reporting,"the fees charged for the statutory audit, the fees charged for the assurance of sustainability reporting and the fees charged for other services in any financial year.’;"
32022L2464,Amendments to Directive 2006/43/EC,‘Article 14a,TRANSITIONAL AND FINAL PROVISIONS ’;,article,auditoria,low,0,\baudit\w*,audit,"the fees charged for the statutory audit, the fees charged for the assurance of sustainability reporting and the fees charged for other services in any financial year.’;"
32022L2464,Amendments to Directive 2006/43/EC,‘Article 14a,TRANSITIONAL AND FINAL PROVISIONS ’;,article,reportar,high,0,sustainability reporting,sustainability reporting,‘5a. A statutory auditor or an audit firm shall create an assurance file for each assurance engagement concerning sustainability reporting.
32022L2464,Amendments to Directive 2006/43/EC,‘Article 14a,TRANSITIONAL AND FINAL PROVISIONS ’;,article,auditoria,high,0,statutory auditor,statutory auditor,‘5a. A statutory auditor or an audit firm shall create an assurance file for each assurance engagement concerning sustainability reporting.
32022L2464,Amendments to Directive 2006/43/EC,‘Article 14a,TRANSITIONAL AND FINAL PROVISIONS ’;,article,reportar,high,0,sustainability reporting,sustainability reporting,The statutory auditor or the audit firm shall document at least the data recorded pursuant to Article 22b as regards the assurance of sustainability reporting.
32022L2464,Amendments to Directive 2006/43/EC,‘Article 14a,TRANSITIONAL AND FINAL PROVISIONS ’;,article,auditoria,high,0,statutory auditor,statutory auditor,The statutory auditor or the audit firm shall document at least the data recorded pursuant to Article 22b as regards the assurance of sustainability reporting.
32022L2464,Amendments to Directive 2006/43/EC,‘Article 14a,TRANSITIONAL AND FINAL PROVISIONS ’;,article,reportar,high,0,sustainability reporting,sustainability reporting,The statutory auditor or the audit firm shall retain any other data and documents that are of importance in support of the assurance report on sustainability reporting referred to in Article 28a and for monitoring compliance with this Directive and other applicable legal requirements as regards the assurance of sustainability reporting.
32022L2464,Amendments to Directive 2006/43/EC,‘Article 14a,TRANSITIONAL AND FINAL PROVISIONS ’;,article,auditoria,high,0,statutory auditor,statutory auditor,The statutory auditor or the audit firm shall retain any other data and documents that are of importance in support of the assurance report on sustainability reporting referred to in Article 28a and for monitoring compliance with this Directive and other applicable legal requirements as regards the assurance of sustainability reporting.
32022L2464,Amendments to Directive 2006/43/EC,‘Article 14a,TRANSITIONAL AND FINAL PROVISIONS ’;,article,reportar,high,0,sustainability reporting,sustainability reporting,The assurance file shall be closed no later than 60 days after the date of signature of the assurance report on sustainability reporting referred to in Article 28a.
32022L2464,Amendments to Directive 2006/43/EC,‘Article 14a,TRANSITIONAL AND FINAL PROVISIONS ’;,article,auditoria,low,0,\bassurance\b,assurance,The assurance file shall be closed no later than 60 days after the date of signature of the assurance report on sustainability reporting referred to in Article 28a.
32022L2464,Amendments to Directive 2006/43/EC,‘Article 14a,TRANSITIONAL AND FINAL PROVISIONS ’;,article,reportar,high,0,sustainability reporting,sustainability reporting,"Where the same statutory auditor carries out the statutory audit of annual financial statements and the assurance of sustainability reporting, the assurance file may be included in the audit file.’;"
32022L2464,Amendments to Directive 2006/43/EC,‘Article 14a,TRANSITIONAL AND FINAL PROVISIONS ’;,article,auditoria,high,0,statutory auditor,statutory auditor,"Where the same statutory auditor carries out the statutory audit of annual financial statements and the assurance of sustainability reporting, the assurance file may be included in the audit file.’;"
32022L2464,Amendments to Directive 2006/43/EC,‘Article 14a,TRANSITIONAL AND FINAL PROVISIONS ’;,article,reportar,high,0,sustainability reporting,sustainability reporting,‘The statutory auditor or the audit firm shall keep records of any complaints made in writing about the performance of the statutory audits carried out and about the performance of assurance engagements concerning sustainability reporting carried out.’;
32022L2464,Amendments to Directive 2006/43/EC,‘Article 14a,TRANSITIONAL AND FINAL PROVISIONS ’;,article,auditoria,high,0,statutory auditor,statutory auditor,‘The statutory auditor or the audit firm shall keep records of any complaints made in writing about the performance of the statutory audits carried out and about the performance of assurance engagements concerning sustainability reporting carried out.’;
32022L2464,Amendments to Directive 2006/43/EC,‘Article 25,TRANSITIONAL AND FINAL PROVISIONS ’;,article,auditoria,low,0,\baudit\w*,Audit,Audit and assurance fees
32022L2464,Amendments to Directive 2006/43/EC,‘Article 25,TRANSITIONAL AND FINAL PROVISIONS ’;,article,reportar,high,0,sustainability reporting,sustainability reporting,Member States shall ensure that adequate rules are in place which provide that fees for statutory audits and the assurance of sustainability reporting:
32022L2464,Amendments to Directive 2006/43/EC,‘Article 25,TRANSITIONAL AND FINAL PROVISIONS ’;,article,auditoria,low,0,\baudit\w*,audits,Member States shall ensure that adequate rules are in place which provide that fees for statutory audits and the assurance of sustainability reporting:
32022L2464,Amendments to Directive 2006/43/EC,‘Article 25,TRANSITIONAL AND FINAL PROVISIONS ’;,article,reportar,high,0,sustainability reporting,sustainability reporting,are not influenced or determined by the provision of additional services to the entity that is the subject of the statutory audit or the assurance of sustainability reporting; and
32022L2464,Amendments to Directive 2006/43/EC,‘Article 25,TRANSITIONAL AND FINAL PROVISIONS ’;,article,auditoria,low,0,\baudit\w*,audit,are not influenced or determined by the provision of additional services to the entity that is the subject of the statutory audit or the assurance of sustainability reporting; and
32022L2464,Amendments to Directive 2006/43/EC,‘Article 25b,TRANSITIONAL AND FINAL PROVISIONS ’;,article,reportar,high,0,sustainability reporting,sustainability reporting,"Professional ethics, independence, objectivity, confidentiality and professional secrecy as regards the assurance of sustainability reporting"
32022L2464,Amendments to Directive 2006/43/EC,‘Article 25b,TRANSITIONAL AND FINAL PROVISIONS ’;,article,auditoria,low,0,\bassurance\b,assurance,"Professional ethics, independence, objectivity, confidentiality and professional secrecy as regards the assurance of sustainability reporting"
32022L2464,Amendments to Directive 2006/43/EC,‘Article 25b,TRANSITIONAL AND FINAL PROVISIONS ’;,article,reportar,high,0,sustainability reporting,sustainability reporting,The requirements in Articles 21 to 24a as regards the statutory audit of financial statements shall apply mutatis mutandis to the assurance of sustainability reporting.
32022L2464,Amendments to Directive 2006/43/EC,‘Article 25b,TRANSITIONAL AND FINAL PROVISIONS ’;,article,auditoria,low,0,\baudit\w*,audit,The requirements in Articles 21 to 24a as regards the statutory audit of financial statements shall apply mutatis mutandis to the assurance of sustainability reporting.
32022L2464,Amendments to Directive 2006/43/EC,Article 25c,TRANSITIONAL AND FINAL PROVISIONS ’;,article,reportar,high,0,sustainability reporting,sustainability reporting,Prohibited non-audit services in cases where the statutory auditor carries out the assurance of sustainability reporting of a public-interest entity
32022L2464,Amendments to Directive 2006/43/EC,Article 25c,TRANSITIONAL AND FINAL PROVISIONS ’;,article,auditoria,high,0,statutory auditor,statutory auditor,Prohibited non-audit services in cases where the statutory auditor carries out the assurance of sustainability reporting of a public-interest entity
32022L2464,Amendments to Directive 2006/43/EC,Article 25c,TRANSITIONAL AND FINAL PROVISIONS ’;,article,reportar,high,0,sustainability reporting,sustainability reporting,"1. A statutory auditor or an audit firm carrying out the assurance of sustainability reporting of a public-interest entity, or any member of the network to which the statutory auditor or the audit firm belongs, shall not directly or indirectly provide to the public-interest entity that is the subject of the assurance of sustainability reporting, to its parent undertaking or to its controlled undertakings within the Union the prohibited non-audit services referred to in points (b) and (c) and poi"
32022L2464,Amendments to Directive 2006/43/EC,Article 25c,TRANSITIONAL AND FINAL PROVISIONS ’;,article,auditoria,high,0,statutory auditor,statutory auditor,"1. A statutory auditor or an audit firm carrying out the assurance of sustainability reporting of a public-interest entity, or any member of the network to which the statutory auditor or the audit firm belongs, shall not directly or indirectly provide to the public-interest entity that is the subject of the assurance of sustainability reporting, to its parent undertaking or to its controlled undertakings within the Union the prohibited non-audit services referred to in points (b) and (c) and poi"
32022L2464,Amendments to Directive 2006/43/EC,Article 25c,TRANSITIONAL AND FINAL PROVISIONS ’;,article,reportar,high,0,sustainability reporting,sustainability reporting,the period between the beginning of the period subject to the assurance of sustainability reporting and the issuing of the assurance report on sustainability reporting; and
32022L2464,Amendments to Directive 2006/43/EC,Article 25c,TRANSITIONAL AND FINAL PROVISIONS ’;,article,auditoria,low,0,\bassurance\b,assurance,the period between the beginning of the period subject to the assurance of sustainability reporting and the issuing of the assurance report on sustainability reporting; and
32022L2464,Amendments to Directive 2006/43/EC,Article 25c,TRANSITIONAL AND FINAL PROVISIONS ’;,article,reportar,high,0,sustainability reporting,sustainability reporting,"2. A statutory auditor or an audit firm carrying out the assurance of sustainability reporting of public-interest entities and, where the statutory auditor or the audit firm belongs to a network, any member of such network, may provide to the public-interest entity that is the subject of the assurance of sustainability reporting, to its parent undertaking or to its controlled undertakings non-audit services other than the prohibited non-audit services referred to in paragraph 1 of this Article, "
32022L2464,Amendments to Directive 2006/43/EC,Article 25c,TRANSITIONAL AND FINAL PROVISIONS ’;,article,auditoria,high,0,statutory auditor,statutory auditor,"2. A statutory auditor or an audit firm carrying out the assurance of sustainability reporting of public-interest entities and, where the statutory auditor or the audit firm belongs to a network, any member of such network, may provide to the public-interest entity that is the subject of the assurance of sustainability reporting, to its parent undertaking or to its controlled undertakings non-audit services other than the prohibited non-audit services referred to in paragraph 1 of this Article, "
32022L2464,Amendments to Directive 2006/43/EC,Article 25c,TRANSITIONAL AND FINAL PROVISIONS ’;,article,reportar,high,0,sustainability reporting,sustainability reporting,"3. When a member of a network to which the statutory auditor or the audit firm carrying out the assurance of sustainability reporting of a public-interest entity belongs provides the prohibited non-audit services referred to in paragraph 1 of this Article to an undertaking incorporated in a third country which is controlled by the public-interest entity that is the subject of assurance of sustainability reporting, the statutory auditor or the audit firm concerned shall assess whether his, her or"
32022L2464,Amendments to Directive 2006/43/EC,Article 25c,TRANSITIONAL AND FINAL PROVISIONS ’;,article,auditoria,high,0,statutory auditor,statutory auditor,"3. When a member of a network to which the statutory auditor or the audit firm carrying out the assurance of sustainability reporting of a public-interest entity belongs provides the prohibited non-audit services referred to in paragraph 1 of this Article to an undertaking incorporated in a third country which is controlled by the public-interest entity that is the subject of assurance of sustainability reporting, the statutory auditor or the audit firm concerned shall assess whether his, her or"
32022L2464,Amendments to Directive 2006/43/EC,Article 25c,TRANSITIONAL AND FINAL PROVISIONS ’;,article,reportar,high,0,sustainability reporting,sustainability reporting,"If his, her or its independence is affected, the statutory auditor or the audit firm shall apply safeguards in order to mitigate the threats caused by the provision of prohibited non-audit services referred to in paragraph 1 of this Article in a third country. The statutory auditor or the audit firm may continue to carry out the assurance of sustainability reporting of the public-interest entity only if he, she or it can justify, in accordance with Article 22b, that the provision of such service"
32022L2464,Amendments to Directive 2006/43/EC,Article 25c,TRANSITIONAL AND FINAL PROVISIONS ’;,article,auditoria,high,0,statutory auditor,statutory auditor,"If his, her or its independence is affected, the statutory auditor or the audit firm shall apply safeguards in order to mitigate the threats caused by the provision of prohibited non-audit services referred to in paragraph 1 of this Article in a third country. The statutory auditor or the audit firm may continue to carry out the assurance of sustainability reporting of the public-interest entity only if he, she or it can justify, in accordance with Article 22b, that the provision of such service"
32022L2464,Amendments to Directive 2006/43/EC,Article 25d,TRANSITIONAL AND FINAL PROVISIONS ’;,article,reportar,high,0,sustainability reporting,sustainability reporting,Article 7 of Regulation (EU) No 537/2014 shall apply mutatis mutandis to a statutory auditor or an audit firm carrying out the assurance of sustainability reporting of a public-interest entity.’;
32022L2464,Amendments to Directive 2006/43/EC,Article 25d,TRANSITIONAL AND FINAL PROVISIONS ’;,article,auditoria,high,0,statutory auditor,statutory auditor,Article 7 of Regulation (EU) No 537/2014 shall apply mutatis mutandis to a statutory auditor or an audit firm carrying out the assurance of sustainability reporting of a public-interest entity.’;
32022L2464,Amendments to Directive 2006/43/EC,‘Article 26a,TRANSITIONAL AND FINAL PROVISIONS ’;,article,reportar,high,0,sustainability reporting,sustainability reporting,Assurance standards for sustainability reporting
32022L2464,Amendments to Directive 2006/43/EC,‘Article 26a,TRANSITIONAL AND FINAL PROVISIONS ’;,article,auditoria,low,0,\bassurance\b,Assurance,Assurance standards for sustainability reporting
32022L2464,Amendments to Directive 2006/43/EC,‘Article 26a,TRANSITIONAL AND FINAL PROVISIONS ’;,article,reportar,high,0,sustainability reporting,sustainability reporting,1. Member States shall require statutory auditors and audit firms to carry out the assurance of sustainability reporting in compliance with the assurance standards adopted by the Commission in accordance with paragraph 3.
32022L2464,Amendments to Directive 2006/43/EC,‘Article 26a,TRANSITIONAL AND FINAL PROVISIONS ’;,article,auditoria,high,0,statutory auditor,statutory auditor,1. Member States shall require statutory auditors and audit firms to carry out the assurance of sustainability reporting in compliance with the assurance standards adopted by the Commission in accordance with paragraph 3.
32022L2464,Amendments to Directive 2006/43/EC,‘Article 26a,TRANSITIONAL AND FINAL PROVISIONS ’;,article,auditoria,low,0,\bassurance\b,assurance,"2. Member States may apply national assurance standards, procedures or requirements as long as the Commission has not adopted an assurance standard covering the same subject matter."
32022L2464,Amendments to Directive 2006/43/EC,‘Article 26a,TRANSITIONAL AND FINAL PROVISIONS ’;,article,auditoria,low,0,\bassurance\b,assurance,"Member States shall communicate the national assurance standards, procedures or requirements to the Commission at least three months before their entry into force."
32022L2464,Amendments to Directive 2006/43/EC,‘Article 26a,TRANSITIONAL AND FINAL PROVISIONS ’;,article,reportar,high,0,sustainability reporting,sustainability reporting,"3. The Commission shall, no later than 1 October 2026, adopt delegated acts in accordance with Article 48a in order to supplement this Directive in order to provide for limited assurance standards setting out the procedures that the auditor(s) and the audit firm(s) shall perform in order to draw his, her or its conclusions on the assurance of sustainability reporting, including engagement planning, risk consideration and response to risks and type of conclusions to be included in the assurance r"
32022L2464,Amendments to Directive 2006/43/EC,‘Article 26a,TRANSITIONAL AND FINAL PROVISIONS ’;,article,auditoria,high,0,audit firm,audit firm,"3. The Commission shall, no later than 1 October 2026, adopt delegated acts in accordance with Article 48a in order to supplement this Directive in order to provide for limited assurance standards setting out the procedures that the auditor(s) and the audit firm(s) shall perform in order to draw his, her or its conclusions on the assurance of sustainability reporting, including engagement planning, risk consideration and response to risks and type of conclusions to be included in the assurance r"
32022L2464,Amendments to Directive 2006/43/EC,‘Article 26a,TRANSITIONAL AND FINAL PROVISIONS ’;,article,auditoria,high,0,(EU ETS )?(lead )?auditor,auditor,"The Commission shall, no later than 1 October 2028, adopt delegated acts in accordance with Article 48a in order to supplement this Directive in order to provide for reasonable assurance standards, following an assessment to determine if reasonable assurance is feasible for auditors and for undertakings. Taking into account the results of that assessment and if therefore appropriate, those delegated acts shall specify the date from which the opinion referred to in point (aa) of the second subpar"
32022L2464,Amendments to Directive 2006/43/EC,‘Article 26a,TRANSITIONAL AND FINAL PROVISIONS ’;,article,auditoria,low,0,\bassurance\b,assurance,The Commission may adopt the assurance standards referred to in the first and second subparagraphs only if they:
32022L2464,Amendments to Directive 2006/43/EC,‘Article 26a,TRANSITIONAL AND FINAL PROVISIONS ’;,article,reportar,high,0,sustainability reporting,sustainability reporting,contribute a high level of credibility and quality to the annual or consolidated sustainability reporting; and
32022L2464,Amendments to Directive 2006/43/EC,‘Article 27a,TRANSITIONAL AND FINAL PROVISIONS ’;,article,reportar,high,1,sustainability reporting,sustainability reporting,Assurance of consolidated sustainability reporting
32022L2464,Amendments to Directive 2006/43/EC,‘Article 27a,TRANSITIONAL AND FINAL PROVISIONS ’;,article,auditoria,low,1,\bassurance\b,Assurance,Assurance of consolidated sustainability reporting
32022L2464,Amendments to Directive 2006/43/EC,‘Article 27a,TRANSITIONAL AND FINAL PROVISIONS ’;,article,reportar,high,1,sustainability reporting,sustainability reporting,1. Member States shall ensure that in the case of assurance engagements concerning the consolidated sustainability reporting of a group of undertakings:
32022L2464,Amendments to Directive 2006/43/EC,‘Article 27a,TRANSITIONAL AND FINAL PROVISIONS ’;,article,auditoria,high,1,assurance (engagement|opinion|provider|services),assurance engagement,1. Member States shall ensure that in the case of assurance engagements concerning the consolidated sustainability reporting of a group of undertakings:
32022L2464,Amendments to Directive 2006/43/EC,‘Article 27a,TRANSITIONAL AND FINAL PROVISIONS ’;,article,reportar,high,1,sustainability reporting,sustainability reporting,"in relation to the consolidated sustainability reporting, the group auditor bears the full responsibility for the assurance report on sustainability reporting referred to in Article 28a;"
32022L2464,Amendments to Directive 2006/43/EC,‘Article 27a,TRANSITIONAL AND FINAL PROVISIONS ’;,article,auditoria,high,1,(EU ETS )?(lead )?auditor,auditor,"in relation to the consolidated sustainability reporting, the group auditor bears the full responsibility for the assurance report on sustainability reporting referred to in Article 28a;"
32022L2464,Amendments to Directive 2006/43/EC,‘Article 27a,TRANSITIONAL AND FINAL PROVISIONS ’;,article,reportar,high,1,sustainability reporting,sustainability reporting,"the group auditor evaluates the assurance work performed by any independent assurance services provider(s), third-country auditor(s), statutory auditor(s), third-country audit entity(ies) or audit firm(s) for the purpose of the assurance of consolidated sustainability reporting and documents the nature, timing and extent of the work performed by those auditors, including, where applicable, the group auditor’s review of relevant parts of those auditors’ assurance documentation; and"
32022L2464,Amendments to Directive 2006/43/EC,‘Article 27a,TRANSITIONAL AND FINAL PROVISIONS ’;,article,certificacao,high,1,independent assurance services provider,independent assurance services provider,"the group auditor evaluates the assurance work performed by any independent assurance services provider(s), third-country auditor(s), statutory auditor(s), third-country audit entity(ies) or audit firm(s) for the purpose of the assurance of consolidated sustainability reporting and documents the nature, timing and extent of the work performed by those auditors, including, where applicable, the group auditor’s review of relevant parts of those auditors’ assurance documentation; and"
32022L2464,Amendments to Directive 2006/43/EC,‘Article 27a,TRANSITIONAL AND FINAL PROVISIONS ’;,article,auditoria,high,1,statutory auditor,statutory auditor,"the group auditor evaluates the assurance work performed by any independent assurance services provider(s), third-country auditor(s), statutory auditor(s), third-country audit entity(ies) or audit firm(s) for the purpose of the assurance of consolidated sustainability reporting and documents the nature, timing and extent of the work performed by those auditors, including, where applicable, the group auditor’s review of relevant parts of those auditors’ assurance documentation; and"
32022L2464,Amendments to Directive 2006/43/EC,‘Article 27a,TRANSITIONAL AND FINAL PROVISIONS ’;,article,reportar,high,1,sustainability reporting,sustainability reporting,"the group auditor reviews the assurance work performed by independent assurance services provider(s), third-country auditor(s), statutory auditor(s), third-country audit entity(ies) or audit firm(s) for the purpose of the assurance of consolidated sustainability reporting and documents it."
32022L2464,Amendments to Directive 2006/43/EC,‘Article 27a,TRANSITIONAL AND FINAL PROVISIONS ’;,article,certificacao,high,1,independent assurance services provider,independent assurance services provider,"the group auditor reviews the assurance work performed by independent assurance services provider(s), third-country auditor(s), statutory auditor(s), third-country audit entity(ies) or audit firm(s) for the purpose of the assurance of consolidated sustainability reporting and documents it."
32022L2464,Amendments to Directive 2006/43/EC,‘Article 27a,TRANSITIONAL AND FINAL PROVISIONS ’;,article,auditoria,high,1,statutory auditor,statutory auditor,"the group auditor reviews the assurance work performed by independent assurance services provider(s), third-country auditor(s), statutory auditor(s), third-country audit entity(ies) or audit firm(s) for the purpose of the assurance of consolidated sustainability reporting and documents it."
32022L2464,Amendments to Directive 2006/43/EC,‘Article 27a,TRANSITIONAL AND FINAL PROVISIONS ’;,article,auditoria,high,1,(EU ETS )?(lead )?auditor,auditor,The documentation retained by the group auditor shall be such as to enable the relevant competent authority to review the work of the group auditor.
32022L2464,Amendments to Directive 2006/43/EC,‘Article 27a,TRANSITIONAL AND FINAL PROVISIONS ’;,article,reportar,high,1,sustainability reporting,sustainability reporting,"For the purposes of point (c) of the first subparagraph of this paragraph, the group auditor shall request the agreement of the independent assurance services provider(s), third-country auditor(s), statutory auditor(s), third-country audit entity(ies) or audit firm(s) concerned to the transfer of relevant documentation during the conduct of the assurance of consolidated sustainability reporting, as a condition of the reliance by the group auditor on the work of those independent assurance servic"
32022L2464,Amendments to Directive 2006/43/EC,‘Article 27a,TRANSITIONAL AND FINAL PROVISIONS ’;,article,certificacao,high,1,independent assurance services provider,independent assurance services provider,"For the purposes of point (c) of the first subparagraph of this paragraph, the group auditor shall request the agreement of the independent assurance services provider(s), third-country auditor(s), statutory auditor(s), third-country audit entity(ies) or audit firm(s) concerned to the transfer of relevant documentation during the conduct of the assurance of consolidated sustainability reporting, as a condition of the reliance by the group auditor on the work of those independent assurance servic"
32022L2464,Amendments to Directive 2006/43/EC,‘Article 27a,TRANSITIONAL AND FINAL PROVISIONS ’;,article,auditoria,high,1,statutory auditor,statutory auditor,"For the purposes of point (c) of the first subparagraph of this paragraph, the group auditor shall request the agreement of the independent assurance services provider(s), third-country auditor(s), statutory auditor(s), third-country audit entity(ies) or audit firm(s) concerned to the transfer of relevant documentation during the conduct of the assurance of consolidated sustainability reporting, as a condition of the reliance by the group auditor on the work of those independent assurance servic"
32022L2464,Amendments to Directive 2006/43/EC,‘Article 27a,TRANSITIONAL AND FINAL PROVISIONS ’;,article,auditoria,high,1,(EU ETS )?(lead )?auditor,auditor,"2. Where the group auditor is unable to comply with point (c) of the first subparagraph of paragraph 1, he, she or it shall take appropriate measures and inform the relevant competent authority."
32022L2464,Amendments to Directive 2006/43/EC,‘Article 27a,TRANSITIONAL AND FINAL PROVISIONS ’;,article,auditoria,low,1,\bassurance\b,assurance,"Such measures shall, where appropriate, include carrying out additional assurance work, either directly or by outsourcing such tasks, in the relevant subsidiary."
32022L2464,Amendments to Directive 2006/43/EC,‘Article 27a,TRANSITIONAL AND FINAL PROVISIONS ’;,article,reportar,high,1,sustainability reporting,sustainability reporting,"3. Where the group auditor is subject to a quality assurance review or an investigation concerning the assurance of consolidated sustainability reporting of a group of undertakings, the group auditor shall, when requested, make available to the competent authority the relevant documentation he, she or it retains concerning the assurance work performed by the respective independent assurance services provider(s), third-country auditor(s), statutory auditor(s), third-country audit entity(ies) or a"
32022L2464,Amendments to Directive 2006/43/EC,‘Article 27a,TRANSITIONAL AND FINAL PROVISIONS ’;,article,certificacao,high,1,independent assurance services provider,independent assurance services provider,"3. Where the group auditor is subject to a quality assurance review or an investigation concerning the assurance of consolidated sustainability reporting of a group of undertakings, the group auditor shall, when requested, make available to the competent authority the relevant documentation he, she or it retains concerning the assurance work performed by the respective independent assurance services provider(s), third-country auditor(s), statutory auditor(s), third-country audit entity(ies) or a"
32022L2464,Amendments to Directive 2006/43/EC,‘Article 27a,TRANSITIONAL AND FINAL PROVISIONS ’;,article,auditoria,high,1,statutory auditor,statutory auditor,"3. Where the group auditor is subject to a quality assurance review or an investigation concerning the assurance of consolidated sustainability reporting of a group of undertakings, the group auditor shall, when requested, make available to the competent authority the relevant documentation he, she or it retains concerning the assurance work performed by the respective independent assurance services provider(s), third-country auditor(s), statutory auditor(s), third-country audit entity(ies) or a"
32022L2464,Amendments to Directive 2006/43/EC,‘Article 27a,TRANSITIONAL AND FINAL PROVISIONS ’;,article,reportar,high,1,sustainability reporting,sustainability reporting,The competent authority may request additional documentation on the assurance work performed by any statutory auditor(s) or audit firm(s) for the purpose of the assurance of consolidated sustainability reporting from the relevant competent authorities pursuant to Article 36.
32022L2464,Amendments to Directive 2006/43/EC,‘Article 27a,TRANSITIONAL AND FINAL PROVISIONS ’;,article,auditoria,high,1,statutory auditor,statutory auditor,The competent authority may request additional documentation on the assurance work performed by any statutory auditor(s) or audit firm(s) for the purpose of the assurance of consolidated sustainability reporting from the relevant competent authorities pursuant to Article 36.
32022L2464,Amendments to Directive 2006/43/EC,‘Article 27a,TRANSITIONAL AND FINAL PROVISIONS ’;,article,reportar,high,1,sustainability reporting,sustainability reporting,"Where the assurance of sustainability reporting of a parent undertaking or a subsidiary undertaking of a group of undertakings is carried out by any auditor(s) or audit entity(ies) from a third country, the competent authority may request additional documentation on the assurance work performed by any third-country auditor(s) or third-country audit entity(ies) from the relevant competent authorities from third countries through working arrangements."
32022L2464,Amendments to Directive 2006/43/EC,‘Article 27a,TRANSITIONAL AND FINAL PROVISIONS ’;,article,auditoria,high,1,(EU ETS )?(lead )?auditor,auditor,"Where the assurance of sustainability reporting of a parent undertaking or a subsidiary undertaking of a group of undertakings is carried out by any auditor(s) or audit entity(ies) from a third country, the competent authority may request additional documentation on the assurance work performed by any third-country auditor(s) or third-country audit entity(ies) from the relevant competent authorities from third countries through working arrangements."
32022L2464,Amendments to Directive 2006/43/EC,‘Article 27a,TRANSITIONAL AND FINAL PROVISIONS ’;,article,reportar,high,1,sustainability reporting,sustainability reporting,"By way of derogation from the third subparagraph, where any independent assurance services provider(s), third-country auditor(s) or audit entity(ies) that have no working arrangements carried out the assurance of sustainability reporting of a parent undertaking or a subsidiary undertaking of a group of undertakings, the group auditor shall, when requested, also be responsible for ensuring proper delivery of the additional documentation on the assurance work performed by such independent assuranc"
32022L2464,Amendments to Directive 2006/43/EC,‘Article 27a,TRANSITIONAL AND FINAL PROVISIONS ’;,article,certificacao,high,1,independent assurance services provider,independent assurance services provider,"By way of derogation from the third subparagraph, where any independent assurance services provider(s), third-country auditor(s) or audit entity(ies) that have no working arrangements carried out the assurance of sustainability reporting of a parent undertaking or a subsidiary undertaking of a group of undertakings, the group auditor shall, when requested, also be responsible for ensuring proper delivery of the additional documentation on the assurance work performed by such independent assuranc"
32022L2464,Amendments to Directive 2006/43/EC,‘Article 27a,TRANSITIONAL AND FINAL PROVISIONS ’;,article,auditoria,high,1,(EU ETS )?(lead )?auditor,auditor,"By way of derogation from the third subparagraph, where any independent assurance services provider(s), third-country auditor(s) or audit entity(ies) that have no working arrangements carried out the assurance of sustainability reporting of a parent undertaking or a subsidiary undertaking of a group of undertakings, the group auditor shall, when requested, also be responsible for ensuring proper delivery of the additional documentation on the assurance work performed by such independent assuranc"
32022L2464,Amendments to Directive 2006/43/EC,‘Article 27a,TRANSITIONAL AND FINAL PROVISIONS ’;,article,auditoria,low,1,\baudit\w*,audit,"include an opinion and a statement, both of which shall be based on the work undertaken in the course of the audit, pursuant to points (a) and (b) of the second subparagraph of Article 34(1) of Directive 2013/34/EU;’;"
32022L2464,Amendments to Directive 2006/43/EC,‘Article 28a,TRANSITIONAL AND FINAL PROVISIONS ’;,article,reportar,high,0,sustainability reporting,sustainability reporting,Assurance report on sustainability reporting
32022L2464,Amendments to Directive 2006/43/EC,‘Article 28a,TRANSITIONAL AND FINAL PROVISIONS ’;,article,auditoria,low,0,\bassurance\b,Assurance,Assurance report on sustainability reporting
32022L2464,Amendments to Directive 2006/43/EC,‘Article 28a,TRANSITIONAL AND FINAL PROVISIONS ’;,article,reportar,high,0,sustainability reporting,sustainability reporting,"1. The statutory auditor(s) or the audit firm(s) shall present the results of the assurance of sustainability reporting in an assurance report on sustainability reporting. That report shall be prepared in accordance with the requirements of assurance standards adopted by the Commission by means of the delegated acts adopted pursuant to Article 26a(3), or, pending adoption by the Commission of those assurance standards, in accordance with national assurance standards, as referred to in Article 26"
32022L2464,Amendments to Directive 2006/43/EC,‘Article 28a,TRANSITIONAL AND FINAL PROVISIONS ’;,article,auditoria,high,0,statutory auditor,statutory auditor,"1. The statutory auditor(s) or the audit firm(s) shall present the results of the assurance of sustainability reporting in an assurance report on sustainability reporting. That report shall be prepared in accordance with the requirements of assurance standards adopted by the Commission by means of the delegated acts adopted pursuant to Article 26a(3), or, pending adoption by the Commission of those assurance standards, in accordance with national assurance standards, as referred to in Article 26"
32022L2464,Amendments to Directive 2006/43/EC,‘Article 28a,TRANSITIONAL AND FINAL PROVISIONS ’;,article,reportar,high,0,sustainability reporting,sustainability reporting,2. The assurance report on sustainability reporting shall be in writing and shall:
32022L2464,Amendments to Directive 2006/43/EC,‘Article 28a,TRANSITIONAL AND FINAL PROVISIONS ’;,article,auditoria,low,0,\bassurance\b,assurance,2. The assurance report on sustainability reporting shall be in writing and shall:
32022L2464,Amendments to Directive 2006/43/EC,‘Article 28a,TRANSITIONAL AND FINAL PROVISIONS ’;,article,reportar,high,0,sustainability reporting,sustainability reporting,identify the entity whose annual or consolidated sustainability reporting is the subject of the assurance engagement; specify the annual or consolidated sustainability reporting and the date and period it covers; and identify the sustainability reporting framework that has been applied in its preparation;
32022L2464,Amendments to Directive 2006/43/EC,‘Article 28a,TRANSITIONAL AND FINAL PROVISIONS ’;,article,auditoria,high,0,assurance (engagement|opinion|provider|services),assurance engagement,identify the entity whose annual or consolidated sustainability reporting is the subject of the assurance engagement; specify the annual or consolidated sustainability reporting and the date and period it covers; and identify the sustainability reporting framework that has been applied in its preparation;
32022L2464,Amendments to Directive 2006/43/EC,‘Article 28a,TRANSITIONAL AND FINAL PROVISIONS ’;,article,reportar,high,0,sustainability reporting,sustainability reporting,"include a description of the scope of the assurance of sustainability reporting which shall, as a minimum, identify the assurance standards in accordance with which the assurance of sustainability reporting was conducted;"
32022L2464,Amendments to Directive 2006/43/EC,‘Article 28a,TRANSITIONAL AND FINAL PROVISIONS ’;,article,auditoria,low,0,\bassurance\b,assurance,"include a description of the scope of the assurance of sustainability reporting which shall, as a minimum, identify the assurance standards in accordance with which the assurance of sustainability reporting was conducted;"
32022L2464,Amendments to Directive 2006/43/EC,‘Article 28a,TRANSITIONAL AND FINAL PROVISIONS ’;,article,reportar,high,0,sustainability reporting,sustainability reporting,"3. Where the assurance of sustainability reporting was carried out by more than one statutory auditor or audit firm, the statutory auditor(s) or the audit firm(s) shall agree on the results of the assurance of sustainability reporting and submit a joint report and opinion. In the case of disagreement, each statutory auditor or audit firm shall submit his, her or its opinion in a separate paragraph of the assurance report on sustainability reporting and shall state the reason for the disagreement"
32022L2464,Amendments to Directive 2006/43/EC,‘Article 28a,TRANSITIONAL AND FINAL PROVISIONS ’;,article,auditoria,high,0,statutory auditor,statutory auditor,"3. Where the assurance of sustainability reporting was carried out by more than one statutory auditor or audit firm, the statutory auditor(s) or the audit firm(s) shall agree on the results of the assurance of sustainability reporting and submit a joint report and opinion. In the case of disagreement, each statutory auditor or audit firm shall submit his, her or its opinion in a separate paragraph of the assurance report on sustainability reporting and shall state the reason for the disagreement"
32022L2464,Amendments to Directive 2006/43/EC,‘Article 28a,TRANSITIONAL AND FINAL PROVISIONS ’;,article,reportar,high,0,sustainability reporting,sustainability reporting,"4. The assurance report on sustainability reporting shall be signed and dated by the statutory auditor carrying out the assurance of sustainability reporting. Where an audit firm carries out the assurance of sustainability reporting, the assurance report on sustainability reporting shall bear the signature of at least the statutory auditor(s) carrying out the assurance of sustainability reporting on behalf of the audit firm. Where more than one statutory auditor or audit firm have been simultane"
32022L2464,Amendments to Directive 2006/43/EC,‘Article 28a,TRANSITIONAL AND FINAL PROVISIONS ’;,article,auditoria,high,0,statutory auditor,statutory auditor,"4. The assurance report on sustainability reporting shall be signed and dated by the statutory auditor carrying out the assurance of sustainability reporting. Where an audit firm carries out the assurance of sustainability reporting, the assurance report on sustainability reporting shall bear the signature of at least the statutory auditor(s) carrying out the assurance of sustainability reporting on behalf of the audit firm. Where more than one statutory auditor or audit firm have been simultane"
32022L2464,Amendments to Directive 2006/43/EC,‘Article 28a,TRANSITIONAL AND FINAL PROVISIONS ’;,article,reportar,high,0,sustainability reporting,sustainability reporting,"5. Member States may require that, where the same statutory auditor carries out the statutory audit of annual financial statements and the assurance of sustainability reporting, the assurance report on sustainability reporting may be included as a separate section of the audit report."
32022L2464,Amendments to Directive 2006/43/EC,‘Article 28a,TRANSITIONAL AND FINAL PROVISIONS ’;,article,auditoria,high,0,statutory auditor,statutory auditor,"5. Member States may require that, where the same statutory auditor carries out the statutory audit of annual financial statements and the assurance of sustainability reporting, the assurance report on sustainability reporting may be included as a separate section of the audit report."
32022L2464,Amendments to Directive 2006/43/EC,‘Article 28a,TRANSITIONAL AND FINAL PROVISIONS ’;,article,reportar,high,0,sustainability reporting,sustainability reporting,6. The report of the statutory auditor or the audit firm on the consolidated sustainability reporting shall comply with the requirements set out in paragraphs 1 to 5.’;
32022L2464,Amendments to Directive 2006/43/EC,‘Article 28a,TRANSITIONAL AND FINAL PROVISIONS ’;,article,auditoria,high,0,statutory auditor,statutory auditor,6. The report of the statutory auditor or the audit firm on the consolidated sustainability reporting shall comply with the requirements set out in paragraphs 1 to 5.’;
32022L2464,Amendments to Directive 2006/43/EC,‘Article 28a,TRANSITIONAL AND FINAL PROVISIONS ’;,article,reportar,high,0,sustainability reporting,sustainability reporting,"the persons who carry out quality assurance reviews shall have appropriate professional education and relevant experience in statutory audit and financial reporting and, where applicable, in sustainability reporting and in the assurance of sustainability reporting or in other sustainability-related services, combined with specific training on quality assurance reviews;’;"
32022L2464,Amendments to Directive 2006/43/EC,‘Article 28a,TRANSITIONAL AND FINAL PROVISIONS ’;,article,auditoria,high,0,quality assurance review,quality assurance review,"the persons who carry out quality assurance reviews shall have appropriate professional education and relevant experience in statutory audit and financial reporting and, where applicable, in sustainability reporting and in the assurance of sustainability reporting or in other sustainability-related services, combined with specific training on quality assurance reviews;’;"
32022L2464,Amendments to Directive 2006/43/EC,‘Article 28a,TRANSITIONAL AND FINAL PROVISIONS ’;,article,reportar,high,0,sustainability reporting,sustainability reporting,"the scope of the quality assurance review, supported by adequate testing of selected audit files and, where applicable, assurance files, shall include an assessment of compliance with applicable auditing standards and independence requirements and, where applicable, with assurance standards, and an assessment of the quantity and quality of resources spent, of the audit fees and fees charged for the assurance of sustainability reporting, and of the internal quality control system of the audit fir"
32022L2464,Amendments to Directive 2006/43/EC,‘Article 28a,TRANSITIONAL AND FINAL PROVISIONS ’;,article,auditoria,high,0,audit firm,audit firm,"the scope of the quality assurance review, supported by adequate testing of selected audit files and, where applicable, assurance files, shall include an assessment of compliance with applicable auditing standards and independence requirements and, where applicable, with assurance standards, and an assessment of the quantity and quality of resources spent, of the audit fees and fees charged for the assurance of sustainability reporting, and of the internal quality control system of the audit fir"
32022L2464,Amendments to Directive 2006/43/EC,‘Article 28a,TRANSITIONAL AND FINAL PROVISIONS ’;,article,reportar,high,0,sustainability reporting,sustainability reporting,"quality assurance reviews shall take place on the basis of an analysis of the risk and, in the case of statutory auditors and audit firms carrying out statutory audits as defined in point (a) of point 1 of Article 2 and, where applicable, carrying out assurance of sustainability reporting, at least every six years;’;"
32022L2464,Amendments to Directive 2006/43/EC,‘Article 28a,TRANSITIONAL AND FINAL PROVISIONS ’;,article,auditoria,high,0,statutory auditor,statutory auditor,"quality assurance reviews shall take place on the basis of an analysis of the risk and, in the case of statutory auditors and audit firms carrying out statutory audits as defined in point (a) of point 1 of Article 2 and, where applicable, carrying out assurance of sustainability reporting, at least every six years;’;"
32022L2464,Amendments to Directive 2006/43/EC,‘Article 28a,TRANSITIONAL AND FINAL PROVISIONS ’;,article,reportar,high,0,sustainability reporting,sustainability reporting,"reviewers shall have appropriate professional education and relevant experience in statutory audit and financial reporting and, where applicable, in sustainability reporting and in the assurance of sustainability reporting or in other sustainability-related services, combined with specific training on quality assurance reviews;’;"
32022L2464,Amendments to Directive 2006/43/EC,‘Article 28a,TRANSITIONAL AND FINAL PROVISIONS ’;,article,auditoria,high,0,quality assurance review,quality assurance review,"reviewers shall have appropriate professional education and relevant experience in statutory audit and financial reporting and, where applicable, in sustainability reporting and in the assurance of sustainability reporting or in other sustainability-related services, combined with specific training on quality assurance reviews;’;"
32022L2464,Amendments to Directive 2006/43/EC,‘Article 28a,TRANSITIONAL AND FINAL PROVISIONS ’;,article,reportar,high,0,sustainability reporting,sustainability reporting,"‘2a. Member States may exempt, until 31 December 2025, persons who carry out quality assurance reviews relating to the assurance of sustainability reporting from the requirement to have relevant experience in sustainability reporting and in the assurance of sustainability reporting or in other sustainability-related services.’;"
32022L2464,Amendments to Directive 2006/43/EC,‘Article 28a,TRANSITIONAL AND FINAL PROVISIONS ’;,article,auditoria,high,0,quality assurance review,quality assurance review,"‘2a. Member States may exempt, until 31 December 2025, persons who carry out quality assurance reviews relating to the assurance of sustainability reporting from the requirement to have relevant experience in sustainability reporting and in the assurance of sustainability reporting or in other sustainability-related services.’;"
32022L2464,Amendments to Directive 2006/43/EC,‘Article 28a,TRANSITIONAL AND FINAL PROVISIONS ’;,article,reportar,high,0,sustainability reporting,sustainability reporting,"‘1. Member States shall ensure that there are effective systems of investigations and sanctions to detect, correct and prevent inadequate execution of the statutory audit and the assurance of sustainability reporting."
32022L2464,Amendments to Directive 2006/43/EC,‘Article 28a,TRANSITIONAL AND FINAL PROVISIONS ’;,article,auditoria,low,0,\baudit\w*,audit,"‘1. Member States shall ensure that there are effective systems of investigations and sanctions to detect, correct and prevent inadequate execution of the statutory audit and the assurance of sustainability reporting."
32022L2464,Amendments to Directive 2006/43/EC,‘Article 28a,TRANSITIONAL AND FINAL PROVISIONS ’;,article,reportar,high,0,sustainability reporting,sustainability reporting,"2. Without prejudice to their civil liability regimes, Member States shall provide for effective, proportionate and dissuasive sanctions in respect of statutory auditors and audit firms, where statutory audits or assurance of sustainability reporting are not carried out in conformity with the provisions adopted in the implementation of this Directive, and, where applicable, with Regulation (EU) No 537/2014."
32022L2464,Amendments to Directive 2006/43/EC,‘Article 28a,TRANSITIONAL AND FINAL PROVISIONS ’;,article,auditoria,high,0,statutory auditor,statutory auditor,"2. Without prejudice to their civil liability regimes, Member States shall provide for effective, proportionate and dissuasive sanctions in respect of statutory auditors and audit firms, where statutory audits or assurance of sustainability reporting are not carried out in conformity with the provisions adopted in the implementation of this Directive, and, where applicable, with Regulation (EU) No 537/2014."
32022L2464,Amendments to Directive 2006/43/EC,‘Article 28a,TRANSITIONAL AND FINAL PROVISIONS ’;,article,reportar,high,0,sustainability reporting,sustainability reporting,"a temporary prohibition, of up to three years’ duration, banning the statutory auditor, the audit firm or the key sustainability partner from carrying out the assurance of sustainability reporting and/or signing assurance reports on sustainability reporting;’;"
32022L2464,Amendments to Directive 2006/43/EC,‘Article 28a,TRANSITIONAL AND FINAL PROVISIONS ’;,article,auditoria,high,0,statutory auditor,statutory auditor,"a temporary prohibition, of up to three years’ duration, banning the statutory auditor, the audit firm or the key sustainability partner from carrying out the assurance of sustainability reporting and/or signing assurance reports on sustainability reporting;’;"
32022L2464,Amendments to Directive 2006/43/EC,‘Article 28a,TRANSITIONAL AND FINAL PROVISIONS ’;,article,reportar,high,0,sustainability reporting,sustainability reporting,a declaration that the assurance report on sustainability reporting does not meet the requirements of Article 28a of this Directive;’;
32022L2464,Amendments to Directive 2006/43/EC,‘Article 28a,TRANSITIONAL AND FINAL PROVISIONS ’;,article,auditoria,low,0,\bassurance\b,assurance,a declaration that the assurance report on sustainability reporting does not meet the requirements of Article 28a of this Directive;’;
32022L2464,Amendments to Directive 2006/43/EC,‘Article 28a,TRANSITIONAL AND FINAL PROVISIONS ’;,article,reportar,high,0,sustainability reporting,sustainability reporting,"‘3. The competent authority shall be governed by non-practitioners who are knowledgeable in the areas relevant to statutory audit and, where applicable, to the assurance of sustainability reporting. They shall be selected in accordance with an independent and transparent nomination procedure.’;"
32022L2464,Amendments to Directive 2006/43/EC,‘Article 28a,TRANSITIONAL AND FINAL PROVISIONS ’;,article,auditoria,low,0,\baudit\w*,audit,"‘3. The competent authority shall be governed by non-practitioners who are knowledgeable in the areas relevant to statutory audit and, where applicable, to the assurance of sustainability reporting. They shall be selected in accordance with an independent and transparent nomination procedure.’;"
32022L2464,Amendments to Directive 2006/43/EC,‘Article 28a,TRANSITIONAL AND FINAL PROVISIONS ’;,article,reportar,high,0,sustainability reporting,sustainability reporting,"the adoption of standards on professional ethics, internal quality control of audit firms, auditing and the assurance of sustainability reporting, except where those standards are adopted or approved by other Member State authorities;’;"
32022L2464,Amendments to Directive 2006/43/EC,‘Article 28a,TRANSITIONAL AND FINAL PROVISIONS ’;,article,auditoria,high,0,audit firm,audit firm,"the adoption of standards on professional ethics, internal quality control of audit firms, auditing and the assurance of sustainability reporting, except where those standards are adopted or approved by other Member State authorities;’;"
32022L2464,Amendments to Directive 2006/43/EC,‘Article 36a,TRANSITIONAL AND FINAL PROVISIONS ’;,article,reportar,high,0,sustainability reporting,sustainability reporting,Regulatory arrangements between Member States as regards the assurance of sustainability reporting
32022L2464,Amendments to Directive 2006/43/EC,‘Article 36a,TRANSITIONAL AND FINAL PROVISIONS ’;,article,auditoria,low,0,\bassurance\b,assurance,Regulatory arrangements between Member States as regards the assurance of sustainability reporting
32022L2464,Amendments to Directive 2006/43/EC,‘Article 36a,TRANSITIONAL AND FINAL PROVISIONS ’;,article,reportar,high,0,sustainability reporting,sustainability reporting,The requirements of Articles 34 and 36 as regards the statutory audit of financial statements shall apply mutatis mutandis to the assurance of sustainability reporting.’;
32022L2464,Amendments to Directive 2006/43/EC,‘Article 36a,TRANSITIONAL AND FINAL PROVISIONS ’;,article,auditoria,low,0,\baudit\w*,audit,The requirements of Articles 34 and 36 as regards the statutory audit of financial statements shall apply mutatis mutandis to the assurance of sustainability reporting.’;
32022L2464,Amendments to Directive 2006/43/EC,‘Article 36a,TRANSITIONAL AND FINAL PROVISIONS ’;,article,reportar,high,0,sustainability reporting,sustainability reporting,‘The first subparagraph shall apply to the appointment of the statutory auditor or audit firm for the purpose of the assurance of sustainability reporting.’;
32022L2464,Amendments to Directive 2006/43/EC,‘Article 36a,TRANSITIONAL AND FINAL PROVISIONS ’;,article,auditoria,high,0,statutory auditor,statutory auditor,‘The first subparagraph shall apply to the appointment of the statutory auditor or audit firm for the purpose of the assurance of sustainability reporting.’;
32022L2464,Amendments to Directive 2006/43/EC,‘Article 36a,TRANSITIONAL AND FINAL PROVISIONS ’;,article,reportar,high,0,sustainability reporting,sustainability reporting,‘The first subparagraph shall apply to the appointment of the statutory auditor or audit firm for the purpose of the assurance of sustainability reporting.’;
32022L2464,Amendments to Directive 2006/43/EC,‘Article 36a,TRANSITIONAL AND FINAL PROVISIONS ’;,article,auditoria,high,0,statutory auditor,statutory auditor,‘The first subparagraph shall apply to the appointment of the statutory auditor or audit firm for the purpose of the assurance of sustainability reporting.’;
32022L2464,Amendments to Directive 2006/43/EC,‘Article 36a,TRANSITIONAL AND FINAL PROVISIONS ’;,article,reportar,high,0,sustainability reporting,sustainability reporting,"‘3. Any contractual clause restricting the choice by the general meeting of shareholders or members of the audited entity pursuant to paragraph 1 to certain categories or lists of statutory auditors or audit firms as regards the appointment of a particular statutory auditor or audit firm to carry out the statutory audit and, where applicable, the assurance of sustainability reporting of that entity shall be prohibited. Any such existing clauses shall be null and void."
32022L2464,Amendments to Directive 2006/43/EC,‘Article 36a,TRANSITIONAL AND FINAL PROVISIONS ’;,article,auditoria,high,0,statutory auditor,statutory auditor,"‘3. Any contractual clause restricting the choice by the general meeting of shareholders or members of the audited entity pursuant to paragraph 1 to certain categories or lists of statutory auditors or audit firms as regards the appointment of a particular statutory auditor or audit firm to carry out the statutory audit and, where applicable, the assurance of sustainability reporting of that entity shall be prohibited. Any such existing clauses shall be null and void."
32022L2464,Amendments to Directive 2006/43/EC,‘Article 36a,TRANSITIONAL AND FINAL PROVISIONS ’;,article,reportar,high,0,sustainability reporting,sustainability reporting,"Member States shall ensure that shareholders or members of large undertakings subject to Articles 19a and 29a of Directive 2013/34/EU, except undertakings referred to in point (a) of point (1) of Article 2 of that Directive, and which represent more than 5 % of the voting rights or 5 % of the capital of the undertaking, acting individually or collectively, have the right to table a draft resolution to be adopted in the general meeting of shareholders or members, requiring that an accredited thir"
32022L2464,Amendments to Directive 2006/43/EC,‘Article 36a,TRANSITIONAL AND FINAL PROVISIONS ’;,article,certificacao,low,0,\baccredited\b,accredited,"Member States shall ensure that shareholders or members of large undertakings subject to Articles 19a and 29a of Directive 2013/34/EU, except undertakings referred to in point (a) of point (1) of Article 2 of that Directive, and which represent more than 5 % of the voting rights or 5 % of the capital of the undertaking, acting individually or collectively, have the right to table a draft resolution to be adopted in the general meeting of shareholders or members, requiring that an accredited thir"
32022L2464,Amendments to Directive 2006/43/EC,‘Article 36a,TRANSITIONAL AND FINAL PROVISIONS ’;,article,auditoria,high,0,statutory auditor,statutory auditor,"Member States shall ensure that shareholders or members of large undertakings subject to Articles 19a and 29a of Directive 2013/34/EU, except undertakings referred to in point (a) of point (1) of Article 2 of that Directive, and which represent more than 5 % of the voting rights or 5 % of the capital of the undertaking, acting individually or collectively, have the right to table a draft resolution to be adopted in the general meeting of shareholders or members, requiring that an accredited thir"
32022L2464,Amendments to Directive 2006/43/EC,‘Article 36a,TRANSITIONAL AND FINAL PROVISIONS ’;,article,reportar,high,0,sustainability reporting,sustainability reporting,"‘1. Member States shall ensure that statutory auditors or audit firms may be dismissed only where there are proper grounds. Divergence of opinions on accounting treatments, audit procedures or, where applicable, on sustainability reporting or assurance procedures shall not be proper grounds for dismissal.’;"
32022L2464,Amendments to Directive 2006/43/EC,‘Article 36a,TRANSITIONAL AND FINAL PROVISIONS ’;,article,auditoria,high,0,statutory auditor,statutory auditor,"‘1. Member States shall ensure that statutory auditors or audit firms may be dismissed only where there are proper grounds. Divergence of opinions on accounting treatments, audit procedures or, where applicable, on sustainability reporting or assurance procedures shall not be proper grounds for dismissal.’;"
32022L2464,Amendments to Directive 2006/43/EC,‘Article 36a,TRANSITIONAL AND FINAL PROVISIONS ’;,article,reportar,high,0,sustainability reporting,sustainability reporting,‘The obligation to inform provided for in the first subparagraph shall also apply to the assurance of sustainability reporting.’;
32022L2464,Amendments to Directive 2006/43/EC,‘Article 36a,TRANSITIONAL AND FINAL PROVISIONS ’;,article,auditoria,low,0,\bassurance\b,assurance,‘The obligation to inform provided for in the first subparagraph shall also apply to the assurance of sustainability reporting.’;
32022L2464,Amendments to Directive 2006/43/EC,‘Article 36a,TRANSITIONAL AND FINAL PROVISIONS ’;,article,reportar,high,0,sustainability reporting,sustainability reporting,‘The first subparagraph shall also apply to the assurance of sustainability reporting.’;
32022L2464,Amendments to Directive 2006/43/EC,‘Article 36a,TRANSITIONAL AND FINAL PROVISIONS ’;,article,auditoria,low,0,\bassurance\b,assurance,‘The first subparagraph shall also apply to the assurance of sustainability reporting.’;
32022L2464,Amendments to Directive 2006/43/EC,‘Article 36a,TRANSITIONAL AND FINAL PROVISIONS ’;,article,reportar,high,0,sustainability reporting,sustainability reporting,‘4a. Member States may allow the functions assigned to the audit committee relating to sustainability reporting and relating to the assurance of sustainability reporting to be performed by the administrative or supervisory body as a whole or by a dedicated body established by the administrative or supervisory body.’;
32022L2464,Amendments to Directive 2006/43/EC,‘Article 36a,TRANSITIONAL AND FINAL PROVISIONS ’;,article,auditoria,low,0,\baudit\w*,audit,‘4a. Member States may allow the functions assigned to the audit committee relating to sustainability reporting and relating to the assurance of sustainability reporting to be performed by the administrative or supervisory body as a whole or by a dedicated body established by the administrative or supervisory body.’;
32022L2464,Amendments to Directive 2006/43/EC,‘Article 36a,TRANSITIONAL AND FINAL PROVISIONS ’;,article,reportar,high,0,sustainability reporting,sustainability reporting,"inform the administrative or supervisory body of the audited entity of the outcome of the statutory audit and, where applicable, of the outcome of the assurance of sustainability reporting and explain how the statutory audit and the assurance of sustainability reporting contributed to the integrity of financial reporting and sustainability reporting respectively, and what the role of the audit committee was in that process;"
32022L2464,Amendments to Directive 2006/43/EC,‘Article 36a,TRANSITIONAL AND FINAL PROVISIONS ’;,article,auditoria,low,0,\baudit\w*,audited,"inform the administrative or supervisory body of the audited entity of the outcome of the statutory audit and, where applicable, of the outcome of the assurance of sustainability reporting and explain how the statutory audit and the assurance of sustainability reporting contributed to the integrity of financial reporting and sustainability reporting respectively, and what the role of the audit committee was in that process;"
32022L2464,Amendments to Directive 2006/43/EC,‘Article 36a,TRANSITIONAL AND FINAL PROVISIONS ’;,article,reportar,high,0,sustainability reporting,sustainability reporting,"monitor the financial and, where applicable, sustainability reporting process, including the electronic reporting process as referred to in Article 29d of Directive 2013/34/EU and the process carried out by the undertaking to identify the information reported in accordance with the sustainability reporting standards adopted pursuant to Article 29b of that Directive, and submit recommendations or proposals to ensure their integrity;"
32022L2464,Amendments to Directive 2006/43/EC,‘Article 36a,TRANSITIONAL AND FINAL PROVISIONS ’;,article,reportar,high,0,sustainability reporting,sustainability reporting,"monitor the effectiveness of the undertaking’s internal quality control and risk management systems and, where applicable, its internal audit, regarding the financial reporting and, where applicable, sustainability reporting of the undertaking, including its electronic reporting process as referred to in Article 29d of Directive 2013/34/EU, without breaching its independence;"
32022L2464,Amendments to Directive 2006/43/EC,‘Article 36a,TRANSITIONAL AND FINAL PROVISIONS ’;,article,auditoria,low,0,\baudit\w*,audit,"monitor the effectiveness of the undertaking’s internal quality control and risk management systems and, where applicable, its internal audit, regarding the financial reporting and, where applicable, sustainability reporting of the undertaking, including its electronic reporting process as referred to in Article 29d of Directive 2013/34/EU, without breaching its independence;"
32022L2464,Amendments to Directive 2006/43/EC,‘Article 36a,TRANSITIONAL AND FINAL PROVISIONS ’;,article,reportar,high,0,sustainability reporting,sustainability reporting,"monitor the statutory audit of the annual and consolidated financial statements and, where applicable, the assurance of the annual and consolidated sustainability reporting, in particular its performance, taking into account any findings and conclusions by the competent authority pursuant to Article 26(6) of Regulation (EU) No 537/2014;"
32022L2464,Amendments to Directive 2006/43/EC,‘Article 36a,TRANSITIONAL AND FINAL PROVISIONS ’;,article,auditoria,low,0,\baudit\w*,audit,"monitor the statutory audit of the annual and consolidated financial statements and, where applicable, the assurance of the annual and consolidated sustainability reporting, in particular its performance, taking into account any findings and conclusions by the competent authority pursuant to Article 26(6) of Regulation (EU) No 537/2014;"
32022L2464,Amendments to Directive 2006/43/EC,‘Article 36a,TRANSITIONAL AND FINAL PROVISIONS ’;,article,auditoria,high,0,statutory auditor,statutory auditor,"review and monitor the independence of the statutory auditors or the audit firms in accordance with Articles 22, 22a, 22b, 24a, 24b, 25b, 25c and 25d of this Directive and with Article 6 of Regulation (EU) No 537/2014, and in particular the appropriateness of the provision of non-audit services to the audited entity in accordance with Article 5 of that Regulation;’;"
32022L2464,Amendments to Directive 2006/43/EC,‘Article 36a,TRANSITIONAL AND FINAL PROVISIONS ’;,article,reportar,high,0,sustainability reporting,sustainability reporting,"‘1. The competent authorities of a Member State shall, in accordance with Articles 15, 16 and 17 of this Directive, register every third-country auditor and audit entity, where that third-country auditor or audit entity provides an audit report concerning the annual or consolidated financial statements, or, where applicable, an assurance report concerning the annual or consolidated sustainability reporting of an undertaking incorporated outside the Union whose transferable securities are admitte"
32022L2464,Amendments to Directive 2006/43/EC,‘Article 36a,TRANSITIONAL AND FINAL PROVISIONS ’;,article,auditoria,high,0,(EU ETS )?(lead )?auditor,auditor,"‘1. The competent authorities of a Member State shall, in accordance with Articles 15, 16 and 17 of this Directive, register every third-country auditor and audit entity, where that third-country auditor or audit entity provides an audit report concerning the annual or consolidated financial statements, or, where applicable, an assurance report concerning the annual or consolidated sustainability reporting of an undertaking incorporated outside the Union whose transferable securities are admitte"
32022L2464,Amendments to Directive 2006/43/EC,‘Article 36a,TRANSITIONAL AND FINAL PROVISIONS ’;,article,reportar,high,0,sustainability reporting,sustainability reporting,"‘4. Without prejudice to Article 46, audit reports concerning annual accounts or consolidated accounts or, where applicable, the assurance reports concerning annual or consolidated sustainability reporting referred to in paragraph 1 of this Article issued by third-country auditors or audit entities that are not registered in the Member State shall have no legal effect in that Member State."
32022L2464,Amendments to Directive 2006/43/EC,‘Article 36a,TRANSITIONAL AND FINAL PROVISIONS ’;,article,auditoria,high,0,(EU ETS )?(lead )?auditor,auditor,"‘4. Without prejudice to Article 46, audit reports concerning annual accounts or consolidated accounts or, where applicable, the assurance reports concerning annual or consolidated sustainability reporting referred to in paragraph 1 of this Article issued by third-country auditors or audit entities that are not registered in the Member State shall have no legal effect in that Member State."
32022L2464,Amendments to Directive 2006/43/EC,‘Article 36a,TRANSITIONAL AND FINAL PROVISIONS ’;,article,auditoria,low,0,\baudit\w*,audit,5. A Member State may register a third-country audit entity for the purpose of the audit of financial statements only if:
32022L2464,Amendments to Directive 2006/43/EC,‘Article 36a,TRANSITIONAL AND FINAL PROVISIONS ’;,article,auditoria,low,0,\baudit\w*,audit,"the majority of the members of the administrative or management body of the third-country audit entity meet requirements which are equivalent to those laid down in Articles 4 to 10, with the exception of Article 7(2), Article 8(3) and the second subparagraph of Article 10(1);"
32022L2464,Amendments to Directive 2006/43/EC,‘Article 36a,TRANSITIONAL AND FINAL PROVISIONS ’;,article,auditoria,high,0,(EU ETS )?(lead )?auditor,auditor,"the third-country auditor carrying out the audit on behalf of the third-country audit entity meets requirements which are equivalent to those laid down in Articles 4 to 10, with the exception of Article 7(2), Article 8(3) and the second subparagraph of Article 10(1);"
32022L2464,Amendments to Directive 2006/43/EC,‘Article 36a,TRANSITIONAL AND FINAL PROVISIONS ’;,article,auditoria,low,0,\baudit\w*,audits,"the audits of the annual or consolidated financial statements referred to in paragraph 1 of this Article are carried out in accordance with international auditing standards as referred to in Article 26, as well as the requirements laid down in Articles 22, 22b and 25, or with equivalent standards and requirements;"
32022L2464,Amendments to Directive 2006/43/EC,‘Article 36a,TRANSITIONAL AND FINAL PROVISIONS ’;,article,reportar,low,0,\breport\b,report,the third-country audit entity publishes on its website an annual transparency report which includes the information referred to in Article 13 of Regulation (EU) No 537/2014 or it complies with equivalent disclosure requirements.
32022L2464,Amendments to Directive 2006/43/EC,‘Article 36a,TRANSITIONAL AND FINAL PROVISIONS ’;,article,auditoria,low,0,\baudit\w*,audit,the third-country audit entity publishes on its website an annual transparency report which includes the information referred to in Article 13 of Regulation (EU) No 537/2014 or it complies with equivalent disclosure requirements.
32022L2464,Amendments to Directive 2006/43/EC,‘Article 36a,TRANSITIONAL AND FINAL PROVISIONS ’;,article,reportar,high,0,sustainability reporting,sustainability reporting,A Member State may register a third-country audit entity for the purpose of the assurance of sustainability reporting only if:
32022L2464,Amendments to Directive 2006/43/EC,‘Article 36a,TRANSITIONAL AND FINAL PROVISIONS ’;,article,auditoria,low,0,\baudit\w*,audit,A Member State may register a third-country audit entity for the purpose of the assurance of sustainability reporting only if:
32022L2464,Amendments to Directive 2006/43/EC,‘Article 36a,TRANSITIONAL AND FINAL PROVISIONS ’;,article,auditoria,low,0,\baudit\w*,audit,the majority of the members of the administrative or management body of the third-country audit entity meet requirements which are equivalent to those laid down in Articles 4 to 10;
32022L2464,Amendments to Directive 2006/43/EC,‘Article 36a,TRANSITIONAL AND FINAL PROVISIONS ’;,article,auditoria,high,0,(EU ETS )?(lead )?auditor,auditor,the third-country auditor carrying out the assurance on behalf of the third-country audit entity meets requirements which are equivalent to those laid down in Articles 4 to 10;
32022L2464,Amendments to Directive 2006/43/EC,‘Article 36a,TRANSITIONAL AND FINAL PROVISIONS ’;,article,reportar,high,0,sustainability reporting,sustainability reporting,"the assurance of the annual or consolidated sustainability reporting referred to in paragraph 1 is carried out in accordance with the assurance standards referred to in Article 26a, as well as the requirements laid down in Articles 22, 22b, 25 and 25b, or with equivalent standards and requirements;"
32022L2464,Amendments to Directive 2006/43/EC,‘Article 36a,TRANSITIONAL AND FINAL PROVISIONS ’;,article,auditoria,low,0,\bassurance\b,assurance,"the assurance of the annual or consolidated sustainability reporting referred to in paragraph 1 is carried out in accordance with the assurance standards referred to in Article 26a, as well as the requirements laid down in Articles 22, 22b, 25 and 25b, or with equivalent standards and requirements;"
32022L2464,Amendments to Directive 2006/43/EC,‘Article 36a,TRANSITIONAL AND FINAL PROVISIONS ’;,article,reportar,low,0,\breport\b,report,the third-country audit entity publishes on its website an annual transparency report which includes the information referred to in Article 13 of Regulation (EU) No 537/2014 or it complies with equivalent disclosure requirements.
32022L2464,Amendments to Directive 2006/43/EC,‘Article 36a,TRANSITIONAL AND FINAL PROVISIONS ’;,article,auditoria,low,0,\baudit\w*,audit,the third-country audit entity publishes on its website an annual transparency report which includes the information referred to in Article 13 of Regulation (EU) No 537/2014 or it complies with equivalent disclosure requirements.
32022L2464,Amendments to Directive 2006/43/EC,‘Article 36a,TRANSITIONAL AND FINAL PROVISIONS ’;,article,auditoria,high,0,(EU ETS )?(lead )?auditor,auditor,"5a. A Member State may register a third-country auditor for the purpose of the audit of financial statements only if he or she meets the requirements set out in points (b), (c) and (d) of the first subparagraph of paragraph 5 of this Article."
32022L2464,Amendments to Directive 2006/43/EC,‘Article 36a,TRANSITIONAL AND FINAL PROVISIONS ’;,article,reportar,high,0,sustainability reporting,sustainability reporting,"A Member State may register a third-country auditor for the purpose of the assurance for sustainability reporting only if he or she meets the requirements set out in points (b), (c) and (d) of the second subparagraph of paragraph 5 of this Article."
32022L2464,Amendments to Directive 2006/43/EC,‘Article 36a,TRANSITIONAL AND FINAL PROVISIONS ’;,article,auditoria,high,0,(EU ETS )?(lead )?auditor,auditor,"A Member State may register a third-country auditor for the purpose of the assurance for sustainability reporting only if he or she meets the requirements set out in points (b), (c) and (d) of the second subparagraph of paragraph 5 of this Article."
32022L2464,Amendments to Directive 2006/43/EC,‘Article 36a,TRANSITIONAL AND FINAL PROVISIONS ’;,article,reportar,high,0,sustainability reporting,sustainability reporting,"The Commission shall be empowered to adopt delegated acts in accordance with Article 48a supplementing this Directive for the purpose of establishing the general equivalence criteria to be used in assessing whether the audits of the financial statements and, where applicable, the assurance of sustainability reporting referred to in paragraph 1 of this Article are carried out in accordance with international auditing standards as defined in Article 26 and with assurance standards for sustainabili"
32022L2464,Amendments to Directive 2006/43/EC,‘Article 36a,TRANSITIONAL AND FINAL PROVISIONS ’;,article,auditoria,low,0,\baudit\w*,audits,"The Commission shall be empowered to adopt delegated acts in accordance with Article 48a supplementing this Directive for the purpose of establishing the general equivalence criteria to be used in assessing whether the audits of the financial statements and, where applicable, the assurance of sustainability reporting referred to in paragraph 1 of this Article are carried out in accordance with international auditing standards as defined in Article 26 and with assurance standards for sustainabili"
32022L2464,Amendments to Directive 2006/43/EC,Article 4,TRANSITIONAL AND FINAL PROVISIONS ’;,article,reportar,high,0,sustainability reporting,sustainability reporting,"‘For the purposes of the limits specified in the first subparagraph of this paragraph, the assurance of sustainability reporting, and non-audit services other than those referred to in Article 5(1), required by Union or national legislation, shall be excluded.’;"
32022L2464,Amendments to Directive 2006/43/EC,Article 4,TRANSITIONAL AND FINAL PROVISIONS ’;,article,auditoria,low,0,\baudit\w*,audit,"‘For the purposes of the limits specified in the first subparagraph of this paragraph, the assurance of sustainability reporting, and non-audit services other than those referred to in Article 5(1), required by Union or national legislation, shall be excluded.’;"
32022L2464,Amendments to Directive 2006/43/EC,Article 4,TRANSITIONAL AND FINAL PROVISIONS ’;,article,reportar,high,0,sustainability reporting,sustainability reporting,bookkeeping and preparing accounting records and financial statements as well as preparing sustainability reporting;’;
32022L2464,Amendments to Directive 2006/43/EC,Article 4,TRANSITIONAL AND FINAL PROVISIONS ’;,article,reportar,high,0,sustainability reporting,sustainability reporting,‘The approval of the audit committee referred to in the first subparagraph shall not be needed for the provision of assurance of sustainability reporting.’.
32022L2464,Amendments to Directive 2006/43/EC,Article 4,TRANSITIONAL AND FINAL PROVISIONS ’;,article,auditoria,low,0,\baudit\w*,audit,‘The approval of the audit committee referred to in the first subparagraph shall not be needed for the provision of assurance of sustainability reporting.’.
32022L2464,Amendments to Directive 2006/43/EC,Article 6,TRANSITIONAL AND FINAL PROVISIONS ’;,article,reportar,low,0,\breport\b,report,"1. The Commission shall submit a report to the European Parliament and to the Council on the implementation of this amending Directive, including, inter alia:"
32022L2464,Amendments to Directive 2006/43/EC,Article 6,TRANSITIONAL AND FINAL PROVISIONS ’;,article,reportar,high,0,sustainability reporting,sustainability reporting,an assessment of the number of small and medium-sized undertakings voluntarily using the sustainability reporting standards referred to in Article 29c of Directive 2013/34/EU;
32022L2464,Amendments to Directive 2006/43/EC,Article 6,TRANSITIONAL AND FINAL PROVISIONS ’;,article,reportar,high,0,reporting (obligation|requirement)s?,reporting requirements,"an assessment of the implementation of the reporting requirements on subsidiaries and branches of third-country undertakings introduced by this amending Directive, including an assessment of the number of third-country undertakings which have a subsidiary undertaking or a branch reporting in accordance with Article 40a of Directive 2013/34/EU; an assessment of the enforcement mechanism and of the thresholds set out in that Article;"
32022L2464,Amendments to Directive 2006/43/EC,Article 6,TRANSITIONAL AND FINAL PROVISIONS ’;,article,reportar,low,0,\breport\b,report,"The report shall be published by 30 April 2029 and every three years thereafter, and shall be accompanied, if appropriate, by legislative proposals."
32022L2464,Amendments to Directive 2006/43/EC,Article 6,TRANSITIONAL AND FINAL PROVISIONS ’;,article,reportar,low,0,\breport\b,report,"2. By 31 December 2028, the Commission shall review and report on the level of concentration of the sustainability assurance market. That review shall take into account the national regimes applicable to independent assurance services providers and assess whether and to what extent those national regimes contribute to opening up the assurance market."
32022L2464,Amendments to Directive 2006/43/EC,Article 6,TRANSITIONAL AND FINAL PROVISIONS ’;,article,certificacao,high,0,independent assurance services provider,independent assurance services provider,"2. By 31 December 2028, the Commission shall review and report on the level of concentration of the sustainability assurance market. That review shall take into account the national regimes applicable to independent assurance services providers and assess whether and to what extent those national regimes contribute to opening up the assurance market."
32022L2464,Amendments to Directive 2006/43/EC,Article 6,TRANSITIONAL AND FINAL PROVISIONS ’;,article,auditoria,high,0,assurance (engagement|opinion|provider|services),assurance services,"2. By 31 December 2028, the Commission shall review and report on the level of concentration of the sustainability assurance market. That review shall take into account the national regimes applicable to independent assurance services providers and assess whether and to what extent those national regimes contribute to opening up the assurance market."
32022L2464,Amendments to Directive 2006/43/EC,Article 6,TRANSITIONAL AND FINAL PROVISIONS ’;,article,reportar,high,0,sustainability reporting,sustainability reporting,"By 31 December 2028, the Commission shall assess possible legal measures to ensure sufficient diversification of the sustainability assurance market and appropriate sustainability reporting quality. The Commission shall review the measures provided for in Article 34 of Directive 2013/34/EU and assess the need to extend them to other large undertakings."
32022L2464,Amendments to Directive 2006/43/EC,Article 6,TRANSITIONAL AND FINAL PROVISIONS ’;,article,auditoria,low,0,\bassurance\b,assurance,"By 31 December 2028, the Commission shall assess possible legal measures to ensure sufficient diversification of the sustainability assurance market and appropriate sustainability reporting quality. The Commission shall review the measures provided for in Article 34 of Directive 2013/34/EU and assess the need to extend them to other large undertakings."
32022L2464,Amendments to Directive 2006/43/EC,Article 6,TRANSITIONAL AND FINAL PROVISIONS ’;,article,reportar,low,0,\breport\b,report,"The report shall be transmitted to the European Parliament and the Council by 31 December 2028 and shall be accompanied, if appropriate, by legislative proposals."
