source_act,amended_act,carrier_article,carrier_section,provision_type,mechanism,screening_confidence,intermediary_validated,matched_pattern,matched_keyword,evidence_text
32018R2067,,,,recital,certificacao,low,0,\baccreditation\b,accreditation,"An overall framework of rules for the accreditation of verifiers is necessary to ensure that the verification of operator's or aircraft operator's reports in the framework of the Union's greenhouse gas emission allowance trading system, to be submitted in accordance with Commission Implementing Regulation (EU) 2018/2066 (2), is carried out by verifiers that possess the technical competence to perform the entrusted task in an independent and impartial manner and in conformity with the requirement"
32018R2067,,,,recital,certificacao,low,0,\baccreditation\b,accreditation,"Experience in the application of Commission Regulation (EU) No 600/2012 (3) has shown the need to improve, clarify and simplify the accreditation and verification rules to further promote harmonisation and enhance the efficiency of the system. A number of amendments therefore need to be made to Regulation (EU) No 600/2012. In the interests of clarity, that Regulation should be replaced."
32018R2067,,,,recital,certificacao,low,0,\baccreditation\b,accreditation,Directive 2006/123/EC of the European Parliament and of the Council (4) establishes a general framework to facilitate the free movement of services and service providers in the Union while maintaining a high quality of service. Union harmonisation of the rules for accreditation and verification relating to the Union's emissions trading system should contribute to a competitive market for verifiers while ensuring transparency and information for operators and aircraft operators.
32018R2067,,,,recital,certificacao,high,0,national accreditation bod(y|ies),national accreditation bodies,"When implementing Article 15 of Directive 2003/87/EC, it is necessary to ensure a synergy between the comprehensive framework for accreditation established by Regulation (EC) No 765/2008 of the European Parliament and of the Council (5) and related provisions of Decision No 768/2008/EC of the European Parliament and of the Council (6) on one hand, and the specific features of the Union's greenhouse gas emission trading system and requirements that are essential for the effective implementation o"
32018R2067,,,,recital,certificacao,low,0,\baccreditation\b,accreditation,"Regulation (EC) No 1221/2009 of the European Parliament and of the Council (7) provides for an independent and neutral accreditation or licensing system for environmental verifiers. For reasons of coherence and to reduce the administrative burden imposed on the Member States and economic operators, it is appropriate to take account of synergies between that and this Regulation."
32018R2067,,,,recital,certificacao,high,0,conformity assessment (body|bodies),conformity assessment bodies,"The system of verification and accreditation should avoid any unnecessary duplication of procedures and organisations established pursuant to other Union legal instruments that would result in an increased burden for Member States or economic operators. Therefore, it is appropriate to draw on best practices resulting from the application of harmonised standards adopted by the European Committee for Standardisation on the basis of a request made by the Commission in accordance with Regulation (EU"
32018R2067,,,,recital,certificacao,low,0,\baccreditation\b,accreditation,"When establishing harmonised rules for the verification of operator's or aircraft operator's reports and the accreditation of verifiers, it is necessary to ensure that the burden imposed on operators emitting a lower amount of carbon dioxide (CO2) per year, on aircraft operators considered small emitters within the meaning of Implementing Regulation (EU) 2018/2066, as well as on the available resources of the Member States is not disproportionate to the aims pursued."
32018R2067,,,,recital,certificacao,low,0,\baccreditation\b,accreditation,"To make best use of synergies and given the importance of verification of data used for the update of ex ante benchmarks and the determination of free allocation to installations, it is appropriate to include rules for verification of baseline data reports and new entrant data reports which are required by Commission Delegated Regulation .../... of 19 December 2018 determining transitional Union-wide rules for harmonised free allocation of emission allowances pursuant to Article 10a of Directive"
32018R2067,,,,recital,ranking_rating,low,0,\bbenchmark\w*,benchmarks,"To make best use of synergies and given the importance of verification of data used for the update of ex ante benchmarks and the determination of free allocation to installations, it is appropriate to include rules for verification of baseline data reports and new entrant data reports which are required by Commission Delegated Regulation .../... of 19 December 2018 determining transitional Union-wide rules for harmonised free allocation of emission allowances pursuant to Article 10a of Directive"
32018R2067,,,,recital,reportar,low,0,\breport\b,report,"In accordance with the principles of Annex V to Directive 2003/87/EC, the verifier should apply a risk-based approach with the aim of reaching a verification opinion providing reasonable assurance that the total emissions or tonne-kilometres are not materially misstated and the report can be verified as satisfactory. The level of assurance should relate to the depth and detail of verification activities carried out during the verification and the wording of the verification opinion statement. If"
32018R2067,,,,recital,auditoria,low,0,\bassurance\b,assurance,"In accordance with the principles of Annex V to Directive 2003/87/EC, the verifier should apply a risk-based approach with the aim of reaching a verification opinion providing reasonable assurance that the total emissions or tonne-kilometres are not materially misstated and the report can be verified as satisfactory. The level of assurance should relate to the depth and detail of verification activities carried out during the verification and the wording of the verification opinion statement. If"
32018R2067,,,,recital,reportar,low,0,\breport\b,report,"To avoid entanglement between the role of the competent authority and the verifier, the responsibilities of a verifier when carrying out verification should be clearly defined. The verifier should take the monitoring plan approved by the competent authority as a reference point and assess whether this plan and the procedures described in this plan have been implemented correctly. Where the verifier identifies non-compliance with Implementing Regulation (EU) 2018/2066, it should be the responsibi"
32018R2067,,,,recital,auditoria,high,0,verification (team|report|body),verification report,"To avoid entanglement between the role of the competent authority and the verifier, the responsibilities of a verifier when carrying out verification should be clearly defined. The verifier should take the monitoring plan approved by the competent authority as a reference point and assess whether this plan and the procedures described in this plan have been implemented correctly. Where the verifier identifies non-compliance with Implementing Regulation (EU) 2018/2066, it should be the responsibi"
32018R2067,,,,recital,reportar,low,0,\breport\b,report,"Full understanding of the activities of an operator or an aircraft operator is necessary for the performance of an effective verification of an operator's or aircraft operator's report. A verifier should only perform the requested verification activities after it has ascertained following a preliminary assessment that it is competent to do so. In the pursuit of a high-quality level of verification activities, harmonised rules should be developed for a preliminary assessment to determine whether "
32018R2067,,,,recital,reportar,low,0,\breport\b,report,All verification activities in the verification process are interconnected and should be concluded with the issuance of a verification report by the verifier containing a verification statement that is commensurate with the outcome of the verification assessment. Harmonised requirements for the verification reports and the performance of the verification activities should be established to ensure that verification reports and verification activities in the Member States meet the same standards.
32018R2067,,,,recital,auditoria,high,0,verification (team|report|body),verification report,All verification activities in the verification process are interconnected and should be concluded with the issuance of a verification report by the verifier containing a verification statement that is commensurate with the outcome of the verification assessment. Harmonised requirements for the verification reports and the performance of the verification activities should be established to ensure that verification reports and verification activities in the Member States meet the same standards.
32018R2067,,,,recital,reportar,low,0,\breport\b,report,"Specific provision should be made for the verification of the report of aircraft operators and that of operators of sites, which are subject to Directive 2009/31/EC of the European Parliament and of the Council (10)."
32018R2067,,,,recital,auditoria,high,0,verification (team|report|body),verification report,"Verification activities and the issuance of verification reports should only be carried out by verifiers and their personnel that are competent. Verifiers should establish and continuously improve internal processes that ensure that all personnel involved in the verification activities are competent to perform the tasks entrusted to them. The criteria for determining whether a verifier is competent should be the same in all Member States and should be verifiable, objective and transparent."
32018R2067,,,,recital,certificacao,high,0,national accreditation bod(y|ies),national accreditation body,"The national accreditation body established pursuant to Regulation (EC) No 765/2008 should be empowered to accredit and issue an authoritative statement concerning the competence of a verifier to perform the verification activities pursuant to this Regulation, adopt administrative measures and carry out the surveillance of verifiers."
32018R2067,,,,recital,certificacao,high,0,national accreditation bod(y|ies),national accreditation body,A Member State that does not consider it economically meaningful or sustainable to establish a national accreditation body or to carry out accreditation activities should have recourse to the national accreditation body of another Member State. Only national accreditation bodies that have undergone a successful peer evaluation organised by the body recognised under Article 14 of Regulation (EC) No 765/2008 should be permitted to perform the accreditation activities pursuant to this Regulation.
32018R2067,,,,recital,certificacao,high,0,national accreditation bod(y|ies),National accreditation bodies,"National accreditation bodies that demonstrate conformity with this Regulation and that have already successfully undergone peer evaluation organised by the body recognised under Article 14 of Regulation (EU) No 765/2008 should be presumed to fulfil the procedural requirements imposed on national accreditation bodies such as requirements on the structure of a national accreditation body, setting up a competence process, setting up the necessary procedures and management system and arrangements t"
32018R2067,,,,recital,certificacao,high,0,national accreditation bod(y|ies),national accreditation bodies,"Effective cooperation between national accreditation bodies, or where applicable other national authorities, and competent authorities is essential for the proper functioning of the greenhouse gas emission allowance system and the supervision on the quality of verification. For reasons of transparency, it is necessary to ensure that the national accreditation bodies, or where applicable, other national authorities, and competent authorities establish effective means of information exchange. Info"
32018R2067,,,,recital,certificacao,low,0,\baccreditation\b,accreditation,"This Regulation includes improvements to accreditation and verification that partly take into account the First Edition of the International Standards and Recommended Practices on Environmental Protection — Carbon Offsetting and Reduction Scheme for International Aviation (CORSIA) (Annex 16, Volume IV to the Chicago Convention) adopted by the ICAO Council at the tenth meeting of its 214th session on 27 June 2018. The Regulation on the monitoring and reporting of greenhouse gas emissions pursuant"
32018R2067,,Article 1,GENERAL PROVISIONS,article,certificacao,low,0,\baccreditation\b,accreditation,This Regulation lays down provisions for the verification of reports submitted pursuant to Directive 2003/87/EC and for the accreditation and supervision of verifiers.
32018R2067,,Article 1,GENERAL PROVISIONS,article,certificacao,high,0,national accreditation bod(y|ies),national accreditation bodies,"This Regulation also specifies, without prejudice to Regulation (EC) No 765/2008, provisions for the mutual recognition of verifiers and peer evaluation of national accreditation bodies pursuant to Article 15 of Directive 2003/87/EC."
32018R2067,,Article 2,GENERAL PROVISIONS,article,ranking_rating,low,0,\bbenchmark\w*,benchmarks,"This Regulation shall apply to the verification of greenhouse gas emissions and tonne-kilometre data occurring from 1 January 2019, reported pursuant to Article 14 of Directive 2003/87/EC, and to the verification of data relevant for the update of ex ante benchmarks and for the determination of free allocation to installations."
32018R2067,,Article 3,GENERAL PROVISIONS,article,reportar,low,0,\breport\b,report,"‘accreditation’ means attestation by a national accreditation body that a verifier meets the requirements set by harmonised standards, within the meaning of point 9 of Article 2 of Regulation (EC) No 765/2008, and requirements set out in this Regulation to carry out the verification of an operator's or aircraft operator's report pursuant to this Regulation;"
32018R2067,,Article 3,GENERAL PROVISIONS,article,certificacao,high,0,national accreditation bod(y|ies),national accreditation body,"‘accreditation’ means attestation by a national accreditation body that a verifier meets the requirements set by harmonised standards, within the meaning of point 9 of Article 2 of Regulation (EC) No 765/2008, and requirements set out in this Regulation to carry out the verification of an operator's or aircraft operator's report pursuant to this Regulation;"
32018R2067,,Article 3,GENERAL PROVISIONS,article,reportar,low,0,\breport\b,report,"‘verifier’ means a legal person or another legal entity carrying out verification activities pursuant to this Regulation and accredited by a national accreditation body pursuant to Regulation (EC) No 765/2008 and this Regulation or a natural person otherwise authorised, without prejudice to Article 5(2) of that Regulation, at the time a verification report is issued;"
32018R2067,,Article 3,GENERAL PROVISIONS,article,certificacao,high,0,national accreditation bod(y|ies),national accreditation body,"‘verifier’ means a legal person or another legal entity carrying out verification activities pursuant to this Regulation and accredited by a national accreditation body pursuant to Regulation (EC) No 765/2008 and this Regulation or a natural person otherwise authorised, without prejudice to Article 5(2) of that Regulation, at the time a verification report is issued;"
32018R2067,,Article 3,GENERAL PROVISIONS,article,auditoria,high,0,verification (team|report|body),verification report,"‘verifier’ means a legal person or another legal entity carrying out verification activities pursuant to this Regulation and accredited by a national accreditation body pursuant to Regulation (EC) No 765/2008 and this Regulation or a natural person otherwise authorised, without prejudice to Article 5(2) of that Regulation, at the time a verification report is issued;"
32018R2067,,Article 3,GENERAL PROVISIONS,article,reportar,low,0,\breport\b,report,‘verification’ means the activities carried out by a verifier to issue a verification report pursuant to this Regulation;
32018R2067,,Article 3,GENERAL PROVISIONS,article,auditoria,high,0,verification (team|report|body),verification report,‘verification’ means the activities carried out by a verifier to issue a verification report pursuant to this Regulation;
32018R2067,,Article 3,GENERAL PROVISIONS,article,reportar,low,0,\breport\b,report,"‘material misstatement’ means a misstatement that, in the opinion of the verifier, individually or when aggregated with other misstatements, exceeds the materiality level or could affect the treatment of the operator's or aircraft operator's report by the competent authority;"
32018R2067,,Article 3,GENERAL PROVISIONS,article,reportar,low,0,\breport\b,report,"‘operator's or aircraft operator's report’ means the annual emission report to be submitted by the operator or aircraft operator pursuant to Article 14(3) of Directive 2003/87/EC, the tonne-kilometre report to be submitted by the aircraft operator for the purposes of applying for the allocation of allowances pursuant to Articles 3e and 3f of that Directive, the baseline data report submitted by the operator pursuant to Article 4(2) of Delegated Regulation (EU) .../... or the data report submitte"
32018R2067,,Article 3,GENERAL PROVISIONS,article,certificacao,low,0,\baccreditation\b,accreditation,‘scope of accreditation’ means activities referred to in Annex I for which accreditation is sought or has been granted;
32018R2067,,Article 3,GENERAL PROVISIONS,article,reportar,low,0,\breport\b,report,"for the purposes of verifying an operator's emission report, any act or omission of an act by the operator that is contrary to the greenhouse gas emissions permit and the requirements in the monitoring plan approved by the competent authority;"
32018R2067,,Article 3,GENERAL PROVISIONS,article,reportar,low,0,\breport\b,report,"for the purposes of verifying an aircraft operator's emission or tonne-kilometre report, any act or omission of an act by the aircraft operator that is contrary to the requirements in the monitoring plan approved by the competent authority;"
32018R2067,,Article 3,GENERAL PROVISIONS,article,reportar,low,0,\breport\b,report,for the purposes of verifying the baseline data report submitted by the operator pursuant to Article 4(2)(a) of Delegated Regulation (EU) .../... or the new entrant data report submitted by the operator pursuant to Article 5(2) of that Regulation any act or omission of an act by the operator that is contrary to the requirements in the monitoring methodology plan;
32018R2067,,Article 3,GENERAL PROVISIONS,article,certificacao,low,0,\baccreditation\b,accreditation,"for the purposes of accreditation pursuant to Chapter IV, any act or omission of an act by the verifier that is contrary to the requirements of this Regulation;"
32018R2067,,Article 3,GENERAL PROVISIONS,article,reportar,low,0,\breport\b,report,"‘site’ means, for the purposes of verifying the emission or tonne-kilometre report of an aircraft operator, the locations where the monitoring process is defined and managed, including the locations where relevant data and information are controlled and stored;"
32018R2067,,Article 3,GENERAL PROVISIONS,article,reportar,low,0,\breport\b,report,"‘inherent risk’ means the susceptibility of a parameter in the operator's or aircraft operator's report to misstatements that could be material, individually or when aggregated with other misstatements, before taking into consideration the effect of any related control activities;"
32018R2067,,Article 3,GENERAL PROVISIONS,article,reportar,low,0,\breport\b,report,"‘control risk’ means the susceptibility of a parameter in the operator's or aircraft operator's report to misstatements that could be material, individually or when aggregated with other misstatements, and that will not be prevented or detected and corrected on a timely basis by the control system;"
32018R2067,,Article 3,GENERAL PROVISIONS,article,reportar,low,0,\breport\b,report,"‘verification risk’ means the risk, being a function of inherent risk, control risk and detection risk, that the verifier expresses an inappropriate verification opinion when the operator's or aircraft operator's report is not free of material misstatements;"
32018R2067,,Article 3,GENERAL PROVISIONS,article,reportar,low,0,\breport\b,report,"‘reasonable assurance’ means a high but not absolute level of assurance, expressed positively in the verification opinion, as to whether the operator's or aircraft operator's report subject to verification is free from material misstatement;"
32018R2067,,Article 3,GENERAL PROVISIONS,article,auditoria,low,0,\bassurance\b,assurance,"‘reasonable assurance’ means a high but not absolute level of assurance, expressed positively in the verification opinion, as to whether the operator's or aircraft operator's report subject to verification is free from material misstatement;"
32018R2067,,Article 3,GENERAL PROVISIONS,article,reportar,low,0,\breport\b,report,‘internal verification documentation’ means all internal documentation that a verifier has compiled to record all documentary evidence and justification of activities that are carried out for the verification of an operator's or aircraft operator's report;
32018R2067,,Article 3,GENERAL PROVISIONS,article,reportar,low,0,\breport\b,report,"‘EU ETS lead auditor’ means an EU ETS auditor in charge of directing and supervising the verification team, who is responsible for performing and reporting on the verification of an operator's or aircraft operator's report;"
32018R2067,,Article 3,GENERAL PROVISIONS,article,auditoria,high,0,(EU ETS )?(lead )?auditor,EU ETS lead auditor,"‘EU ETS lead auditor’ means an EU ETS auditor in charge of directing and supervising the verification team, who is responsible for performing and reporting on the verification of an operator's or aircraft operator's report;"
32018R2067,,Article 3,GENERAL PROVISIONS,article,reportar,low,0,\breport\b,report,‘EU ETS auditor’ means an individual member of a verification team responsible for conducting a verification of an operator's or aircraft operator's report other than the EU ETS lead auditor;
32018R2067,,Article 3,GENERAL PROVISIONS,article,auditoria,high,0,(EU ETS )?(lead )?auditor,EU ETS auditor,‘EU ETS auditor’ means an individual member of a verification team responsible for conducting a verification of an operator's or aircraft operator's report other than the EU ETS lead auditor;
32018R2067,,Article 3,GENERAL PROVISIONS,article,certificacao,low,0,\baccreditation\b,accreditation,‘technical expert’ means a person who provides detailed knowledge and expertise on a specific subject matter needed for the performance of verification activities for the purposes of Chapter III and for the performance of accreditation activities for the purposes of Chapter V;
32018R2067,,Article 3,GENERAL PROVISIONS,article,reportar,low,0,\breport\b,report,‘level of assurance’ means the degree of assurance the verifier provides on the verification report based on the objective of reducing the verification risk according to the circumstances of the verification engagement;
32018R2067,,Article 3,GENERAL PROVISIONS,article,auditoria,high,0,verification (team|report|body),verification report,‘level of assurance’ means the degree of assurance the verifier provides on the verification report based on the objective of reducing the verification risk according to the circumstances of the verification engagement;
32018R2067,,Article 3,GENERAL PROVISIONS,article,certificacao,high,0,national accreditation bod(y|ies),national accreditation body,‘assessor’ means a person assigned by a national accreditation body to perform individually or as part of an assessment team an assessment of a verifier pursuant to this Regulation;
32018R2067,,Article 3,GENERAL PROVISIONS,article,reportar,low,0,\breport\b,report,‘baseline data report’ means a report submitted by an operator pursuant to Article 4(2) of Delegated Regulation (EU) .../...;
32018R2067,,Article 3,GENERAL PROVISIONS,article,reportar,low,0,\breport\b,report,‘new entrant data report’ means a report submitted by an operator pursuant to Article 5(2) of Delegated Regulation (EU) .../....
32018R2067,,Article 5,GENERAL PROVISIONS,article,certificacao,low,0,\baccreditation\b,accreditation,General framework for accreditation
32018R2067,,Article 5,GENERAL PROVISIONS,article,certificacao,high,0,national accreditation bod(y|ies),national accreditation bodies,"Where no specific provisions concerning the composition of the national accreditation bodies or the activities and requirements linked to accreditation are laid down in this Regulation, the relevant provisions of Regulation (EC) No 765/2008 shall apply."
32018R2067,,Article 6,VERIFICATION,article,reportar,low,0,\breport\b,report,"A verified emissions report, baseline data report or new entrant data report shall be reliable for users. It shall represent faithfully that, which it either purports to represent or may reasonably be expected to represent."
32018R2067,,Article 6,VERIFICATION,article,reportar,low,0,\breport\b,report,"The process of verifying operator's or aircraft operator's report shall be an effective and reliable tool in support of quality assurance and quality control procedures, providing information upon which an operator or aircraft operator can act to improve performance in monitoring and reporting emissions or data relevant for free allocation."
32018R2067,,Article 6,VERIFICATION,article,auditoria,low,0,\bassurance\b,assurance,"The process of verifying operator's or aircraft operator's report shall be an effective and reliable tool in support of quality assurance and quality control procedures, providing information upon which an operator or aircraft operator can act to improve performance in monitoring and reporting emissions or data relevant for free allocation."
32018R2067,,Article 7,VERIFICATION,article,reportar,low,0,\breport\b,report,1. The verifier shall carry out the verification and the activities required by this Chapter with the aim of providing a verification report that concludes with reasonable assurance that the operator's or aircraft operator's report is free from material misstatements.
32018R2067,,Article 7,VERIFICATION,article,auditoria,high,0,verification (team|report|body),verification report,1. The verifier shall carry out the verification and the activities required by this Chapter with the aim of providing a verification report that concludes with reasonable assurance that the operator's or aircraft operator's report is free from material misstatements.
32018R2067,,Article 7,VERIFICATION,article,reportar,low,0,\breport\b,report,"2. The verifier shall plan and perform the verification with an attitude of professional scepticism, recognising that circumstances may exist that cause the information in the operator's or aircraft operator's report to contain material misstatements."
32018R2067,,Article 7,VERIFICATION,article,reportar,low,0,\breport\b,report,"the operator's or aircraft operator's report is complete and meets the requirements laid down in Annex X to Implementing Regulation (EU) 2018/2066 or in Annex IV to Delegated Regulation (EU) .../..., as appropriate;"
32018R2067,,Article 7,VERIFICATION,article,reportar,low,0,\breport\b,report,"the operator or aircraft operator has acted in compliance with the requirements of the greenhouse gas emissions permit and the monitoring plan approved by the competent authority, where the verification of an operator's emission report is concerned, and with the requirements of the monitoring plan approved by the competent authority, where the verification of an aircraft operator's emission or tonne-kilometre report is concerned;"
32018R2067,,Article 7,VERIFICATION,article,reportar,low,0,\breport\b,report,"where the verification of an operator's baseline data report or new entrant data report is concerned, the operator has acted in conformance with the requirements of the monitoring methodology plan pursuant to Article 8 of Delegated Regulation (EU) .../... approved by the competent authority;"
32018R2067,,Article 7,VERIFICATION,article,reportar,low,0,\breport\b,report,the data in the operator's or aircraft operator's report are free from material misstatements;
32018R2067,,Article 7,VERIFICATION,article,reportar,low,0,\breport\b,report,"By way of derogation from point (c), the verifier shall assess whether the operator's monitoring methodology plan is in compliance with the requirements of Delegated Regulation (EU) .../... where the monitoring methodology plan is not subject to approval of the competent authority prior to submission of the baseline data report. If the verifier discovers that a monitoring methodology plan does not comply with Delegated Regulation (EU) .../..., the operator shall modify the monitoring methodology"
32018R2067,,Article 7,VERIFICATION,article,reportar,low,0,\breport\b,report,"For the purpose of point (d) of this paragraph, the verifier shall obtain clear and objective evidence from the operator or aircraft operator to support the reported aggregated emissions, tonne-kilometres or data relevant for free allocation taking into account all other information provided in the operator's or aircraft operator's report."
32018R2067,,Article 7,VERIFICATION,article,reportar,low,0,\breport\b,report,"5. If the verifier discovers that an operator or an aircraft operator is not complying with Implementing Regulation (EU) 2018/2066 or with Delegated Regulation (EU) .../..., that irregularity shall be included in the verification report even if the monitoring plan or monitoring methodology plan concerned, as appropriate, has been approved by the competent authority."
32018R2067,,Article 7,VERIFICATION,article,auditoria,high,0,verification (team|report|body),verification report,"5. If the verifier discovers that an operator or an aircraft operator is not complying with Implementing Regulation (EU) 2018/2066 or with Delegated Regulation (EU) .../..., that irregularity shall be included in the verification report even if the monitoring plan or monitoring methodology plan concerned, as appropriate, has been approved by the competent authority."
32018R2067,,Article 7,VERIFICATION,article,reportar,low,0,\breport\b,report,"If the monitoring methodology plan is subject to the approval of the competent authority prior to submission of the baseline data report pursuant to Article 8(4) of Delegated Regulation (EU) .../... and the monitoring methodology plan has not been approved or is incomplete, or where significant modifications referred to in Article 9(5) of that Regulation have been made which have not been approved by the competent authority, the verifier shall advise the operator to obtain the necessary approval"
32018R2067,,Article 7,VERIFICATION,article,reportar,low,0,\bshall report\b,shall report,"If the approval has not been obtained before the issue of the verification report, the verifier shall report this in the verification report."
32018R2067,,Article 7,VERIFICATION,article,auditoria,high,0,verification (team|report|body),verification report,"If the approval has not been obtained before the issue of the verification report, the verifier shall report this in the verification report."
32018R2067,,Article 8,VERIFICATION,article,reportar,low,0,\breport\b,report,evaluate the risks involved to undertake the verification of the operator's or aircraft operator's report in accordance with this Regulation;
32018R2067,,Article 8,VERIFICATION,article,certificacao,low,0,\baccreditation\b,accreditation,assess whether the engagement falls within the scope of its accreditation;
32018R2067,,Article 8,VERIFICATION,article,auditoria,high,0,verification (team|report|body),verification team,"assess whether it has the competence, personnel and resources required to select a verification team capable of dealing with the complexity of the installation or the aircraft operator's activities and fleet as well as whether it is capable of successfully completing the verification activities within the timeframe required;"
32018R2067,,Article 8,VERIFICATION,article,auditoria,high,0,verification (team|report|body),verification team,"assess whether it is capable of ensuring that the potential verification team at its disposal holds all the competence, and persons required to carry out verification activities for that specific operator or aircraft operator;"
32018R2067,,Article 10,VERIFICATION,article,reportar,low,0,\breport\b,report,"the operator's greenhouse gas emissions permit, if this concerns the verification of an operator's emission report;"
32018R2067,,Article 10,VERIFICATION,article,reportar,low,0,\breport\b,report,"the operator's or aircraft operator's annual emission, tonne-kilometre report, baseline data report or new entrant data report, as appropriate;"
32018R2067,,Article 10,VERIFICATION,article,reportar,low,0,\breport\b,report,"where applicable, the report referred to in Article 69(4) of Implementing Regulation (EU) 2018/2066;"
32018R2067,,Article 10,VERIFICATION,article,reportar,low,0,\breport\b,report,"the verification report from the previous year or the previous baseline period, as appropriate, if the verifier did not carry out the verification for that particular operator or aircraft operator the previous year or baseline period, as appropriate;"
32018R2067,,Article 10,VERIFICATION,article,auditoria,high,0,verification (team|report|body),verification report,"the verification report from the previous year or the previous baseline period, as appropriate, if the verifier did not carry out the verification for that particular operator or aircraft operator the previous year or baseline period, as appropriate;"
32018R2067,,Article 10,VERIFICATION,article,reportar,low,0,\breport\b,report,"where the verification concerns the emission report of an installation carrying out the geological storage of greenhouse gases in a storage site permitted under Directive 2009/31/EC, the monitoring plan required by that Directive and the reports required by Article 14 of that Directive, covering at least the reporting period of the emissions report to be verified;"
32018R2067,,Article 10,VERIFICATION,article,reportar,low,0,\breport\b,report,"2. Before the verifier issues the verification report, the operator or aircraft operator shall provide it with the final authorised and internally validated operator's or aircraft operator's report."
32018R2067,,Article 10,VERIFICATION,article,auditoria,high,0,verification (team|report|body),verification report,"2. Before the verifier issues the verification report, the operator or aircraft operator shall provide it with the final authorised and internally validated operator's or aircraft operator's report."
32018R2067,,Article 11,VERIFICATION,article,auditoria,high,0,verification (team|report|body),verification team,"2. For the purposes of understanding the activities carried out by the installation or the aircraft operator, the verifier shall collect and review the information needed to assess that the verification team is sufficiently competent to carry out the verification, to determine that the time allocation indicated in the contract has been set correctly and to ensure that it is able to conduct the necessary risk analysis. The information shall include at least:"
32018R2067,,Article 11,VERIFICATION,article,reportar,low,0,\breport\b,report,"for the purposes of the verification of the operator's emission report, the category of the installation referred to in Article 19 of Implementing Regulation (EU) 2018/2066 and the activities carried out at that installation;"
32018R2067,,Article 11,VERIFICATION,article,reportar,low,0,\breport\b,report,"for the purposes of the verification of the aircraft operator's emission or tonne- kilometre report, the size and nature of the aircraft operator, the distribution of information in different locations as well as the number and type of flights;"
32018R2067,,Article 13,VERIFICATION,article,reportar,low,0,\breport\b,report,"a data sampling plan setting out the scope and methods of data sampling related to data points underlying the aggregated emissions in the operator or aircraft operator's emission report, the aggregated tonne-kilometre data in the aircraft operator's tonne-kilometre report or the aggregated data relevant for free allocation in the operator's baseline data report or new entrant data report."
32018R2067,,Article 13,VERIFICATION,article,auditoria,low,0,\bassurance\b,assurance,the requirement to deliver a verification opinion with reasonable assurance.
32018R2067,,Article 13,VERIFICATION,article,auditoria,low,0,\bassurance\b,assurance,the requirement to deliver a verification opinion with reasonable assurance;
32018R2067,,Article 13,VERIFICATION,article,reportar,low,0,\breport\b,report,4. The verifier shall set up and implement the verification plan such that the verification risk is reduced to an acceptable level to obtain reasonable assurance that the operator's or aircraft operator's report is free from material misstatements.
32018R2067,,Article 13,VERIFICATION,article,auditoria,low,0,\bassurance\b,assurance,4. The verifier shall set up and implement the verification plan such that the verification risk is reduced to an acceptable level to obtain reasonable assurance that the operator's or aircraft operator's report is free from material misstatements.
32018R2067,,Article 14,VERIFICATION,article,reportar,low,0,\breport\b,report,"For the purposes of point (a) of the second paragraph, the verifier shall track the data flow following the sequence and interaction of the data flow activities from primary source data to the compilation of the operator's or aircraft operator's report."
32018R2067,,Article 16,VERIFICATION,article,reportar,low,0,\breport\b,report,"1. The verifier shall verify the data in the operator's or aircraft operator's report by applying detailed testing of the data, including by tracing the data back to the primary data source, cross-checking data with external data sources, performing reconciliations, checking thresholds regarding appropriate data and carrying out recalculations."
32018R2067,,Article 16,VERIFICATION,article,reportar,low,0,\breport\b,report,"for the purposes of verifying an operator's emission report, the boundaries of an installation;"
32018R2067,,Article 16,VERIFICATION,article,reportar,low,0,\breport\b,report,"for the purposes of verifying an operator's baseline data report or new entrant data report, the boundaries of an installation and its sub-installations;"
32018R2067,,Article 16,VERIFICATION,article,reportar,low,0,\breport\b,report,"for the purposes of verifying an operator's emission report, baseline data report or new entrant data report, the completeness of source streams and emission sources as described in the monitoring plan approved by the competent authority or monitoring methodology plan, as appropriate;"
32018R2067,,Article 16,VERIFICATION,article,reportar,low,0,\breport\b,report,"for the purposes of verifying an aircraft operator's emission report and tonne-kilometre report, the completeness of flights covered by an aviation activity listed in Annex I to Directive 2003/87/EC for which the aircraft operator is responsible as well as the completeness of emission data and tonne-kilometre data respectively;"
32018R2067,,Article 16,VERIFICATION,article,reportar,low,0,\breport\b,report,"for the purposes of verifying an aircraft operator's emission report and tonne-kilometre report, the consistency between reported data and mass and balance documentation;"
32018R2067,,Article 16,VERIFICATION,article,reportar,low,0,\breport\b,report,"for the purposes of verifying an aircraft operator's emission report, the consistency between aggregated fuel consumption and data on fuel purchased or otherwise supplied to the aircraft performing the aviation activity;"
32018R2067,,Article 16,VERIFICATION,article,reportar,low,0,\breport\b,report,the consistency of the aggregated reported data in an operator's or aircraft operator's report with primary source data;
32018R2067,,Article 17,VERIFICATION,article,reportar,low,0,\breport\b,report,"2. For the purposes of verifying the operator's emission report, the verifier shall check the correct application and implementation of the sampling plan referred to in Article 33 of Implementing Regulation (EU) 2018/2066, as approved by the competent authority."
32018R2067,,Article 17,VERIFICATION,article,reportar,low,0,\breport\b,report,"3. For the purposes of verifying the operator's baseline data report or new entrant data report, the verifier shall check whether the methodology for collecting and monitoring data defined in the monitoring methodology plan is applied in the correct way, including:"
32018R2067,,Article 17,VERIFICATION,article,ranking_rating,low,0,\bbenchmark\w*,benchmarks,whether activity levels for product benchmarks are based on a correct application of the product definitions listed in Annex I to Delegated Regulation (EU) .../...;
32018R2067,,Article 17,VERIFICATION,article,ranking_rating,low,0,\bbenchmark\w*,benchmark,"whether activity levels for the heat benchmark sub-installations, the district heating sub-installation, the fuel benchmark sub-installations and the process emissions sub-installations have been correctly attributed according to the products produced and pursuant to delegated acts adopted pursuant to Article 10b(5) of Directive 2003/87/EC."
32018R2067,,Article 21,VERIFICATION,article,reportar,low,0,\breport\b,report,"1. At one or more appropriate times during the verification process, the verifier shall conduct a site visit in order to assess the operation of measuring devices and monitoring systems, to conduct interviews, to carry out the activities required by this Chapter as well as to gather sufficient information and evidence enabling it to conclude whether the operator's or aircraft operator's report is free from material misstatements."
32018R2067,,Article 21,VERIFICATION,article,reportar,low,0,\breport\b,report,"3. For the purposes of verifying the operator's emission report, the verifier shall also use a site visit to assess the boundaries of the installation as well as the completeness of source streams and emission sources."
32018R2067,,Article 21,VERIFICATION,article,reportar,low,0,\breport\b,report,"4. For the purposes of verifying the operator's baseline data report or new entrant data report, the verifier shall also use a site visit to assess the boundaries of the installation and its sub-installations as well as the completeness of source streams, emission sources and technical connections."
32018R2067,,Article 21,VERIFICATION,article,reportar,low,0,\breport\b,report,"5. For the purposes of verifying the operator's emission report, baseline data report or new entrant data report, the verifier shall decide, based on the risk analysis, whether visits to additional locations are needed, including where relevant parts of data flow activities and control activities are carried out in other locations such as company headquarters and other off-site offices."
32018R2067,,Article 22,VERIFICATION,article,reportar,low,0,\breport\b,report,"3. If the operator or aircraft operator does not correct the misstatements or non-conformities communicated to them by the verifier in accordance with paragraph 1 before the verifier issues the verification report, the verifier shall request the operator or aircraft operator to explain the main causes of the non-conformity or misstatement in order to assess the impact of the non-conformities or misstatements on the reported data."
32018R2067,,Article 22,VERIFICATION,article,auditoria,high,0,verification (team|report|body),verification report,"3. If the operator or aircraft operator does not correct the misstatements or non-conformities communicated to them by the verifier in accordance with paragraph 1 before the verifier issues the verification report, the verifier shall request the operator or aircraft operator to explain the main causes of the non-conformity or misstatement in order to assess the impact of the non-conformities or misstatements on the reported data."
32018R2067,,Article 22,VERIFICATION,article,reportar,low,0,\breport\b,report,"If the operator or aircraft operator does not correct the non-compliance with Implementing Regulation (EU) 2018/2066 or Delegated Regulation (EU) .../... in accordance with paragraph 1 before the verifier issues the verification report, the verifier shall assess whether the uncorrected non-compliance has an impact on the reported data and whether this leads to material misstatement."
32018R2067,,Article 22,VERIFICATION,article,auditoria,high,0,verification (team|report|body),verification report,"If the operator or aircraft operator does not correct the non-compliance with Implementing Regulation (EU) 2018/2066 or Delegated Regulation (EU) .../... in accordance with paragraph 1 before the verifier issues the verification report, the verifier shall assess whether the uncorrected non-compliance has an impact on the reported data and whether this leads to material misstatement."
32018R2067,,Article 23,VERIFICATION,article,reportar,low,0,\breport\b,report,"4. For the purposes of verifying baseline data report or new entrant data reports, the materiality level shall be 5 % of the total reported value of the following:"
32018R2067,,Article 23,VERIFICATION,article,ranking_rating,low,0,\bbenchmark\w*,benchmark,the activity level of each relevant product benchmark sub-installation individually.
32018R2067,,Article 24,VERIFICATION,article,auditoria,low,0,\bassurance\b,assurance,assess whether the verification risk is at an acceptably low level to obtain reasonable assurance;
32018R2067,,Article 24,VERIFICATION,article,reportar,low,0,\breport\b,report,ensure that sufficient evidence has been gathered to be able to give a verification opinion with reasonable assurance that the report is free from material misstatements;
32018R2067,,Article 24,VERIFICATION,article,auditoria,low,0,\bassurance\b,assurance,ensure that sufficient evidence has been gathered to be able to give a verification opinion with reasonable assurance that the report is free from material misstatements;
32018R2067,,Article 24,VERIFICATION,article,reportar,low,0,\breport\b,report,ensure that the verification process is fully documented in the internal verification documentation and that a final judgment in the verification report can be given.
32018R2067,,Article 24,VERIFICATION,article,auditoria,high,0,verification (team|report|body),verification report,ensure that the verification process is fully documented in the internal verification documentation and that a final judgment in the verification report can be given.
32018R2067,,Article 25,VERIFICATION,article,reportar,low,0,\breport\b,report,1. The verifier shall submit the internal verification documentation and the verification report to an independent reviewer prior to the issuance of the verification report.
32018R2067,,Article 25,VERIFICATION,article,auditoria,high,0,verification (team|report|body),verification report,1. The verifier shall submit the internal verification documentation and the verification report to an independent reviewer prior to the issuance of the verification report.
32018R2067,,Article 25,VERIFICATION,article,reportar,low,0,\breport\b,report,The independent reviewer shall also assess whether the evidence gathered is sufficient to enable the verifier to issue a verification report with reasonable assurance.
32018R2067,,Article 25,VERIFICATION,article,auditoria,high,0,verification (team|report|body),verification report,The independent reviewer shall also assess whether the evidence gathered is sufficient to enable the verifier to issue a verification report with reasonable assurance.
32018R2067,,Article 25,VERIFICATION,article,reportar,low,0,\breport\b,report,"4. Where circumstances occur which may cause changes in the verification report after the review, the independent reviewer shall also review those changes and the evidence thereof."
32018R2067,,Article 25,VERIFICATION,article,auditoria,high,0,verification (team|report|body),verification report,"4. Where circumstances occur which may cause changes in the verification report after the review, the independent reviewer shall also review those changes and the evidence thereof."
32018R2067,,Article 25,VERIFICATION,article,reportar,low,0,\breport\b,report,5. The verifier shall properly authorise a person to authenticate the verification report based upon the conclusions of the independent reviewer and the evidence in the internal verification documentation.
32018R2067,,Article 25,VERIFICATION,article,auditoria,high,0,verification (team|report|body),verification report,5. The verifier shall properly authorise a person to authenticate the verification report based upon the conclusions of the independent reviewer and the evidence in the internal verification documentation.
32018R2067,,Article 26,VERIFICATION,article,certificacao,high,0,national accreditation bod(y|ies),national accreditation body,2. The internal verification documentation referred to in paragraph 1 shall be drafted in such a manner that the independent reviewer referred to in Article 25 and the national accreditation body can assess whether the verification has been performed in accordance with this Regulation.
32018R2067,,Article 26,VERIFICATION,article,reportar,low,0,\breport\b,report,"After authentication of the verification report pursuant to Article 25(5), the verifier shall include results of the independent review in the internal verification documentation."
32018R2067,,Article 26,VERIFICATION,article,auditoria,high,0,verification (team|report|body),verification report,"After authentication of the verification report pursuant to Article 25(5), the verifier shall include results of the independent review in the internal verification documentation."
32018R2067,,Article 27,VERIFICATION,article,reportar,low,1,\breport\b,report,Verification report
32018R2067,,Article 27,VERIFICATION,article,auditoria,high,1,verification (team|report|body),Verification report,Verification report
32018R2067,,Article 27,VERIFICATION,article,reportar,low,1,\breport\b,report,"1. Based on the information collected during the verification, the verifier shall issue a verification report to the operator or aircraft operator on each emission report, tonne-kilometre report, baseline data report or new entrant data report that was subject to verification. The verification report shall include at least one of the following findings:"
32018R2067,,Article 27,VERIFICATION,article,auditoria,high,1,verification (team|report|body),verification report,"1. Based on the information collected during the verification, the verifier shall issue a verification report to the operator or aircraft operator on each emission report, tonne-kilometre report, baseline data report or new entrant data report that was subject to verification. The verification report shall include at least one of the following findings:"
32018R2067,,Article 27,VERIFICATION,article,reportar,low,1,\breport\b,report,the report is verified as satisfactory;
32018R2067,,Article 27,VERIFICATION,article,reportar,low,1,\breport\b,report,the operator's or aircraft operator's report contains material misstatements that were not corrected before issuing the verification report;
32018R2067,,Article 27,VERIFICATION,article,auditoria,high,1,verification (team|report|body),verification report,the operator's or aircraft operator's report contains material misstatements that were not corrected before issuing the verification report;
32018R2067,,Article 27,VERIFICATION,article,reportar,low,1,\breport\b,report,the scope of verification is too limited pursuant to Article 28 and the verifier could not obtain sufficient evidence to issue a verification opinion with reasonable assurance that the report is free from material misstatements;
32018R2067,,Article 27,VERIFICATION,article,auditoria,low,1,\bassurance\b,assurance,the scope of verification is too limited pursuant to Article 28 and the verifier could not obtain sufficient evidence to issue a verification opinion with reasonable assurance that the report is free from material misstatements;
32018R2067,,Article 27,VERIFICATION,article,reportar,low,1,\breport\b,report,"non-conformities, individually or combined with other non-conformities, provide insufficient clarity and prevent the verifier from stating with reasonable assurance that the operator's or aircraft operator's report is free from material misstatements;"
32018R2067,,Article 27,VERIFICATION,article,auditoria,low,1,\bassurance\b,assurance,"non-conformities, individually or combined with other non-conformities, provide insufficient clarity and prevent the verifier from stating with reasonable assurance that the operator's or aircraft operator's report is free from material misstatements;"
32018R2067,,Article 27,VERIFICATION,article,reportar,low,1,\breport\b,report,"where the monitoring methodology plan is not subject to the approval of the competent authority, non-compliance with Delegated Regulation (EU) .../... provide insufficient clarity and prevent the verifier from stating with reasonable assurance that the baseline data report or new entrant data report is free from material misstatements."
32018R2067,,Article 27,VERIFICATION,article,auditoria,low,1,\bassurance\b,assurance,"where the monitoring methodology plan is not subject to the approval of the competent authority, non-compliance with Delegated Regulation (EU) .../... provide insufficient clarity and prevent the verifier from stating with reasonable assurance that the baseline data report or new entrant data report is free from material misstatements."
32018R2067,,Article 27,VERIFICATION,article,reportar,low,1,\breport\b,report,"For the purposes of point (a) of the first subparagraph, the operator's or aircraft operator's report may be verified as satisfactory only where the operator's or aircraft operator's report is free from material misstatements."
32018R2067,,Article 27,VERIFICATION,article,reportar,low,1,\breport\b,report,2. The operator or aircraft operator shall submit the verification report to the competent authority together with the operator's or aircraft operator's report concerned.
32018R2067,,Article 27,VERIFICATION,article,auditoria,high,1,verification (team|report|body),verification report,2. The operator or aircraft operator shall submit the verification report to the competent authority together with the operator's or aircraft operator's report concerned.
32018R2067,,Article 27,VERIFICATION,article,reportar,low,1,\breport\b,report,3. The verification report shall at least contain the following elements:
32018R2067,,Article 27,VERIFICATION,article,auditoria,high,1,verification (team|report|body),verification report,3. The verification report shall at least contain the following elements:
32018R2067,,Article 27,VERIFICATION,article,reportar,low,1,\breport\b,report,a reference to the operator's or aircraft operator's report that has been verified;
32018R2067,,Article 27,VERIFICATION,article,reportar,low,1,\breport\b,report,"the criteria used to verify the operator's or aircraft operator's report, including the permit, where applicable, and versions of the monitoring plan approved by the competent authority or monitoring methodology plan, as appropriate, as well as the period of validity for each plan;"
32018R2067,,Article 27,VERIFICATION,article,reportar,low,1,\breport\b,report,"in the case of verification of the baseline report required for allocation for the period 2021-2025, and the competent authority has not required the monitoring methodology plan to be approved, confirmation that the verifier has checked the monitoring methodology plan and that this plan is compliant with Delegated Regulation (EU) .../...;"
32018R2067,,Article 27,VERIFICATION,article,reportar,low,1,\breport\b,report,"where it concerns the verification of the operator's or aircraft operator's emission report, aggregated emissions or tonne-kilometres per activity referred to in Annex I to Directive 2003/87/EC and per installation or aircraft operator;"
32018R2067,,Article 27,VERIFICATION,article,reportar,low,1,\breport\b,report,"where it concerns the verification of the baseline data report or new entrant data report, aggregated annual verified data for each year in the baseline period for each sub-installation for the annual activity level and the emissions attributed to the sub-installation;"
32018R2067,,Article 27,VERIFICATION,article,reportar,low,1,\breport\b,report,a description of any identified misstatements and non-conformities that were not corrected before the issuance of the verification report;
32018R2067,,Article 27,VERIFICATION,article,auditoria,high,1,verification (team|report|body),verification report,a description of any identified misstatements and non-conformities that were not corrected before the issuance of the verification report;
32018R2067,,Article 27,VERIFICATION,article,reportar,low,1,\breport\b,report,"the names of the EU ETS lead auditor, the independent reviewer and, where applicable, the EU ETS auditor and the technical expert that were involved in the verification of the operator's or aircraft operator's report;"
32018R2067,,Article 27,VERIFICATION,article,auditoria,high,1,(EU ETS )?(lead )?auditor,EU ETS lead auditor,"the names of the EU ETS lead auditor, the independent reviewer and, where applicable, the EU ETS auditor and the technical expert that were involved in the verification of the operator's or aircraft operator's report;"
32018R2067,,Article 27,VERIFICATION,article,reportar,low,1,\breport\b,report,"4. The verifier shall describe the misstatements, non-conformities and non-compliance with Implementing Regulation (EU) 2018/2066 or Delegated Regulation (EU) .../..., in sufficient detail in the verification report to allow the operator or aircraft operator as well as the competent authority to understand the following:"
32018R2067,,Article 27,VERIFICATION,article,auditoria,high,1,verification (team|report|body),verification report,"4. The verifier shall describe the misstatements, non-conformities and non-compliance with Implementing Regulation (EU) 2018/2066 or Delegated Regulation (EU) .../..., in sufficient detail in the verification report to allow the operator or aircraft operator as well as the competent authority to understand the following:"
32018R2067,,Article 27,VERIFICATION,article,reportar,low,1,\breport\b,report,"to which element of the operator's or aircraft operator's report the misstatement refers, or to what element of the monitoring plan or the monitoring methodology plan the non-conformity refers;"
32018R2067,,Article 27,VERIFICATION,article,reportar,low,1,\breport\b,report,"5. For the purposes of verifying emission reports or tonne-kilometre reports, if a Member State requires the verifier to submit information on the verification process in addition to the elements described in paragraph 3 and that information is not necessary to understand the verification opinion, the operator or aircraft operator may, for efficiency reasons, submit that additional information to the competent authority separately from the verification report at an alternative date, but no later"
32018R2067,,Article 27,VERIFICATION,article,auditoria,high,1,verification (team|report|body),verification report,"5. For the purposes of verifying emission reports or tonne-kilometre reports, if a Member State requires the verifier to submit information on the verification process in addition to the elements described in paragraph 3 and that information is not necessary to understand the verification opinion, the operator or aircraft operator may, for efficiency reasons, submit that additional information to the competent authority separately from the verification report at an alternative date, but no later"
32018R2067,,Article 28,VERIFICATION,article,auditoria,low,0,\bassurance\b,assurance,data are missing that prevent a verifier from obtaining the evidence required to reduce the verification risk to the level needed to obtain reasonable level of assurance;
32018R2067,,Article 28,VERIFICATION,article,reportar,low,0,\breport\b,report,where Delegated Regulation (EU) .../... or the Member State required approval of the monitoring methodology plan by the competent authority prior to submission of the baseline data report and that plan has not been approved by the competent authority before the start of verification.
32018R2067,,Article 29,VERIFICATION,article,reportar,low,0,\breport\b,report,"1. The verifier shall assess whether the operator or aircraft operator has corrected the non-conformities indicated in the verification report related to the previous monitoring period according to the requirements on the operator referred to in Article 69(4) of Implementing Regulation (EU) 2018/2066, where relevant."
32018R2067,,Article 29,VERIFICATION,article,auditoria,high,0,verification (team|report|body),verification report,"1. The verifier shall assess whether the operator or aircraft operator has corrected the non-conformities indicated in the verification report related to the previous monitoring period according to the requirements on the operator referred to in Article 69(4) of Implementing Regulation (EU) 2018/2066, where relevant."
32018R2067,,Article 29,VERIFICATION,article,reportar,low,0,\bshall report\b,shall report,The verifier shall report in the verification report whether those non-conformities have been resolved by the operator or aircraft operator.
32018R2067,,Article 29,VERIFICATION,article,auditoria,high,0,verification (team|report|body),verification report,The verifier shall report in the verification report whether those non-conformities have been resolved by the operator or aircraft operator.
32018R2067,,Article 30,VERIFICATION,article,reportar,low,0,\breport\b,report,"1. Where the verifier has identified areas for improvement in the operator's or aircraft operator's performance related to points (a) to (e) of this paragraph, it shall include in the verification report recommendations for improvement related to the operator's or aircraft operator's performance on those points:"
32018R2067,,Article 30,VERIFICATION,article,auditoria,high,0,verification (team|report|body),verification report,"1. Where the verifier has identified areas for improvement in the operator's or aircraft operator's performance related to points (a) to (e) of this paragraph, it shall include in the verification report recommendations for improvement related to the operator's or aircraft operator's performance on those points:"
32018R2067,,Article 30,VERIFICATION,article,reportar,low,0,\breport\b,report,"2. During verification following a year in which recommendations for improvement were made in a verification report, the verifier shall check whether the operator or aircraft operator has implemented those recommendations for improvement and the manner in which this has been done."
32018R2067,,Article 30,VERIFICATION,article,auditoria,high,0,verification (team|report|body),verification report,"2. During verification following a year in which recommendations for improvement were made in a verification report, the verifier shall check whether the operator or aircraft operator has implemented those recommendations for improvement and the manner in which this has been done."
32018R2067,,Article 31,VERIFICATION,article,reportar,low,0,\breport\b,report,when an operator's emission report is verified for the first time by the verifier;
32018R2067,,Article 31,VERIFICATION,article,reportar,low,0,\breport\b,report,if an operator's baseline data report or new entrant data report is verified.
32018R2067,,Article 32,VERIFICATION,article,auditoria,low,0,\bassurance\b,assurance,"there is a high level of centralisation of data collected from that site and transmitted directly to another location where all the data is processed, managed and stored with good quality assurance;"
32018R2067,,Article 35,REQUIREMENTS FOR VERIFIERS,article,certificacao,low,0,\baccreditation\b,accreditation,Sectoral scopes of accreditation
32018R2067,,Article 35,REQUIREMENTS FOR VERIFIERS,article,reportar,low,0,\breport\b,report,The verifier shall only issue a verification report to an operator or aircraft operator that performs an activity that is covered by the scope of the activity referred to in Annex I for which the verifier has been granted accreditation according to the provisions of Regulation (EC) No 765/2008 and this Regulation.
32018R2067,,Article 35,REQUIREMENTS FOR VERIFIERS,article,certificacao,low,0,\baccreditation\b,accreditation,The verifier shall only issue a verification report to an operator or aircraft operator that performs an activity that is covered by the scope of the activity referred to in Annex I for which the verifier has been granted accreditation according to the provisions of Regulation (EC) No 765/2008 and this Regulation.
32018R2067,,Article 35,REQUIREMENTS FOR VERIFIERS,article,auditoria,high,0,verification (team|report|body),verification report,The verifier shall only issue a verification report to an operator or aircraft operator that performs an activity that is covered by the scope of the activity referred to in Annex I for which the verifier has been granted accreditation according to the provisions of Regulation (EC) No 765/2008 and this Regulation.
32018R2067,,Article 36,REQUIREMENTS FOR VERIFIERS,article,auditoria,high,0,(EU ETS )?(lead )?auditor,EU ETS auditor,"specific competence criteria for each function within the verifier undertaking verification activities, in particular for the EU ETS auditor, EU ETS lead auditor, independent reviewer and technical expert;"
32018R2067,,Article 36,REQUIREMENTS FOR VERIFIERS,article,certificacao,low,0,\baccreditation\b,accreditation,"a process for assessing whether the verification engagement falls within the scope of the verifier's accreditation, and whether the verifier has the competence, personnel and resources required to select the verification team and successfully complete the verification activities within the timeframe required."
32018R2067,,Article 36,REQUIREMENTS FOR VERIFIERS,article,auditoria,high,0,verification (team|report|body),verification team,"a process for assessing whether the verification engagement falls within the scope of the verifier's accreditation, and whether the verifier has the competence, personnel and resources required to select the verification team and successfully complete the verification activities within the timeframe required."
32018R2067,,Article 36,REQUIREMENTS FOR VERIFIERS,article,certificacao,low,0,\baccreditation\b,accreditation,The competence criteria referred to in point (b) of the first subparagraph shall be specific for each scope of accreditation in which these persons are carrying out verification activities.
32018R2067,,Article 36,REQUIREMENTS FOR VERIFIERS,article,auditoria,high,0,verification (team|report|body),verification team,The process referred to in point (e) of the first subparagraph shall also include a process for assessing whether the verification team holds all the competence and persons required to carry out verification activities for a specific operator or aircraft operator.
32018R2067,,Article 36,REQUIREMENTS FOR VERIFIERS,article,auditoria,high,0,(EU ETS )?(lead )?auditor,EU ETS auditor,6. A sufficiently competent evaluator shall assess the competence and performance of an EU ETS auditor and EU ETS lead auditor.
32018R2067,,Article 36,REQUIREMENTS FOR VERIFIERS,article,reportar,low,0,\breport\b,report,"The competent evaluator shall monitor those auditors during the verification of the operator's or aircraft operator's report on the site of the installation or aircraft operator as appropriate, to determine whether they meet the competence criteria."
32018R2067,,Article 36,REQUIREMENTS FOR VERIFIERS,article,auditoria,high,0,(EU ETS )?(lead )?auditor,auditor,"The competent evaluator shall monitor those auditors during the verification of the operator's or aircraft operator's report on the site of the installation or aircraft operator as appropriate, to determine whether they meet the competence criteria."
32018R2067,,Article 37,REQUIREMENTS FOR VERIFIERS,article,auditoria,high,0,verification (team|report|body),Verification team,Verification teams
32018R2067,,Article 37,REQUIREMENTS FOR VERIFIERS,article,auditoria,high,0,verification (team|report|body),verification team,"1. For each particular verification engagement, the verifier shall assemble a verification team capable of performing the verification activities referred to in Chapter II."
32018R2067,,Article 37,REQUIREMENTS FOR VERIFIERS,article,auditoria,high,0,(EU ETS )?(lead )?auditor,EU ETS lead auditor,"2. The verification team shall at least consist of an EU ETS lead auditor, and, where the verifier's conclusions during the assessment referred to in Article 8(1)(e) and the strategic analysis so require, a suitable number of EU ETS auditors and technical experts."
32018R2067,,Article 37,REQUIREMENTS FOR VERIFIERS,article,auditoria,high,0,verification (team|report|body),verification team,"3. For the independent review of the verification activities related to a particular verification engagement, the verifier shall appoint an independent reviewer who shall not be part of the verification team."
32018R2067,,Article 37,REQUIREMENTS FOR VERIFIERS,article,reportar,low,0,\breport\b,report,5. The verification team shall include at least one person with the technical competence and understanding required to assess the specific technical monitoring and reporting aspects related to the activities referred to in Annex I that are carried out by the installation or aircraft operator. The verification team shall also include one person who is able to communicate in the language required for the verification of an operator's or aircraft operator's report in the Member State where the veri
32018R2067,,Article 37,REQUIREMENTS FOR VERIFIERS,article,auditoria,high,0,verification (team|report|body),verification team,5. The verification team shall include at least one person with the technical competence and understanding required to assess the specific technical monitoring and reporting aspects related to the activities referred to in Annex I that are carried out by the installation or aircraft operator. The verification team shall also include one person who is able to communicate in the language required for the verification of an operator's or aircraft operator's report in the Member State where the veri
32018R2067,,Article 37,REQUIREMENTS FOR VERIFIERS,article,auditoria,high,0,verification (team|report|body),verification team,"Where the verifier is carrying out verification of baseline data reports and new entrant data reports the verification team shall include in addition at least one person with the technical competence and understanding required to assess the specific technical aspects regarding the collection, monitoring and reporting of data relevant for free allocation."
32018R2067,,Article 37,REQUIREMENTS FOR VERIFIERS,article,auditoria,high,0,(EU ETS )?(lead )?auditor,EU ETS auditor,"6. Where the verification team consists of one person, this person shall meet all the competence requirements for the EU ETS auditor and EU ETS lead auditor and meet the requirements laid down in paragraphs 4 and 5."
32018R2067,,Article 38,REQUIREMENTS FOR VERIFIERS,article,auditoria,high,0,(EU ETS )?(lead )?auditor,EU ETS auditor,Competence requirements for EU ETS auditors and EU ETS lead auditors
32018R2067,,Article 38,REQUIREMENTS FOR VERIFIERS,article,auditoria,high,0,(EU ETS )?(lead )?auditor,EU ETS auditor,"1. An EU ETS auditor shall have the competence to perform the verification. To this end, the EU ETS auditor shall have at least:"
32018R2067,,Article 38,REQUIREMENTS FOR VERIFIERS,article,reportar,low,0,\breport\b,report,"knowledge of Directive 2003/87/EC, Implementing Regulation (EU) 2018/2066, Regulation (EU) .../... in the case of verification of the baseline data report or new entrant data report, this Regulation, relevant standards, and other relevant legislation, applicable guidelines, as well as relevant guidelines and legislation issued by the Member State in which the verifier is carrying out a verification;"
32018R2067,,Article 38,REQUIREMENTS FOR VERIFIERS,article,auditoria,low,0,\baudit\w*,auditing,"knowledge and experience of data and information auditing, including:"
32018R2067,,Article 38,REQUIREMENTS FOR VERIFIERS,article,auditoria,low,0,\baudit\w*,auditing,"data and information auditing methodologies, including the application of the materiality level and assessing the materiality of misstatements;"
32018R2067,,Article 38,REQUIREMENTS FOR VERIFIERS,article,reportar,low,0,\breport\b,report,the ability to perform the activities related to the verification of an operator's or aircraft operator's report as required by Chapter II;
32018R2067,,Article 38,REQUIREMENTS FOR VERIFIERS,article,auditoria,high,0,(EU ETS )?(lead )?auditor,EU ETS auditor,knowledge of and experience in the sector specific technical monitoring and reporting aspects that are relevant for the scope of activities referred to in Annex I in which the EU ETS auditor is carrying out verification.
32018R2067,,Article 38,REQUIREMENTS FOR VERIFIERS,article,auditoria,high,0,(EU ETS )?(lead )?auditor,EU ETS lead auditor,2. An EU ETS lead auditor shall meet the competence requirements for an EU ETS auditor and shall have demonstrated competence to lead a verification team and to be responsible for carrying out the verification activities in accordance with this Regulation.
32018R2067,,Article 39,REQUIREMENTS FOR VERIFIERS,article,reportar,low,0,\breport\b,report,1. The independent reviewer shall have the appropriate authority to review the draft verification report and internal verification documentation pursuant to Article 25.
32018R2067,,Article 39,REQUIREMENTS FOR VERIFIERS,article,auditoria,high,0,verification (team|report|body),verification report,1. The independent reviewer shall have the appropriate authority to review the draft verification report and internal verification documentation pursuant to Article 25.
32018R2067,,Article 39,REQUIREMENTS FOR VERIFIERS,article,auditoria,high,0,(EU ETS )?(lead )?auditor,EU ETS lead auditor,2. The independent reviewer shall meet the competence requirements of an EU ETS lead auditor referred to in Article 38(2).
32018R2067,,Article 39,REQUIREMENTS FOR VERIFIERS,article,reportar,low,0,\breport\b,report,"3. The independent reviewer shall have the necessary competence to analyse the information provided to confirm the completeness and integrity of the information, to challenge missing or contradictory information as well as to check data trails for the purposes of assessing whether the internal verification documentation is complete and provides sufficient information to support the draft verification report."
32018R2067,,Article 39,REQUIREMENTS FOR VERIFIERS,article,auditoria,high,0,verification (team|report|body),verification report,"3. The independent reviewer shall have the necessary competence to analyse the information provided to confirm the completeness and integrity of the information, to challenge missing or contradictory information as well as to check data trails for the purposes of assessing whether the internal verification documentation is complete and provides sufficient information to support the draft verification report."
32018R2067,,Article 40,REQUIREMENTS FOR VERIFIERS,article,auditoria,high,0,(EU ETS )?(lead )?auditor,EU ETS auditor,"1. When carrying out verification activities, a verifier may use technical experts to provide detailed knowledge and expertise on a specific subject matter needed to support the EU ETS auditor and EU ETS lead auditor in carrying out their verification activities."
32018R2067,,Article 40,REQUIREMENTS FOR VERIFIERS,article,auditoria,high,0,(EU ETS )?(lead )?auditor,EU ETS auditor,"3. The technical expert shall have the competence and expertise required to support the EU ETS auditor and EU ETS lead auditor, or the independent reviewer, where necessary, effectively on the subject matter for which their knowledge and expertise is requested. In addition, the technical expert shall have a sufficient understanding of the issues described in points (a), (b) and (c) of Article 38(1)."
32018R2067,,Article 40,REQUIREMENTS FOR VERIFIERS,article,auditoria,high,0,(EU ETS )?(lead )?auditor,EU ETS lead auditor,4. The technical expert shall undertake specified tasks under the direction and full responsibility of the EU ETS lead auditor of the verification team in which the technical expert is operating or the independent reviewer.
32018R2067,,Article 43,REQUIREMENTS FOR VERIFIERS,article,reportar,low,0,\breport\b,report,"3. A verifier shall not carry out verification activities for an operator or aircraft operator that poses an unacceptable risk to its impartiality or that creates a conflict of interest for it. The verifier shall not use personnel or contracted persons in the verification of an operator's or aircraft operator's report that involves an actual or potential conflict of interest. The verifier shall also ensure that the activities of personnel or organisations do not affect the confidentiality, objec"
32018R2067,,Article 43,REQUIREMENTS FOR VERIFIERS,article,reportar,low,0,\breport\b,report,"where a verifier or any part of the same legal entity provides consulting services to develop part of the monitoring and reporting process that is described in the monitoring plan approved by the competent authority or in the monitoring methodology plan, as applicable, including the development of the monitoring methodology, the drafting of the operator's or aircraft operator's report and the drafting of the monitoring plan or monitoring methodology plan;"
32018R2067,,Article 43,REQUIREMENTS FOR VERIFIERS,article,reportar,low,0,\breport\b,report,"where a verifier or any part of the same legal entity provides technical assistance to develop or maintain the system implemented to monitor and report emissions, tonne-kilometre data or data relevant for free allocation."
32018R2067,,Article 43,REQUIREMENTS FOR VERIFIERS,article,reportar,low,0,\breport\b,report,"5. A verifier shall not outsource the independent review or the issuance of the verification report. For the purposes of this Regulation, when outsourcing other verification activities, the verifier shall meet the relevant requirements laid down in the harmonised standard referred to in Annex II."
32018R2067,,Article 43,REQUIREMENTS FOR VERIFIERS,article,auditoria,high,0,verification (team|report|body),verification report,"5. A verifier shall not outsource the independent review or the issuance of the verification report. For the purposes of this Regulation, when outsourcing other verification activities, the verifier shall meet the relevant requirements laid down in the harmonised standard referred to in Annex II."
32018R2067,,Article 43,REQUIREMENTS FOR VERIFIERS,article,auditoria,high,0,(EU ETS )?(lead )?auditor,EU ETS lead auditor,"7. If the EU ETS lead auditor undertakes six annual verifications for a given aircraft operator, then the EU ETS lead auditor shall take a three consecutive year break from providing verification services to that same aircraft operator. The six years maximum period includes any greenhouse gas verifications performed for the aircraft operator starting after the entry into force of this regulation."
32018R2067,,Article 44,ACCREDITATION,article,certificacao,low,0,\baccreditation\b,Accreditation,Accreditation
32018R2067,,Article 44,ACCREDITATION,article,reportar,low,0,\breport\b,report,A verifier issuing a verification report to an operator or an aircraft operator shall be accredited for the scope of activities referred to in Annex I for which the verifier is carrying out the verification of an operator's or aircraft operator's report.
32018R2067,,Article 44,ACCREDITATION,article,certificacao,low,0,\baccredited\b,accredited,A verifier issuing a verification report to an operator or an aircraft operator shall be accredited for the scope of activities referred to in Annex I for which the verifier is carrying out the verification of an operator's or aircraft operator's report.
32018R2067,,Article 44,ACCREDITATION,article,auditoria,high,0,verification (team|report|body),verification report,A verifier issuing a verification report to an operator or an aircraft operator shall be accredited for the scope of activities referred to in Annex I for which the verifier is carrying out the verification of an operator's or aircraft operator's report.
32018R2067,,Article 44,ACCREDITATION,article,reportar,low,0,\breport\b,report,"For the purpose of verifying baseline data reports or new entrant data reports, a verifier issuing a verification report to an operator shall in addition be accredited for activity group No 98 referred to in Annex I."
32018R2067,,Article 44,ACCREDITATION,article,certificacao,low,0,\baccredited\b,accredited,"For the purpose of verifying baseline data reports or new entrant data reports, a verifier issuing a verification report to an operator shall in addition be accredited for activity group No 98 referred to in Annex I."
32018R2067,,Article 44,ACCREDITATION,article,auditoria,high,0,verification (team|report|body),verification report,"For the purpose of verifying baseline data reports or new entrant data reports, a verifier issuing a verification report to an operator shall in addition be accredited for activity group No 98 referred to in Annex I."
32018R2067,,Article 45,ACCREDITATION,article,certificacao,low,0,\baccreditation\b,accreditation,Objectives of accreditation
32018R2067,,Article 45,ACCREDITATION,article,certificacao,high,0,national accreditation bod(y|ies),national accreditation body,"During the accreditation process and the monitoring of accredited verifiers, each national accreditation body shall assess whether the verifier and its personnel undertaking verification activities:"
32018R2067,,Article 45,ACCREDITATION,article,auditoria,high,0,accredited verifier,accredited verifier,"During the accreditation process and the monitoring of accredited verifiers, each national accreditation body shall assess whether the verifier and its personnel undertaking verification activities:"
32018R2067,,Article 46,ACCREDITATION,article,certificacao,low,0,\baccreditation\b,accreditation,Request for accreditation
32018R2067,,Article 46,ACCREDITATION,article,certificacao,low,0,\baccreditation\b,accreditation,1. Any legal person or other legal entity may request accreditation pursuant to Article 5(1) of Regulation (EC) No 765/2008 and the provisions of this Chapter.
32018R2067,,Article 46,ACCREDITATION,article,certificacao,high,0,national accreditation bod(y|ies),national accreditation body,"2. In addition to the information referred to in paragraph 1 of this Article, an applicant shall also, prior to the commencement of the assessment pursuant to Article 45, make available to the national accreditation body the following:"
32018R2067,,Article 46,ACCREDITATION,article,certificacao,high,0,national accreditation bod(y|ies),national accreditation body,all information requested by the national accreditation body;
32018R2067,,Article 47,ACCREDITATION,article,certificacao,high,0,national accreditation bod(y|ies),national accreditation body,"1. When preparing the assessment referred to in Article 45, each national accreditation body shall take into account the complexity of the scope for which the applicant requests accreditation as well as the complexity of the quality management system referred to in Article 41(2), the procedures and information on processes referred to in Article 41(1) and the geographical areas in which the applicant is carrying out or planning to carry out verification."
32018R2067,,Article 47,ACCREDITATION,article,certificacao,high,0,national accreditation bod(y|ies),national accreditation body,"2. For the purposes of this Regulation, the national accreditation body shall meet the minimum requirements set out in the harmonised standard referred to in Annex III."
32018R2067,,Article 48,ACCREDITATION,article,reportar,low,0,\breport\b,report,witnessing of a representative part of the requested scope for accreditation and the performance and competence of a representative number of the applicant's staff involved in the verification of the operator's or aircraft operator's report to ensure that the staff are operating in accordance with this Regulation.
32018R2067,,Article 48,ACCREDITATION,article,certificacao,low,0,\baccreditation\b,accreditation,witnessing of a representative part of the requested scope for accreditation and the performance and competence of a representative number of the applicant's staff involved in the verification of the operator's or aircraft operator's report to ensure that the staff are operating in accordance with this Regulation.
32018R2067,,Article 48,ACCREDITATION,article,reportar,low,0,\bshall report\b,shall report,2. The assessment team shall report the findings and non-conformities to the applicant in accordance with the requirements set out in the harmonised standard referred to in Annex III and shall request the applicant to respond to the reported findings and non-conformities in accordance with those provisions.
32018R2067,,Article 48,ACCREDITATION,article,certificacao,high,0,national accreditation bod(y|ies),national accreditation body,3. An applicant shall take corrective action to address any non-conformities reported pursuant to paragraph 2 and indicate in applicant's response to the reported findings and non-conformities of the assessment team what actions are taken or are planned to be taken within a time set by the national accreditation body to resolve any identified non-conformities.
32018R2067,,Article 48,ACCREDITATION,article,certificacao,high,0,national accreditation bod(y|ies),national accreditation body,4. The national accreditation body shall review the responses of the applicant to the findings and non-conformities submitted pursuant to paragraph 3.
32018R2067,,Article 48,ACCREDITATION,article,certificacao,high,0,national accreditation bod(y|ies),national accreditation body,"Where the national accreditation body finds the response of the applicant to be insufficient or ineffective, it shall request further information or action from the applicant. The national accreditation body may also request evidence of the effective implementation of actions taken or carry out a follow-up assessment to assess the effective implementation of the corrective actions."
32018R2067,,Article 49,ACCREDITATION,article,certificacao,low,0,\bcertificat\w*,certificate,Decision on accreditation and accreditation certificate
32018R2067,,Article 49,ACCREDITATION,article,certificacao,high,0,national accreditation bod(y|ies),national accreditation body,"1. The national accreditation body shall take into account the requirements laid down in the harmonised standard referred to in Annex III when preparing and taking the decision on whether to grant, extend or renew the accreditation of an applicant."
32018R2067,,Article 49,ACCREDITATION,article,certificacao,high,0,national accreditation bod(y|ies),national accreditation body,"2. Where the national accreditation body has decided to grant, extend or renew the accreditation of an applicant, it shall issue an accreditation certificate to that effect."
32018R2067,,Article 49,ACCREDITATION,article,certificacao,low,0,\bcertificat\w*,certificate,The accreditation certificate shall at least contain the information required on the basis of the harmonised standard referred to in Annex III.
32018R2067,,Article 49,ACCREDITATION,article,certificacao,high,0,national accreditation bod(y|ies),national accreditation body,The accreditation certificate shall be valid for a period not exceeding five years after the date on which the national accreditation body has issued that certificate.
32018R2067,,Article 50,ACCREDITATION,article,certificacao,high,0,national accreditation bod(y|ies),national accreditation body,1. The national accreditation body shall carry out an annual surveillance of each verifier to which it has issued an accreditation certificate.
32018R2067,,Article 50,ACCREDITATION,article,certificacao,high,0,national accreditation bod(y|ies),national accreditation body,2. The national accreditation body shall carry out the first surveillance of a verifier in accordance with paragraph 1 no later than 12 months after the date on which the accreditation certificate has been issued to that verifier.
32018R2067,,Article 50,ACCREDITATION,article,certificacao,high,0,national accreditation bod(y|ies),national accreditation body,"3. The national accreditation body shall prepare its plan for the surveillance of each verifier in a manner that allows for representative samples of the scope of accreditation to be assessed, in accordance with the requirements laid down in the harmonised standard referred to in Annex III."
32018R2067,,Article 50,ACCREDITATION,article,certificacao,high,0,national accreditation bod(y|ies),national accreditation body,"4. Based on the results of the surveillance referred to in paragraph 1, the national accreditation body shall decide whether to confirm the continuation of accreditation."
32018R2067,,Article 50,ACCREDITATION,article,certificacao,high,0,national accreditation bod(y|ies),national accreditation body,"5. Where a verifier carries out a verification in another Member State, the national accreditation body that has accredited the verifier may request the national accreditation body of the Member State where the verification is performed to carry out surveillance activities on its behalf and under its responsibility."
32018R2067,,Article 51,ACCREDITATION,article,certificacao,high,0,national accreditation bod(y|ies),national accreditation body,"1. Before the expiry of the accreditation certificate, the national accreditation body shall carry out a reassessment of the verifier to which the national accreditation body has issued an accreditation certificate to determine whether the validity of that accreditation certificate may be extended."
32018R2067,,Article 51,ACCREDITATION,article,certificacao,high,0,national accreditation bod(y|ies),national accreditation body,"2. The national accreditation body shall prepare its plan for the reassessment of each verifier in a manner that allows representative samples of the scope of accreditation to be assessed. In planning and carrying out the reassessment, the national accreditation body shall meet the requirements laid down in the harmonised standard referred to in Annex III."
32018R2067,,Article 52,ACCREDITATION,article,certificacao,high,0,national accreditation bod(y|ies),national accreditation body,1. The national accreditation body may conduct an extraordinary assessment of the verifier at any time to ensure that the verifier meets the requirements of this Regulation.
32018R2067,,Article 52,ACCREDITATION,article,certificacao,high,0,national accreditation bod(y|ies),national accreditation body,"2. For the purposes of enabling the national accreditation body to assess the need for an extraordinary assessment, the verifier shall inform the national accreditation body forthwith of any significant changes relevant to its accreditation concerning any aspect of its status or operation. Significant changes shall include those changes mentioned in the harmonised standard referred to in Annex III."
32018R2067,,Article 53,ACCREDITATION,article,certificacao,high,0,national accreditation bod(y|ies),national accreditation body,"The national accreditation body shall, in response to an application by a verifier for an extension of the scope of a granted accreditation, undertake the necessary activities to determine whether the verifier meets the requirements of Article 45 for the requested extension of the scope of its accreditation."
32018R2067,,Article 54,ACCREDITATION,article,certificacao,high,0,national accreditation bod(y|ies),national accreditation body,"1. The national accreditation body may suspend, withdraw or reduce an accreditation of a verifier if the verifier does not meet the requirements of this Regulation."
32018R2067,,Article 54,ACCREDITATION,article,certificacao,high,0,national accreditation bod(y|ies),national accreditation body,"The national accreditation body shall suspend, withdraw or reduce an accreditation of a verifier if the verifier so requests."
32018R2067,,Article 54,ACCREDITATION,article,certificacao,high,0,national accreditation bod(y|ies),national accreditation body,"The national accreditation body shall establish, document, implement and maintain a procedure for the suspension of the accreditation, the withdrawal of the accreditation and the reduction of the scope of accreditation."
32018R2067,,Article 54,ACCREDITATION,article,certificacao,high,0,national accreditation bod(y|ies),national accreditation body,"2. The national accreditation body shall suspend an accreditation, or restrict the scope of an accreditation in any of the following cases:"
32018R2067,,Article 54,ACCREDITATION,article,certificacao,high,0,national accreditation bod(y|ies),national accreditation body,the verifier has breached other specific terms and conditions of the national accreditation body.
32018R2067,,Article 54,ACCREDITATION,article,certificacao,high,0,national accreditation bod(y|ies),national accreditation body,3. The national accreditation body shall withdraw the accreditation in the following cases:
32018R2067,,Article 54,ACCREDITATION,article,certificacao,low,0,\bcertificat\w*,certificate,the verifier has failed to remedy the grounds for a decision to suspend the accreditation certificate;
32018R2067,,Article 54,ACCREDITATION,article,certificacao,high,0,national accreditation bod(y|ies),national accreditation body,"4. The decision of a national accreditation body to suspend, withdraw or reduce the scope of the accreditation in accordance with paragraphs 2 and 3 shall be subject to appeal."
32018R2067,,Article 54,ACCREDITATION,article,certificacao,high,0,national accreditation bod(y|ies),national accreditation body,"5. The decision of a national accreditation body to suspend, withdraw or reduce the scope of the accreditation shall take effect upon its notification to the verifier."
32018R2067,,Article 54,ACCREDITATION,article,certificacao,high,0,national accreditation bod(y|ies),national accreditation body,The national accreditation body shall terminate the suspension of an accreditation certificate where it has received satisfactory information and is confident that the verifier meets the requirements of this Regulation.
32018R2067,,Article 55,REQUIREMENTS CONCERNING ACCREDITATION BODIES FOR THE ACCREDITATION OF ETS VERIFIERS,article,certificacao,high,0,national accreditation bod(y|ies),National accreditation body,National accreditation body
32018R2067,,Article 55,REQUIREMENTS CONCERNING ACCREDITATION BODIES FOR THE ACCREDITATION OF ETS VERIFIERS,article,certificacao,high,0,national accreditation bod(y|ies),national accreditation bodies,1. The tasks related to accreditation pursuant to this Regulation shall be carried out by the national accreditation bodies appointed pursuant to Article 4(1) of Regulation (EC) No 765/2008.
32018R2067,,Article 55,REQUIREMENTS CONCERNING ACCREDITATION BODIES FOR THE ACCREDITATION OF ETS VERIFIERS,article,certificacao,high,0,national accreditation bod(y|ies),national accreditation body,"2. Where a Member State decides to allow the certification of verifiers that are natural persons, under this Regulation the tasks related to the certification of those verifiers shall be entrusted to a national authority other than the national accreditation body appointed pursuant to Article 4(1) of Regulation (EC) No 765/2008."
32018R2067,,Article 55,REQUIREMENTS CONCERNING ACCREDITATION BODIES FOR THE ACCREDITATION OF ETS VERIFIERS,article,certificacao,high,0,national accreditation bod(y|ies),national accreditation body,4. A national accreditation body shall be a member of the body recognised under Article 14 of that Regulation (EC) No 765/2008.
32018R2067,,Article 55,REQUIREMENTS CONCERNING ACCREDITATION BODIES FOR THE ACCREDITATION OF ETS VERIFIERS,article,certificacao,high,0,national accreditation bod(y|ies),national accreditation body,"5. A national accreditation body shall be entrusted with the operation of accreditation as a public authority activity and be granted formal recognition by the Member State, if accreditation is not operated directly by public authorities."
32018R2067,,Article 55,REQUIREMENTS CONCERNING ACCREDITATION BODIES FOR THE ACCREDITATION OF ETS VERIFIERS,article,certificacao,high,0,national accreditation bod(y|ies),national accreditation body,"6. For the purposes of this Regulation, the national accreditation body shall carry out its functions in accordance with the requirements set out in the harmonised standard referred to in Annex III."
32018R2067,,Article 56,REQUIREMENTS CONCERNING ACCREDITATION BODIES FOR THE ACCREDITATION OF ETS VERIFIERS,article,certificacao,low,0,\baccreditation\b,accreditation,Cross-border accreditation
32018R2067,,Article 56,REQUIREMENTS CONCERNING ACCREDITATION BODIES FOR THE ACCREDITATION OF ETS VERIFIERS,article,certificacao,high,0,national accreditation bod(y|ies),national accreditation body,"Where a Member State considers that it is economically not meaningful or sustainable to appoint a national accreditation body or to provide accreditation services within the meaning of Article 15 of Directive 2003/87/EC, that Member State shall have recourse to a national accreditation body of another Member State."
32018R2067,,Article 57,REQUIREMENTS CONCERNING ACCREDITATION BODIES FOR THE ACCREDITATION OF ETS VERIFIERS,article,certificacao,high,0,national accreditation bod(y|ies),national accreditation body,1. The national accreditation body shall be organised in a manner that guarantees its full independence from verifiers it assesses and its impartiality in carrying out its accreditation activities.
32018R2067,,Article 57,REQUIREMENTS CONCERNING ACCREDITATION BODIES FOR THE ACCREDITATION OF ETS VERIFIERS,article,certificacao,high,0,national accreditation bod(y|ies),national accreditation body,"2. For that purpose, the national accreditation body shall not offer or provide any activities or services provided by a verifier, nor shall it provide consultancy services, own shares in or otherwise have a financial or managerial interest in a verifier."
32018R2067,,Article 57,REQUIREMENTS CONCERNING ACCREDITATION BODIES FOR THE ACCREDITATION OF ETS VERIFIERS,article,certificacao,high,0,national accreditation bod(y|ies),national accreditation body,"3. Without prejudice to Article 55(2), the structure, responsibilities and tasks of the national accreditation body shall be clearly distinguished from those of the competent authority and those of other national authorities."
32018R2067,,Article 57,REQUIREMENTS CONCERNING ACCREDITATION BODIES FOR THE ACCREDITATION OF ETS VERIFIERS,article,certificacao,high,0,national accreditation bod(y|ies),national accreditation body,4. The national accreditation body shall take all final decisions pertaining to the accreditation of verifiers.
32018R2067,,Article 57,REQUIREMENTS CONCERNING ACCREDITATION BODIES FOR THE ACCREDITATION OF ETS VERIFIERS,article,certificacao,high,0,national accreditation bod(y|ies),national accreditation body,"However, the national accreditation body may sub-contract certain activities, subject to the requirements set out in the harmonised standard referred to in Annex III."
32018R2067,,Article 58,REQUIREMENTS CONCERNING ACCREDITATION BODIES FOR THE ACCREDITATION OF ETS VERIFIERS,article,certificacao,high,0,national accreditation bod(y|ies),national accreditation body,1. The national accreditation body shall appoint an assessment team for each particular assessment.
32018R2067,,Article 58,REQUIREMENTS CONCERNING ACCREDITATION BODIES FOR THE ACCREDITATION OF ETS VERIFIERS,article,certificacao,low,0,\baccreditation\b,accreditation,"2. An assessment team shall consist of a lead assessor and, where necessary, a suitable number of assessors or technical experts for a specific scope of accreditation."
32018R2067,,Article 58,REQUIREMENTS CONCERNING ACCREDITATION BODIES FOR THE ACCREDITATION OF ETS VERIFIERS,article,certificacao,low,0,\baccreditation\b,accreditation,"The assessment team shall include at least one person with the knowledge of the monitoring and reporting of greenhouse gas emissions pursuant to Implementing Regulation (EU) 2018/2066 that are relevant for the scope of accreditation and the competence and understanding required to assess the verification activities within the installation or aircraft operator for that scope, and at least one person with the knowledge of relevant national legislation and guidance."
32018R2067,,Article 58,REQUIREMENTS CONCERNING ACCREDITATION BODIES FOR THE ACCREDITATION OF ETS VERIFIERS,article,certificacao,high,0,national accreditation bod(y|ies),national accreditation body,"Where the national accreditation body assesses the verifier's competence and performance for scope no 98 referred to in Annex I of this Regulation, the assessment team shall include in addition at least one person with the knowledge of collecting, monitoring and reporting data relevant for free allocation pursuant to Delegated Regulation (EU) .../... as well as the competence and understanding required to assess the verification activities for that scope."
32018R2067,,Article 59,REQUIREMENTS CONCERNING ACCREDITATION BODIES FOR THE ACCREDITATION OF ETS VERIFIERS,article,auditoria,low,0,\baudit\w*,auditing,have knowledge of data and information auditing referred to in Article 38(1)(b) of this Regulation obtained through training or access to a person that has knowledge and experience of such data and information.
32018R2067,,Article 59,REQUIREMENTS CONCERNING ACCREDITATION BODIES FOR THE ACCREDITATION OF ETS VERIFIERS,article,certificacao,low,0,\baccreditation\b,accreditation,"3. Internal reviewers and persons taking the decisions on the granting, extending or renewing of an accreditation shall, in addition to the competence requirements referred to in paragraph 1, have sufficient knowledge and experience to evaluate the accreditation."
32018R2067,,Article 60,REQUIREMENTS CONCERNING ACCREDITATION BODIES FOR THE ACCREDITATION OF ETS VERIFIERS,article,certificacao,high,0,national accreditation bod(y|ies),national accreditation body,1. The national accreditation body may include technical experts in the assessment team to provide detailed knowledge and expertise on a specific subject matter needed to support the lead assessor or assessor in carrying out assessment activities.
32018R2067,,Article 61,REQUIREMENTS CONCERNING ACCREDITATION BODIES FOR THE ACCREDITATION OF ETS VERIFIERS,article,certificacao,high,0,national accreditation bod(y|ies),national accreditation body,The national accreditation body shall comply with the requirements established pursuant to Article 8 of Regulation (EC) No 765/2008.
32018R2067,,Article 62,REQUIREMENTS CONCERNING ACCREDITATION BODIES FOR THE ACCREDITATION OF ETS VERIFIERS,article,certificacao,high,0,national accreditation bod(y|ies),national accreditation body,"Where the national accreditation body has received a complaint concerning the verifier from the competent authority, the operator or aircraft operator, or other interested parties, the national accreditation body shall, within a reasonable time but no later than three months from the date of its receipt:"
32018R2067,,Article 63,REQUIREMENTS CONCERNING ACCREDITATION BODIES FOR THE ACCREDITATION OF ETS VERIFIERS,article,certificacao,high,0,national accreditation bod(y|ies),national accreditation body,"1. The national accreditation body shall keep records on each person involved in the accreditation process. Those records shall include records related to relevant qualifications, training, experience, impartiality and competence necessary to demonstrate compliance with this Regulation."
32018R2067,,Article 63,REQUIREMENTS CONCERNING ACCREDITATION BODIES FOR THE ACCREDITATION OF ETS VERIFIERS,article,certificacao,high,0,national accreditation bod(y|ies),national accreditation body,2. The national accreditation body shall keep records of the verifier in line with the harmonised standard pursuant to Regulation (EC) No 765/2008 referred to in Annex III.
32018R2067,,Article 64,REQUIREMENTS CONCERNING ACCREDITATION BODIES FOR THE ACCREDITATION OF ETS VERIFIERS,article,certificacao,high,0,national accreditation bod(y|ies),national accreditation body,"1. The national accreditation body shall, on a regular basis, make publicly available and update information about the national accreditation body and its accreditation activities."
32018R2067,,Article 64,REQUIREMENTS CONCERNING ACCREDITATION BODIES FOR THE ACCREDITATION OF ETS VERIFIERS,article,certificacao,high,0,national accreditation bod(y|ies),national accreditation body,"2. The national accreditation body shall make, in accordance with point 4 of Article 8 of Regulation (EC) No 765/2008, adequate arrangements to safeguard, as appropriate, the confidentiality of information obtained."
32018R2067,,Article 65,REQUIREMENTS CONCERNING ACCREDITATION BODIES FOR THE ACCREDITATION OF ETS VERIFIERS,article,certificacao,high,0,national accreditation bod(y|ies),National accreditation bodies,1. National accreditation bodies shall subject themselves to a regular peer evaluation.
32018R2067,,Article 65,REQUIREMENTS CONCERNING ACCREDITATION BODIES FOR THE ACCREDITATION OF ETS VERIFIERS,article,certificacao,high,0,national accreditation bod(y|ies),national accreditation body,the national accreditation body that is subject to the peer evaluation has carried out the accreditation activities in accordance with Chapter IV;
32018R2067,,Article 65,REQUIREMENTS CONCERNING ACCREDITATION BODIES FOR THE ACCREDITATION OF ETS VERIFIERS,article,certificacao,high,0,national accreditation bod(y|ies),national accreditation body,the national accreditation body that is subject to the peer evaluation has met the requirements laid down in this Chapter.
32018R2067,,Article 65,REQUIREMENTS CONCERNING ACCREDITATION BODIES FOR THE ACCREDITATION OF ETS VERIFIERS,article,reportar,low,0,\bshall publish\b,shall publish,"3. The body recognised under Article 14 of Regulation (EC) No 765/2008 shall publish and communicate the outcome of the peer evaluation of a national accreditation body to the Commission, the national authorities responsible for the national accreditation bodies in the Member States, and the competent authority of Member States or the focal point referred to in Article 70(2)."
32018R2067,,Article 65,REQUIREMENTS CONCERNING ACCREDITATION BODIES FOR THE ACCREDITATION OF ETS VERIFIERS,article,certificacao,high,0,national accreditation bod(y|ies),national accreditation body,"3. The body recognised under Article 14 of Regulation (EC) No 765/2008 shall publish and communicate the outcome of the peer evaluation of a national accreditation body to the Commission, the national authorities responsible for the national accreditation bodies in the Member States, and the competent authority of Member States or the focal point referred to in Article 70(2)."
32018R2067,,Article 65,REQUIREMENTS CONCERNING ACCREDITATION BODIES FOR THE ACCREDITATION OF ETS VERIFIERS,article,certificacao,high,0,national accreditation bod(y|ies),national accreditation body,"4. Without prejudice to paragraph 1, where a national accreditation body has successfully undergone a peer evaluation organised by the body recognised under Article 14 of Regulation (EC) No 765/2008 prior to the entry into force of this Regulation, the national accreditation body shall be exempted from undergoing a new peer evaluation following the entry into force of this Regulation if it can demonstrate conformity with this Regulation."
32018R2067,,Article 65,REQUIREMENTS CONCERNING ACCREDITATION BODIES FOR THE ACCREDITATION OF ETS VERIFIERS,article,certificacao,high,0,national accreditation bod(y|ies),national accreditation body,"To that end, the national accreditation body concerned shall submit a request and the necessary documentation to the body recognised under Article 14 of Regulation (EC) No 765/2008."
32018R2067,,Article 65,REQUIREMENTS CONCERNING ACCREDITATION BODIES FOR THE ACCREDITATION OF ETS VERIFIERS,article,certificacao,high,0,national accreditation bod(y|ies),national accreditation body,The exemption shall apply for a period not exceeding three years from the date of notification of the decision to the national accreditation body.
32018R2067,,Article 65,REQUIREMENTS CONCERNING ACCREDITATION BODIES FOR THE ACCREDITATION OF ETS VERIFIERS,article,certificacao,high,0,national accreditation bod(y|ies),national accreditation bodies,"5. The national authority entrusted, pursuant to Article 55(2), with the tasks related to the certification of verifiers that are natural persons, pursuant to this Regulation shall meet a level of credibility equivalent to national accreditation bodies that have successfully undergone peer evaluation."
32018R2067,,Article 65,REQUIREMENTS CONCERNING ACCREDITATION BODIES FOR THE ACCREDITATION OF ETS VERIFIERS,article,certificacao,low,0,\bcertificat\w*,certification,"To that end, the Member State concerned shall, immediately following its decisions authorising the national authority to perform certification, provide the Commission and the other Member States with all relevant documentary evidence. No national authority shall certify verifiers for the purposes of this Regulation before the Member State concerned provides that documentary evidence."
32018R2067,,Article 66,REQUIREMENTS CONCERNING ACCREDITATION BODIES FOR THE ACCREDITATION OF ETS VERIFIERS,article,certificacao,high,0,national accreditation bod(y|ies),national accreditation bodies,"1. Member States shall monitor their national accreditation bodies at regular intervals in order to ensure that they fulfil the requirements of this Regulation on a continuing basis, taking into account the results of the peer evaluation carried out in accordance with Article 65."
32018R2067,,Article 66,REQUIREMENTS CONCERNING ACCREDITATION BODIES FOR THE ACCREDITATION OF ETS VERIFIERS,article,certificacao,high,0,national accreditation bod(y|ies),national accreditation body,"2. Where a national accreditation body does not meet the requirements or fails to fulfil its obligations as laid down in this Regulation, the Member State concerned shall take appropriate corrective action or ensure that such corrective action is taken, and shall inform the Commission thereof."
32018R2067,,Article 67,REQUIREMENTS CONCERNING ACCREDITATION BODIES FOR THE ACCREDITATION OF ETS VERIFIERS,article,certificacao,high,0,national accreditation bod(y|ies),national accreditation bodies,1. Member States shall recognise the equivalence of the services delivered by those national accreditation bodies that have successfully undergone a peer evaluation. Member States shall accept the accreditation certificates of verifiers accredited by those national accreditation bodies and respect the right of the verifiers to carry out verification for their scope of accreditation.
32018R2067,,Article 67,REQUIREMENTS CONCERNING ACCREDITATION BODIES FOR THE ACCREDITATION OF ETS VERIFIERS,article,certificacao,high,0,national accreditation bod(y|ies),national accreditation body,"2. Where a national accreditation body has not undergone the complete peer evaluation process, Member States shall accept the accreditation certificates of verifiers accredited by that national accreditation body provided the body recognised under Article 14 of Regulation (EC) No 765/2008 has started a peer evaluation for that national accreditation body and it has not identified any non-compliance of the national accreditation body with this Regulation."
32018R2067,,Article 67,REQUIREMENTS CONCERNING ACCREDITATION BODIES FOR THE ACCREDITATION OF ETS VERIFIERS,article,certificacao,low,0,\bcertificat\w*,certification,"3. Where the certification of verifiers is carried out by a national authority referred to in Article 55(2), Member States shall accept the certificate issued by such authority and respect the right of certified verifiers to carry out verification for their scope of certification."
32018R2067,,Article 68,REQUIREMENTS CONCERNING ACCREDITATION BODIES FOR THE ACCREDITATION OF ETS VERIFIERS,article,certificacao,high,0,national accreditation bod(y|ies),national accreditation body,"Where a Member State has established, in the course of an inspection carried out in accordance with Article 31(4) of Directive 2006/123/EC, that a verifier is not complying with this Regulation, the competent authority or national accreditation body of that Member State shall inform the national accreditation body that has accredited the verifier."
32018R2067,,Article 68,REQUIREMENTS CONCERNING ACCREDITATION BODIES FOR THE ACCREDITATION OF ETS VERIFIERS,article,certificacao,high,0,national accreditation bod(y|ies),national accreditation body,The national accreditation body that has accredited the verifier shall consider the communication of that information as a complaint within the meaning of Article 62 and shall take appropriate action and respond to the competent authority or the national accreditation body in accordance with the second subparagraph of Article 73(2).
32018R2067,,Article 69,REQUIREMENTS CONCERNING ACCREDITATION BODIES FOR THE ACCREDITATION OF ETS VERIFIERS,article,auditoria,high,0,verification (team|report|body),verification report,1. Member States may require verifiers to use electronic templates or specific file formats for verification reports in accordance with Article 74(1) of Implementing Regulation (EU) 2018/2066 or in accordance with Article 13 of Delegated Regulation (EU) .../....
32018R2067,,Article 69,REQUIREMENTS CONCERNING ACCREDITATION BODIES FOR THE ACCREDITATION OF ETS VERIFIERS,article,certificacao,high,0,national accreditation bod(y|ies),national accreditation body,"2. Standardised electronic templates or file format specifications may be made available for further types of communication between the operator, aircraft operator, verifier, competent authority and national accreditation body in accordance with Article 74(2) of Implementing Regulation (EU) 2018/2066."
32018R2067,,Article 70,INFORMATION EXCHANGE,article,certificacao,high,0,national accreditation bod(y|ies),national accreditation body,"1. The Member State shall establish an effective exchange of appropriate information and effective cooperation between their national accreditation body, or where applicable, the national authority entrusted with the certification of verifiers, and the competent authority."
32018R2067,,Article 71,INFORMATION EXCHANGE,article,reportar,high,0,management report,management report,Accreditation work programme and management report
32018R2067,,Article 71,INFORMATION EXCHANGE,article,certificacao,low,0,\baccreditation\b,Accreditation,Accreditation work programme and management report
32018R2067,,Article 71,INFORMATION EXCHANGE,article,certificacao,high,0,national accreditation bod(y|ies),national accreditation body,"1. By 31 December of each year, the national accreditation body shall make available an accreditation work programme to the competent authority of each Member State containing the list of verifiers accredited by that national accreditation body and which have notified it pursuant to Article 77 that they intend to carry out verifications in those Member States. The accreditation work programme shall at least contain the following information in relation to each verifier:"
32018R2067,,Article 71,INFORMATION EXCHANGE,article,certificacao,high,0,national accreditation bod(y|ies),national accreditation body,"information on activities that the national accreditation body has planned for that verifier, in particular surveillance and reassessment activities;"
32018R2067,,Article 71,INFORMATION EXCHANGE,article,certificacao,high,0,national accreditation bod(y|ies),national accreditation body,"dates of anticipated witnessing audits to be performed by the national accreditation body to assess the verifier, including the address and contact details of operators or aircraft operators that will be visited during the witness audit;"
32018R2067,,Article 71,INFORMATION EXCHANGE,article,auditoria,low,0,\baudit\w*,audits,"dates of anticipated witnessing audits to be performed by the national accreditation body to assess the verifier, including the address and contact details of operators or aircraft operators that will be visited during the witness audit;"
32018R2067,,Article 71,INFORMATION EXCHANGE,article,certificacao,high,0,national accreditation bod(y|ies),national accreditation body,information on whether the national accreditation body has requested the national accreditation body from the Member State in which the verifier is performing the verification to carry out surveillance activities.
32018R2067,,Article 71,INFORMATION EXCHANGE,article,certificacao,high,0,national accreditation bod(y|ies),national accreditation body,"Where changes occur in the information referred to in the first subparagraph, the national accreditation body shall submit to the competent authority an updated work programme by 31 January of each year."
32018R2067,,Article 71,INFORMATION EXCHANGE,article,certificacao,high,0,national accreditation bod(y|ies),national accreditation body,"2. Following the submission of the accreditation work programme in accordance with paragraph 1, the competent authority shall provide the national accreditation body with any relevant information, including any relevant national legislation or guidelines."
32018R2067,,Article 71,INFORMATION EXCHANGE,article,reportar,high,0,management report,management report,"3. By 1 June of each year, the national accreditation body shall make available a management report to the competent authority. The management report shall at least contain the following information in relation to each verifier that has been accredited by that national accreditation body:"
32018R2067,,Article 71,INFORMATION EXCHANGE,article,certificacao,high,0,national accreditation bod(y|ies),national accreditation body,"3. By 1 June of each year, the national accreditation body shall make available a management report to the competent authority. The management report shall at least contain the following information in relation to each verifier that has been accredited by that national accreditation body:"
32018R2067,,Article 71,INFORMATION EXCHANGE,article,certificacao,high,0,national accreditation bod(y|ies),national accreditation body,"accreditation details of verifiers that were newly accredited by that national accreditation body, including the scope of accreditation for these verifiers"
32018R2067,,Article 71,INFORMATION EXCHANGE,article,certificacao,low,0,\baccreditation\b,accreditation,any changes to the scope of accreditation for these verifiers;
32018R2067,,Article 71,INFORMATION EXCHANGE,article,certificacao,high,0,national accreditation bod(y|ies),national accreditation body,summarised results of surveillance and reassessment activities carried out by the national accreditation body;
32018R2067,,Article 71,INFORMATION EXCHANGE,article,reportar,high,0,management report,management report,any complaints filed against the verifier since the last management report and the actions taken by the national accreditation body;
32018R2067,,Article 71,INFORMATION EXCHANGE,article,certificacao,high,0,national accreditation bod(y|ies),national accreditation body,any complaints filed against the verifier since the last management report and the actions taken by the national accreditation body;
32018R2067,,Article 71,INFORMATION EXCHANGE,article,certificacao,high,0,national accreditation bod(y|ies),national accreditation body,"details of action taken by the national accreditation body in response to the information that is shared by the competent authority, unless the national accreditation body has considered the information as a complaint within the meaning of Article 62."
32018R2067,,Article 72,INFORMATION EXCHANGE,article,certificacao,high,0,national accreditation bod(y|ies),national accreditation body,"If the national accreditation body has imposed administrative measures on the verifier pursuant to Article 54 or if a suspension of the accreditation has been terminated or a decision on appeal has reversed the decision of a national accreditation body to impose administrative measures referred to in Article 54, the national accreditation body shall inform the following parties:"
32018R2067,,Article 72,INFORMATION EXCHANGE,article,certificacao,low,0,\baccredited\b,accredited,the competent authority of the Member State where the verifier is accredited;
32018R2067,,Article 72,INFORMATION EXCHANGE,article,certificacao,high,0,national accreditation bod(y|ies),national accreditation body,the competent authority and the national accreditation body of each Member State where the verifier is carrying out verifications.
32018R2067,,Article 73,INFORMATION EXCHANGE,article,certificacao,high,0,national accreditation bod(y|ies),national accreditation body,1. The competent authority of the Member State where the verifier is carrying out the verification shall annually communicate to the national accreditation body which has accredited that verifier at least the following:
32018R2067,,Article 73,INFORMATION EXCHANGE,article,reportar,low,0,\breport\b,report,"relevant results from checking the operator's and aircraft operator's report and the verification reports, in particular of any identified non-compliance of that verifier with this Regulation;"
32018R2067,,Article 73,INFORMATION EXCHANGE,article,auditoria,high,0,verification (team|report|body),verification report,"relevant results from checking the operator's and aircraft operator's report and the verification reports, in particular of any identified non-compliance of that verifier with this Regulation;"
32018R2067,,Article 73,INFORMATION EXCHANGE,article,certificacao,high,0,national accreditation bod(y|ies),national accreditation body,results from the inspection of the operator or aircraft operator where those results are relevant for the national accreditation body concerning the verifier's accreditation and surveillance or where those results include any identified non-compliance of that verifier with this Regulation;
32018R2067,,Article 73,INFORMATION EXCHANGE,article,certificacao,high,0,national accreditation bod(y|ies),national accreditation body,"2. Where the information referred to in paragraph 1 provides evidence that the competent authority has identified non-compliance of the verifier with this Regulation, the national accreditation body shall consider the communication of that information as a complaint by the competent authority concerning that verifier within the meaning of Article 62."
32018R2067,,Article 73,INFORMATION EXCHANGE,article,certificacao,high,0,national accreditation bod(y|ies),national accreditation body,"The national accreditation body shall take appropriate action to address such information and respond to the competent authority within a reasonable time, but no later than three months from the date of its receipt. The national accreditation body shall inform the competent authority in its response of the action taken by it and, where relevant, the administrative measures imposed on the verifier."
32018R2067,,Article 74,INFORMATION EXCHANGE,article,reportar,low,0,\bshall report\b,shall report,"1. Where the national accreditation body of the Member State in which a verifier is performing a verification has been requested, pursuant to Article 50(5), to carry out surveillance activities, that national accreditation body shall report its findings to the national accreditation body that has accredited the verifier, unless otherwise agreed between both national accreditation bodies."
32018R2067,,Article 74,INFORMATION EXCHANGE,article,certificacao,high,0,national accreditation bod(y|ies),national accreditation body,"1. Where the national accreditation body of the Member State in which a verifier is performing a verification has been requested, pursuant to Article 50(5), to carry out surveillance activities, that national accreditation body shall report its findings to the national accreditation body that has accredited the verifier, unless otherwise agreed between both national accreditation bodies."
32018R2067,,Article 74,INFORMATION EXCHANGE,article,certificacao,high,0,national accreditation bod(y|ies),national accreditation body,2. The national accreditation body that has accredited the verifier shall take the findings referred to in paragraph 1 into account when assessing whether the verifier meets the requirements of this Regulation.
32018R2067,,Article 74,INFORMATION EXCHANGE,article,certificacao,high,0,national accreditation bod(y|ies),national accreditation body,"3. Where the findings referred to in paragraph 1 show evidence that the verifier is not complying with this Regulation, the national accreditation body that has accredited the verifier shall take appropriate action pursuant to this Regulation and shall inform the national accreditation body that has carried out surveillance activities on:"
32018R2067,,Article 74,INFORMATION EXCHANGE,article,certificacao,high,0,national accreditation bod(y|ies),national accreditation body,what action has been taken by the national accreditation body that has accredited the verifier;
32018R2067,,Article 75,INFORMATION EXCHANGE,article,reportar,high,0,management report,management report,"Where a verifier has been granted accreditation by a national accreditation body in a Member State other than the Member State in which the verifier is established, the accreditation work programme and the management report referred to in Article 71, as well as the information referred to in Article 72, shall also be provided to the competent authority of the Member State in which the verifier is established."
32018R2067,,Article 75,INFORMATION EXCHANGE,article,certificacao,high,0,national accreditation bod(y|ies),national accreditation body,"Where a verifier has been granted accreditation by a national accreditation body in a Member State other than the Member State in which the verifier is established, the accreditation work programme and the management report referred to in Article 71, as well as the information referred to in Article 72, shall also be provided to the competent authority of the Member State in which the verifier is established."
32018R2067,,Article 76,INFORMATION EXCHANGE,article,certificacao,low,0,\baccredited\b,accredited,Databases of accredited verifiers
32018R2067,,Article 76,INFORMATION EXCHANGE,article,auditoria,high,0,accredited verifier,accredited verifier,Databases of accredited verifiers
32018R2067,,Article 76,INFORMATION EXCHANGE,article,certificacao,high,0,national accreditation bod(y|ies),National accreditation bodies,"1. National accreditation bodies, or where applicable national authorities referred to in Article 55(2), shall set up and manage a database and allow access to that database to other national accreditation bodies, national authorities, verifiers, operators, aircraft operators and competent authorities."
32018R2067,,Article 76,INFORMATION EXCHANGE,article,certificacao,high,0,national accreditation bod(y|ies),national accreditation bodies,"The body recognised under Article 14 of Regulation (EC) No 765/2008 shall facilitate and harmonise access to the databases to enable efficient and cost-effective communication between national accreditation bodies, national authorities, verifiers, operators, aircraft operators and competent authorities, and may reconcile those databases into a single and centralised database."
32018R2067,,Article 76,INFORMATION EXCHANGE,article,certificacao,high,0,national accreditation bod(y|ies),national accreditation body,the name and address of each verifier accredited by that national accreditation body;
32018R2067,,Article 76,INFORMATION EXCHANGE,article,certificacao,low,0,\baccreditation\b,accreditation,each verifier's scope of accreditation;
32018R2067,,Article 76,INFORMATION EXCHANGE,article,certificacao,low,0,\baccreditation\b,accreditation,the date on which the accreditation was granted and the expiry date of the accreditation;
32018R2067,,Article 77,INFORMATION EXCHANGE,article,reportar,high,0,management report,management report,"1. For the purposes of enabling the national accreditation body to draft the accreditation work programme and the management report referred to in Article 71, a verifier shall by 15 November of each year send the following information to the national accreditation body that has accredited that verifier:"
32018R2067,,Article 77,INFORMATION EXCHANGE,article,certificacao,high,0,national accreditation bod(y|ies),national accreditation body,"1. For the purposes of enabling the national accreditation body to draft the accreditation work programme and the management report referred to in Article 71, a verifier shall by 15 November of each year send the following information to the national accreditation body that has accredited that verifier:"
32018R2067,,Article 77,INFORMATION EXCHANGE,article,certificacao,low,0,\baccreditation\b,accreditation,the names of the members of the verification team and the scope of the accreditation under which the operator's or aircraft operator's activity falls.
32018R2067,,Article 77,INFORMATION EXCHANGE,article,auditoria,high,0,verification (team|report|body),verification team,the names of the members of the verification team and the scope of the accreditation under which the operator's or aircraft operator's activity falls.
32018R2067,,Article 77,INFORMATION EXCHANGE,article,certificacao,high,0,national accreditation bod(y|ies),national accreditation body,"2. Where changes occur in the information referred to in paragraph 1, the verifier shall notify those changes to the accreditation body within a timeframe agreed with that national accreditation body."
32018R2067,,Article 79,FINAL PROVISIONS,article,certificacao,low,0,\bcertificat\w*,certificate,The scope of accreditation of verifiers shall be indicated in the accreditation certificate using the following groups of activities pursuant to Annex I to Directive 2003/87/EC and other activities pursuant to Articles 10a and 24 of Directive 2003/87/EC. Those provisions shall equally apply to verifiers certified by a national authority in accordance with Article 55(2) of this Regulation.
32018R2067,,Article 79,FINAL PROVISIONS,article,certificacao,low,0,\baccreditation\b,accreditation,"With respect to the requirements on verifiers, the harmonised standard pursuant to Regulation (EC) No 765/2008 concerning requirements for greenhouse gas validation and verification bodies for use in accreditation or other forms of recognition, shall apply. In addition, the following procedures, processes and arrangements referred to in Article 41(1), shall apply:"
32018R2067,,Article 79,FINAL PROVISIONS,article,reportar,low,0,\breport\b,report,a process for issuing a revised verification report where an error in the verification report or operator's or aircraft operator's report has been identified after the verifier has submitted the verification report to the operator or aircraft operator for onwards submission to the competent authority;
32018R2067,,Article 79,FINAL PROVISIONS,article,auditoria,high,0,verification (team|report|body),verification report,a process for issuing a revised verification report where an error in the verification report or operator's or aircraft operator's report has been identified after the verifier has submitted the verification report to the operator or aircraft operator for onwards submission to the competent authority;
32018R2067,,Article 79,FINAL PROVISIONS,article,certificacao,high,0,conformity assessment (body|bodies),conformity assessment bodies,"With respect to the minimum requirements for accreditation, and the requirements for accreditation bodies, the harmonised standard pursuant to Regulation (EC) No 765/2008 concerning general requirements for accreditation bodies accrediting conformity assessment bodies shall apply."
