ato,source_act,amended_act,carrier_article,carrier_section,provision_type,mechanism,screening_confidence,intermediary_validated,matched_pattern,matched_keyword,evidence_text
csrd,32022L2464,,,,recital,reportar,high,0,non-financial (report|statement),non-financial report,"In its communication of 11 December 2019 entitled ‘The European Green Deal’ (the ‘Green Deal’), the European Commission made a commitment to review the provisions concerning non-financial reporting of Directive 2013/34/EU of the European Parliament and of the Council (3). The Green Deal is the new growth strategy of the Union. It aims to transform the Union into a modern, resource-efficient and competitive economy with no net emissions of greenhouse gases (GHG) by 2050. It also aims to protect, "
csrd,32022L2464,,,,recital,ranking_rating,high,0,benchmark administrator,benchmark administrator,"Regulation (EU) 2020/852 of the European Parliament and of the Council (6) creates a classification system of environmentally sustainable economic activities with the aim of scaling up sustainable investments and combatting greenwashing of financial products that unduly claim to be sustainable. Regulation (EU) 2019/2089 of the European Parliament and of the Council (7), complemented by Commission Delegated Regulations (EU) 2020/1816 (8), (EU) 2020/1817 (9) and (EU) 2020/1818 (10), introduces env"
csrd,32022L2464,,,,recital,reportar,high,0,non-financial (report|statement),non-financial report,"In its Communication of 17 June 2019 entitled ‘Guidelines on non-financial reporting: Supplement on reporting climate-related information’ (‘Guidelines on reporting climate-related information’), the Commission highlighted the benefits for companies of reporting on climate-related information particularly by increasing awareness and understanding of climate-related risks and opportunities within the company, diversifying the investor base, creating a lower cost of capital and improving construct"
csrd,32022L2464,,,,recital,reportar,high,0,non-financial (report|statement),non-financial report,"In its conclusions of 5 December 2019 on the deepening of the Capital Markets Union, the Council stressed the importance of reliable, comparable and relevant information on sustainability risks, opportunities and impacts, and called on the Commission to consider the development of a European non-financial reporting standard."
csrd,32022L2464,,,,recital,reportar,high,0,non-financial (report|statement),non-financial report,"In its resolution of 29 May 2018 on sustainable finance (14), the European Parliament called for the further development of non-financial reporting requirements in the framework of Directive 2013/34/EU. In its resolution of 17 December 2020 on sustainable corporate governance (15), the European Parliament welcomed the Commission’s commitment to review Directive 2013/34/EU and expressed the need to set up a comprehensive Union framework on non-financial reporting that contains mandatory Union non"
csrd,32022L2464,,,,recital,auditoria,low,0,\baudit\w*,audit,"In its resolution of 29 May 2018 on sustainable finance (14), the European Parliament called for the further development of non-financial reporting requirements in the framework of Directive 2013/34/EU. In its resolution of 17 December 2020 on sustainable corporate governance (15), the European Parliament welcomed the Commission’s commitment to review Directive 2013/34/EU and expressed the need to set up a comprehensive Union framework on non-financial reporting that contains mandatory Union non"
csrd,32022L2464,,,,recital,reportar,low,0,\breport\b,report,"Directive 2014/95/EU of the European Parliament and of the Council (16) amended Directive 2013/34/EU as regards disclosure of non-financial information by certain large undertakings and groups. Directive 2014/95/EU introduced a requirement on undertakings to report information on, as a minimum, environmental, social and employee matters, respect for human rights, anti-corruption and bribery matters. With regard to those topics, Directive 2014/95/EU required undertakings to disclose information u"
csrd,32022L2464,,,,recital,reportar,high,0,sustainability reporting,sustainability reporting,"Many stakeholders consider the term ‘non-financial’ to be inaccurate, in particular because it implies that the information in question has no financial relevance. Increasingly, however, such information does have financial relevance. Many organisations, initiatives and practitioners in the field of sustainability reporting refer to ‘sustainability information’. It is therefore preferable to use the term ‘sustainability information’ in place of ‘non-financial information’. Directive 2013/34/EU s"
csrd,32022L2464,,,,recital,reportar,high,0,sustainability reporting,sustainability reporting,"If undertakings carried out better sustainability reporting, the ultimate beneficiaries would be individual citizens and savers, including trade unions and workers’ representatives who would be adequately informed and therefore able to better engage in social dialogue. Savers who want to invest sustainably will have the opportunity to do so, while all citizens would benefit from a stable, sustainable and inclusive economic system. To realise such benefits, the sustainability information disclose"
csrd,32022L2464,,,,recital,reportar,low,0,\breport\b,report,"The business partners of undertakings, including customers, might rely on sustainability information to understand and, where necessary, report on their sustainability risks and impacts throughout their own value chains. Policy makers and environmental agencies can use such information, in particular on an aggregate basis, to monitor environmental and social trends, to contribute to environmental accounts, and to inform public policy. Few individual citizens and consumers directly consult undert"
csrd,32022L2464,,,,recital,reportar,high,0,sustainability reporting,sustainability reporting,Undertakings themselves stand to benefit from carrying out high-quality reporting on sustainability matters. The growth in the number of investment products that aim to pursue sustainability objectives means that good sustainability reporting can enhance an undertaking’s access to financial capital. Sustainability reporting can help undertakings to identify and manage their own risks and opportunities related to sustainability matters. It can provide a basis for better dialogue and communication
csrd,32022L2464,,,,recital,reportar,low,0,\breport\b,report,"The Commission report of 21 April 2021 on the review clauses in Directives 2013/34/EU, 2014/95/EU, and 2013/50/EU and its accompanying fitness check on the EU framework for public reporting by companies (‘Commission report on the review clauses and its accompanying fitness check’) identified problems as to the effectiveness of Directive 2014/95/EU. There is significant evidence that many undertakings do not disclose material information on all major sustainability-related topics, including clima"
csrd,32022L2464,,,,recital,auditoria,low,0,\baudit\w*,auditing,"The Commission report of 21 April 2021 on the review clauses in Directives 2013/34/EU, 2014/95/EU, and 2013/50/EU and its accompanying fitness check on the EU framework for public reporting by companies (‘Commission report on the review clauses and its accompanying fitness check’) identified problems as to the effectiveness of Directive 2014/95/EU. There is significant evidence that many undertakings do not disclose material information on all major sustainability-related topics, including clima"
csrd,32022L2464,,,,recital,reportar,low,0,\breport\b,report,"The Commission report on the review clauses and its accompanying fitness check also identified a significant increase in requests to undertakings for information about sustainability matters aimed at addressing the existing information gap between users’ information needs and the available corporate sustainability information. In addition, ongoing expectations on undertakings to use a variety of different frameworks and standards are likely to continue and may even intensify as the value placed "
csrd,32022L2464,,,,recital,reportar,high,0,reporting (obligation|requirement)s?,reporting requirements,"The existing information gap makes it more likely that individual Member States will introduce increasingly divergent national rules or standards. Different reporting requirements in different Member States could create additional costs and complexity for undertakings operating across borders and therefore undermine the internal market, and could undermine the right of establishment and the free movement of capital across the Union. Such different reporting requirements could also make reported "
csrd,32022L2464,,,,recital,reportar,high,0,sustainability reporting,sustainability reporting,"Articles 19a and 29a of Directive 2013/34/EU apply to large undertakings that are public-interest entities with an average number of employees in excess of 500, and to public-interest entities that are parent undertakings of a large group with an average number of employees in excess of 500 on a consolidated basis, respectively. In view of the growth of users’ needs for sustainability information, additional categories of undertakings should be required to report sustainability information. It i"
csrd,32022L2464,,,,recital,reportar,low,0,\breport\b,report,"The requirement provided for in this amending Directive that also large undertakings whose securities are not admitted to trading on a regulated market in the Union should disclose information on sustainability matters is mainly justified by concerns about the impacts and accountability of such undertakings, including through their value chain. In this respect, all large undertakings should be subject to the same requirements to report sustainability information publicly. In addition, financial "
csrd,32022L2464,,,,recital,reportar,high,0,sustainability reporting,sustainability reporting,"Third-country undertakings which have a significant activity on the territory of the Union should also be required to provide sustainability information, especially on their impacts on social and environmental matters, in order to ensure that third-country undertakings are accountable for their impacts on people and the environment and that there is a level playing field for companies operating in the internal market. Therefore, third-country undertakings which generate a net turnover of more th"
csrd,32022L2464,,,,recital,reportar,high,0,sustainability reporting,sustainability reporting,"The subsidiary undertaking or branch of a third-country undertaking should also be able to report in accordance with the standards applying to undertakings established in the Union, or in accordance with standards which are deemed equivalent pursuant to an implementing act. In the event that not all the information required under this amending Directive is provided by the third-country undertaking, despite the best efforts of the subsidiary undertaking or branch of that third-country undertaking"
csrd,32022L2464,,,,recital,auditoria,high,0,assurance (engagement|opinion|provider|services),assurance opinion,"The subsidiary undertaking or branch of a third-country undertaking should also be able to report in accordance with the standards applying to undertakings established in the Union, or in accordance with standards which are deemed equivalent pursuant to an implementing act. In the event that not all the information required under this amending Directive is provided by the third-country undertaking, despite the best efforts of the subsidiary undertaking or branch of that third-country undertaking"
csrd,32022L2464,,,,recital,reportar,high,0,sustainability report\b,sustainability report,Member States should be able to inform the Commission on an annual basis of the subsidiary undertakings or branches of the third-country undertakings that fulfilled the publication requirement and of the cases where a report was published but the subsidiary undertaking or branch of the third-country undertaking has stated that it could not get the necessary information from the third-country undertaking. The Commission should make publicly available on its website a list of the third-country und
csrd,32022L2464,,,,recital,reportar,low,0,\breport\b,report,"Considering the growing relevance of sustainability-related risks and taking into account that small and medium-sized undertakings whose securities are admitted to trading on a regulated market in the Union comprise a significant proportion of all undertakings whose securities are admitted to trading on a regulated market in the Union, in order to ensure investor protection, it is appropriate to require that also small and medium-sized undertakings, except micro undertakings, whose securities ar"
csrd,32022L2464,,,,recital,reportar,high,0,sustainability reporting,sustainability reporting,The sustainability reporting standards for small and medium-sized undertakings will constitute a reference for undertakings that are within the scope of the requirements introduced by this amending Directive regarding the level of sustainability information that they could reasonably request from small and medium-sized undertakings that are suppliers or clients in the value chains of such undertakings. Small and medium-sized undertakings whose securities are admitted to trading on a regulated ma
csrd,32022L2464,,,,recital,reportar,high,0,sustainability reporting,sustainability reporting,"Member States should be free to assess the impact of their national transposition measures on small and medium-sized undertakings, in order to ensure that they are not disproportionately affected, with specific attention to be given to micro-undertakings and to avoiding an unnecessary administrative burden. Member States should consider introducing measures to support small and medium-sized undertakings in applying the sustainability reporting standards."
csrd,32022L2464,,,,recital,reportar,high,0,sustainability reporting,sustainability reporting,"Directive 2004/109/EC of the European Parliament and of the Council (17) applies to undertakings whose securities are admitted to trading on a regulated market in the Union. In order to ensure that undertakings whose securities are admitted to trading on a regulated market in the Union, including third-country issuers, fall under the same sustainability reporting requirements, Directive 2004/109/EC should contain the necessary cross-references to any requirement on sustainability reporting in th"
csrd,32022L2464,,,,recital,reportar,high,0,sustainability reporting,sustainability reporting,"Point (i) of the first subparagraph of Article 23(4) and the fourth subparagraph of Article 23(4) of Directive 2004/109/EC empower the Commission to adopt measures to set up a mechanism for the determination of equivalence of information required under that Directive, and for the establishment of general equivalence criteria regarding accounting standards, respectively. The third subparagraph of Article 23(4) of Directive 2004/109/EC also empowers the Commission to take the necessary decisions o"
csrd,32022L2464,,,,recital,reportar,high,0,sustainability reporting,sustainability reporting,"Article 19a(3) and Article 29a(3) of Directive 2013/34/EU exempt all subsidiary undertakings from the obligation to report non-financial information where such undertakings and their subsidiary undertakings are included in the consolidated management report of their parent undertaking, provided that report includes non-financial information reported pursuant to that Directive. It is necessary, however, to ensure that sustainability information is easily accessible for users, and to ensure that t"
csrd,32022L2464,,,,recital,reportar,high,0,sustainability reporting,sustainability reporting,"Directive 2004/109/EC, as amended by this amending Directive, should provide for appropriate mechanisms to determine the equivalence of sustainability reporting standards, and undertakings whose securities are admitted to trading on a regulated market in the Union and undertakings whose securities are not admitted to trading on a regulated market in the Union should be required to report in accordance with the same sustainability reporting standards. In this context, the implementing acts adopte"
csrd,32022L2464,,,,recital,reportar,high,0,sustainability reporting,sustainability reporting,"Article 23 of Directive 2013/34/EU exempts parent undertakings from the obligation to prepare consolidated financial statements and a consolidated management report where parent undertakings are subsidiary undertakings of another parent undertaking that complies with that obligation. It should be specified, however, that the exemption regime for consolidated financial statements and consolidated management reports operates independently from the exemption regime for consolidated sustainability r"
csrd,32022L2464,,,,recital,reportar,high,0,sustainability reporting,sustainability reporting,"Credit institutions and insurance undertakings play a key role in the transition towards a fully sustainable and inclusive economic and financial system in line with the Green Deal. They can have significant positive and negative impacts via their lending, investment and underwriting activities. Credit institutions and insurance undertakings other than those that are required to comply with Directive 2013/34/EU, including cooperatives and mutual undertakings, should therefore be subject to susta"
csrd,32022L2464,,,,recital,reportar,high,0,sustainability reporting,sustainability reporting,"The criterion of net turnover needs to be adapted for credit institutions and for insurance undertakings by referring to the definition of net turnover in Council Directives 86/635/EEC (19) and 91/674/EEC (20) instead of the general definition laid down in Directive 2013/34/EU. To ensure coherence with the reporting requirements of Directive 86/635/EEC, Member States should be able to choose not to apply sustainability reporting requirements to credit institutions listed in Article 2(5) of Direc"
csrd,32022L2464,,,,recital,reportar,high,0,reporting (obligation|requirement)s?,reporting requirements,"The list of sustainability matters on which undertakings are required to report should be as consistent as possible with the definition of the term ‘sustainability factors’ laid down in Regulation (EU) 2019/2088, and should prevent a mismatch between information required by data users and information to be reported by undertakings. That list should also correspond to the needs and expectations of users and undertakings, who often use the terms ‘environmental’, ‘social’ and ‘governance’ as a mean"
csrd,32022L2464,,,,recital,reportar,low,0,\breport\b,report,"Article 19a(1) and Article 29a(1) of Directive 2013/34/EU require reporting not only on information to the extent necessary for an understanding of the undertaking’s development, performance and position, but also on information necessary for an understanding of the impact of the undertaking’s activities on environmental, social and employee matters, respect for human rights, anti-corruption and bribery matters. Those Articles therefore require undertakings to report both on the impacts of the a"
csrd,32022L2464,,,,recital,reportar,low,0,\breport\b,report,"Article 19a(1) and Article 29a(1) of Directive 2013/34/EU require undertakings to disclose information about five reporting areas: business model; policies, including due diligence processes implemented; the outcome of those policies; risks and risk management; and key performance indicators relevant to the business. Article 19a(1) of Directive 2013/34/EU does not contain explicit references to other reporting areas that users of information consider relevant, some of which align with disclosure"
csrd,32022L2464,,,,recital,reportar,high,0,sustainability reporting,sustainability reporting,"Directive 2013/34/EU does not require the disclosure of information on intangible resources other than intangible assets recognised in the balance sheet. It is widely recognised that information on intangible assets and other intangible factors, including internally generated intangible resources, is underreported, impeding the proper assessment of an undertaking’s development, performance and position, and the monitoring of investments. To enable investors to better understand the increasing ga"
csrd,32022L2464,,,,recital,reportar,high,0,reporting (obligation|requirement)s?,Reporting requirements,"It is not the objective of this amending Directive to require undertakings to disclose intellectual capital, intellectual property, know-how or the results of innovation that would qualify as trade secrets as defined in Directive (EU) 2016/943 of the European Parliament and of the Council (22). Reporting requirements provided for in this amending Directive should therefore be without prejudice to Directive (EU) 2016/943."
csrd,32022L2464,,,,recital,reportar,high,0,non-financial (report|statement),non-financial report,"Article 19a(1) and Article 29a(1) of Directive 2013/34/EU require undertakings to include in their non-financial reporting references to, and additional explanations of, amounts reported in the annual financial statements. Those Articles do not, however, require undertakings to make references to other information in the management report or to add additional explanations to that information. Thus, there is currently a lack of consistency between non-financial information reported and the rest o"
csrd,32022L2464,,,,recital,reportar,high,0,sustainability reporting,sustainability reporting,"Article 19a(1) and Article 29a(1) of Directive 2013/34/EU require undertakings to provide a clear and reasoned explanation for not pursuing policies in relation to one or more of the matters listed in those Articles, where the undertaking does not do so. The different treatment of disclosures on the policies that undertakings may have, compared to the other reporting areas included in those Articles, has created confusion among reporting undertakings and has not helped to improve the quality of "
csrd,32022L2464,,,,recital,reportar,high,0,non-financial (report|statement),non-financial report,"Undertakings that fall under the scope of Article 19a(1) and Article 29a(1) of Directive 2013/34/EU may rely on national, Union-based or international reporting frameworks, and where they do so, they have to specify which frameworks they have relied upon. However, Directive 2013/34/EU does not require undertakings to use a common reporting framework or standard, and it does not prevent undertakings from choosing not to use any reporting framework or standards at all. As required by Article 2 of "
csrd,32022L2464,,,,recital,reportar,high,0,sustainability reporting,sustainability reporting,"On 17 June 2019, the Commission adopted its Guidelines on reporting climate-related information, containing additional guidelines, specifically on reporting climate-related information. Those Guidelines on reporting climate-related information explicitly incorporated the recommendations of the Task Force on Climate-related Financial Disclosures. Available evidence indicates that the Guidelines on non-financial reporting did not have a significant impact on the quality of non-financial reporting "
csrd,32022L2464,,,,recital,auditoria,low,0,\bassurance\b,assurance,"On 17 June 2019, the Commission adopted its Guidelines on reporting climate-related information, containing additional guidelines, specifically on reporting climate-related information. Those Guidelines on reporting climate-related information explicitly incorporated the recommendations of the Task Force on Climate-related Financial Disclosures. Available evidence indicates that the Guidelines on non-financial reporting did not have a significant impact on the quality of non-financial reporting "
csrd,32022L2464,,,,recital,reportar,high,0,sustainability reporting,sustainability reporting,"The development of mandatory common sustainability reporting standards is necessary to reach a situation in which sustainability information has a status comparable to that of financial information. The adoption of sustainability reporting standards by means of delegated acts would ensure harmonised sustainability reporting across the Union. Therefore, an undertaking would be compliant with the sustainability reporting requirements of Directive 2013/34/EU by reporting in accordance with the sust"
csrd,32022L2464,,,,recital,reportar,high,0,sustainability reporting,sustainability reporting,"No existing standard or framework satisfies the Union’s needs for sustainability reporting by itself. Information required by Directive 2013/34/EU needs to cover information relevant from each of the materiality perspectives, needs to cover all sustainability matters and needs to be aligned, where appropriate, with other obligations under Union law to disclose sustainability information, including obligations laid down in Regulations (EU) 2019/2088 and (EU) 2020/852. In addition, mandatory susta"
csrd,32022L2464,,,,recital,reportar,high,0,sustainability reporting,sustainability reporting,The European Financial Reporting Advisory Group (EFRAG) is a non-profit association established under Belgian law that serves the public interest by providing advice to the Commission on the endorsement of international financial reporting standards. EFRAG has established a reputation as a European centre of expertise on corporate reporting and is well placed to foster coordination between Union sustainability reporting standards and international initiatives that seek to develop standards that 
csrd,32022L2464,,,,recital,reportar,high,0,sustainability reporting,sustainability reporting,"In order to ensure high-quality standards that contribute to the European public good and meet the needs of undertakings and of users of the information reported, EFRAG should have sufficient public funding to ensure its independence. Its technical advice should be developed with proper due process, public oversight and transparency, and based on the expertise of a balanced representation of relevant stakeholders, including undertakings, investors, civil society organisations and trade unions, a"
csrd,32022L2464,,,,recital,reportar,high,0,sustainability reporting,sustainability reporting,"The European Securities and Markets Authority (ESMA), the European Banking Authority (EBA) and the European Insurance and Occupational Pensions Authority (EIOPA) play a role in drafting regulatory technical standards pursuant to Regulation (EU) 2019/2088 and there needs to be coherence between those regulatory technical standards and sustainability reporting standards. Under Regulation (EU) No 1095/2010 of the European Parliament and of the Council (24), ESMA also plays a role in promoting super"
csrd,32022L2464,,,,recital,auditoria,low,0,\baudit\w*,Auditing,"The European Securities and Markets Authority (ESMA), the European Banking Authority (EBA) and the European Insurance and Occupational Pensions Authority (EIOPA) play a role in drafting regulatory technical standards pursuant to Regulation (EU) 2019/2088 and there needs to be coherence between those regulatory technical standards and sustainability reporting standards. Under Regulation (EU) No 1095/2010 of the European Parliament and of the Council (24), ESMA also plays a role in promoting super"
csrd,32022L2464,,,,recital,reportar,high,0,sustainability reporting,sustainability reporting,"In order to foster democratic control, scrutiny and transparency, the Commission should, at least once a year, consult the European Parliament, and jointly the Member State Expert Group on Sustainable Finance and the Accounting Regulatory Committee on EFRAG’s work programme as regards the development of sustainability reporting standards."
csrd,32022L2464,,,,recital,reportar,high,0,sustainability reporting,Sustainability reporting,"Sustainability reporting standards should be coherent with other Union law. Those standards should in particular be aligned with the disclosure requirements laid down in Regulation (EU) 2019/2088, and they should take account of underlying indicators and methodologies set out in the various delegated acts adopted pursuant to Regulation (EU) 2020/852, disclosure requirements applicable to benchmark administrators pursuant to Regulation (EU) 2016/1011 of the European Parliament and of the Council "
csrd,32022L2464,,,,recital,ranking_rating,high,0,benchmark administrator,benchmark administrator,"Sustainability reporting standards should be coherent with other Union law. Those standards should in particular be aligned with the disclosure requirements laid down in Regulation (EU) 2019/2088, and they should take account of underlying indicators and methodologies set out in the various delegated acts adopted pursuant to Regulation (EU) 2020/852, disclosure requirements applicable to benchmark administrators pursuant to Regulation (EU) 2016/1011 of the European Parliament and of the Council "
csrd,32022L2464,,,,recital,reportar,high,0,sustainability reporting,Sustainability reporting,"Sustainability reporting standards should take account of the Guidelines on non-financial reporting and the Guidelines on reporting climate-related information. They should also take account of other reporting requirements in Directive 2013/34/EU that are not directly related to sustainability, with the aim of providing the users of the reported information with a better understanding of the development, performance, position and impact of the undertaking, by maximising the links between the sus"
csrd,32022L2464,,,,recital,reportar,high,0,sustainability reporting,Sustainability reporting,"Sustainability reporting standards should be proportionate and should not impose an unnecessary administrative burden on companies that are required to use them. In order to minimise disruption for undertakings that already report sustainability information, sustainability reporting standards should take account of existing standards and frameworks for sustainability reporting and accounting where appropriate. Such existing standards and frameworks include the Global Reporting Initiative, the Su"
csrd,32022L2464,,,,recital,reportar,high,0,sustainability reporting,sustainability reporting,"Union standards should take account of any sustainability reporting standards developed under the auspices of International Financial Reporting Standards Foundation. To avoid unnecessary regulatory fragmentation that could have negative consequences for undertakings operating globally, Union sustainability reporting standards should contribute to the process of convergence of sustainability reporting standards at global level, by supporting the work of the International Sustainability Standards "
csrd,32022L2464,,,,recital,reportar,high,0,sustainability reporting,sustainability reporting,"The Transparent Project sponsored under the Programme for the Environment and Climate Action (LIFE programme) established by Regulation (EU) 2021/783 of the European Parliament and of the Council (30) is developing the first natural capital accounting methodology, which will make existing methods easier to compare and more transparent while lowering the threshold for companies to adopt and use the systems in support of future-proofing their business. The Natural Capital Protocol is also an impor"
csrd,32022L2464,,,,recital,reportar,high,0,sustainability reporting,Sustainability reporting,"Sustainability reporting standards should also take account of internationally recognised principles and frameworks on responsible business conduct, corporate social responsibility, and sustainable development, including the SDGs, the UN Guiding Principles on Business and Human Rights, the OECD Guidelines for Multinational Enterprises, the OECD Due Diligence Guidance for Responsible Business Conduct and related sectoral guidelines, the Global Compact, the International Labour Organization’s (ILO"
csrd,32022L2464,,,,recital,reportar,high,0,sustainability reporting,sustainability reporting,"It should be ensured that the information reported by undertakings in accordance with the sustainability reporting standards meets the needs of users and does not place a disproportionate burden in terms of effort and cost on the reporting undertakings and those that are indirectly affected as part of the value chain of those undertakings. The sustainability reporting standards should therefore specify the information that undertakings are to disclose on all major environmental factors, includin"
csrd,32022L2464,,,,recital,reportar,high,0,sustainability reporting,sustainability reporting,"For reasons of coherence, it is appropriate to use a similar classification to identify the environmental factors that should be addressed by sustainability reporting standards. The sustainability reporting standards should consider and specify any geographical or other contextual information that undertakings should disclose to provide an understanding of their principal impacts on sustainability matters and the principal risks to the undertaking arising from sustainability matters. When specif"
csrd,32022L2464,,,,recital,reportar,high,0,sustainability reporting,sustainability reporting,"With regard to scope 3 emissions, a priority for users is to receive information about which scope 3 categories are significant in the case of the undertaking, and about the emissions in each of those scope 3 categories. The sustainability reporting standards should therefore specify the information undertakings should report with regard to such matters."
csrd,32022L2464,,,,recital,reportar,high,0,sustainability reporting,sustainability reporting,"Achieving a climate-neutral and circular economy without diffuse pollution requires the full mobilisation of all economic sectors. Reducing energy use and increasing energy efficiency is key in this respect, as energy is used across supply chains. Energy aspects should therefore be duly considered in sustainability reporting standards, in particular in relation to environmental matters, including climate-related matters."
csrd,32022L2464,,,,recital,reportar,high,0,sustainability reporting,Sustainability reporting,"Sustainability reporting standards should specify the information that undertakings should disclose on social factors, including working conditions, social partner involvement, collective bargaining, equality, non-discrimination, diversity and inclusion, and human rights. Such information should cover the impacts of the undertaking on people, including workers, and on human health. The information that undertakings disclose about human rights should include information about forced labour and ch"
csrd,32022L2464,,,,recital,reportar,high,0,sustainability reporting,Sustainability reporting,"Sustainability reporting standards that address social factors should specify the information that undertakings should disclose with regard to the principles of the European Pillar of Social Rights that are relevant to businesses, including equal opportunities for all and working conditions. The Action Plan on the European Pillar of Social Rights, adopted by the Commission on 4 March 2021, calls for stronger requirements on undertakings to report on social issues. The sustainability reporting st"
csrd,32022L2464,,,,recital,reportar,high,0,sustainability reporting,Sustainability reporting,"Sustainability reporting standards that address training and skills development should specify, amongst other things, information to be reported about the proportion and breakdown of workers participating in training. Sustainability reporting standards that address collective bargaining should specify, amongst other things, information to be disclosed about the existence of works councils as well as the existence of collective agreements and the proportion of workers covered by such agreements. "
csrd,32022L2464,,,,recital,reportar,high,0,sustainability reporting,Sustainability reporting,"Users need information about governance factors. Governance factors that are most relevant to users are listed by authoritative reporting frameworks such as the Global Reporting Initiative and the Task Force on Climate-related Financial Disclosures, as well as by authoritative global frameworks such as the Global Governance Principles of the International Corporate Governance Network and the G20/OECD Principles of Corporate Governance. Sustainability reporting standards should specify the inform"
csrd,32022L2464,,,,recital,reportar,high,0,sustainability reporting,sustainability reporting,"The sustainability reporting standards should promote a more integrated view of all the information published by undertakings in the management report to provide users of that information with a better understanding of the development, performance, position and impact of the undertaking. The sustainability reporting standards should distinguish, as necessary, between information that undertakings should disclose when reporting at individual level and the information that undertakings should disc"
csrd,32022L2464,,,,recital,reportar,high,0,sustainability reporting,sustainability reporting,Member States should ensure that sustainability reporting is carried out in compliance with workers’ rights to information and consultation. The management of the undertaking should therefore inform workers’ representatives at the appropriate level and discuss with them relevant information and the means of obtaining and verifying sustainability information. This implies for the purpose of this amending Directive the establishment of dialogue and exchange of views between workers’ representative
csrd,32022L2464,,,,recital,reportar,high,0,sustainability reporting,Sustainability reporting,"Undertakings in the same sector are often exposed to similar sustainability-related risks, and they often have similar impacts on society and the environment. Comparisons between undertakings in the same sector are especially valuable to investors and other users of sustainability information. Sustainability reporting standards should therefore specify both information that undertakings in all sectors should disclose and information that undertakings should disclose depending on their sector of "
csrd,32022L2464,,,,recital,reportar,high,0,sustainability reporting,Sustainability reporting,"Sustainability reporting standards should also take account of the difficulties that undertakings may encounter in gathering information from actors throughout their value chain, especially from suppliers that are small or medium-sized undertakings and from suppliers in emerging markets and economies. Sustainability reporting standards should specify disclosures concerning value chains that are proportionate and relevant to the scale and complexity of the activities of the undertakings, and the "
csrd,32022L2464,,,,recital,reportar,high,0,sustainability reporting,sustainability reporting,"To meet the information needs of users in a timely manner, and in particular given the urgency to meet the information needs of financial market participants subject to the requirements laid down in the delegated acts adopted pursuant to Article 4(6) and (7) of Regulation (EU) 2019/2088, the Commission should adopt a first set of sustainability reporting standards by means of delegated acts by 30 June 2023. That set of sustainability reporting standards should specify the information that undert"
csrd,32022L2464,,,,recital,reportar,high,0,sustainability reporting,sustainability reporting,"Directive 2013/34/EU does not require that undertakings provide their management reports in a digital format, which hinders the findability and usability of the reported information. Users of sustainability information increasingly expect such information to be findable, comparable and machine-readable in digital formats. Member States should be able to require that undertakings subject to the sustainability reporting requirements of Directive 2013/34/EU make their management reports available o"
csrd,32022L2464,,,,recital,reportar,high,0,sustainability reporting,sustainability reporting,A digital taxonomy for the Union sustainability reporting standards will be necessary to allow the reported information to be tagged in accordance with those sustainability reporting standards. These requirements should feed into the work on digitalisation announced by the Commission in its Communication of 19 February 2020 entitled ‘A European strategy for data’ and in its Communication of 24 September 2020 entitled ‘Digital Finance Strategy for the EU’. These requirements would also complement
csrd,32022L2464,,,,recital,reportar,high,0,sustainability reporting,sustainability reporting,"To allow for the inclusion of the reported sustainability information in the ESAP, Member States should ensure that undertakings whose securities are not admitted to trading on a regulated market in the Union publish their management report, including sustainability reporting, in the electronic reporting format specified in Article 3 of Delegated Regulation (EU) 2019/815."
csrd,32022L2464,,,,recital,reportar,high,0,non-financial (report|statement),non-financial statement,"Article 19a(4) of Directive 2013/34/EU enables Member States to exempt undertakings from including in the management report the non-financial statement required under Article 19a(1) of that Directive. Member States are allowed to do so where the undertaking concerned prepares a separate report that is published together with the management report in accordance with Article 30 of that Directive, or where that report is made publicly available on the undertaking’s website within a reasonable perio"
csrd,32022L2464,,,,recital,reportar,high,0,sustainability reporting,sustainability reporting,"Such obligation would also help to clarify the role of national competent authorities in supervising sustainability reporting, as part of the management report prepared in accordance with Directive 2004/109/EC. In addition, undertakings required to report sustainability information should in no case be exempted from the obligation to publish the management report, as it is important to ensure that sustainability information is publicly available."
csrd,32022L2464,,,,recital,reportar,high,0,sustainability reporting,sustainability reporting,"Article 20 of Directive 2013/34/EU requires undertakings whose securities are admitted to trading on a regulated market in the Union to include a corporate governance statement in their management report, which has to contain, among other information, a description of the diversity policy applied by the undertaking in relation to its administrative, management and supervisory bodies. Article 20 of Directive 2013/34/EU leaves flexibility to undertakings to decide what aspects of diversity they re"
csrd,32022L2464,,,,recital,auditoria,low,0,\bassurance\b,assurance,"Article 20 of Directive 2013/34/EU requires undertakings whose securities are admitted to trading on a regulated market in the Union to include a corporate governance statement in their management report, which has to contain, among other information, a description of the diversity policy applied by the undertaking in relation to its administrative, management and supervisory bodies. Article 20 of Directive 2013/34/EU leaves flexibility to undertakings to decide what aspects of diversity they re"
csrd,32022L2464,,,,recital,reportar,high,0,sustainability reporting,sustainability reporting,"Article 33 of Directive 2013/34/EU requires Member States to ensure that the members of the administrative, management and supervisory bodies of an undertaking have collective responsibility for ensuring that the annual financial statements, the consolidated financial statements, the management report, the consolidated management report, the corporate governance statement and the consolidated corporate governance statement are drawn up and published in accordance with the requirements of that Di"
csrd,32022L2464,,,,recital,auditoria,high,0,(EU ETS )?(lead )?auditor,auditor,"The assurance profession distinguishes between limited assurance engagements and reasonable assurance engagements. The conclusion of a limited assurance engagement is usually provided in a negative form of expression by stating that no matter has been identified by the practitioner to conclude that the subject matter is materially misstated. In a limited assurance engagement, the auditor performs fewer tests than in a reasonable assurance engagement. The amount of work for a limited assurance en"
csrd,32022L2464,,,,recital,reportar,high,0,sustainability reporting,sustainability reporting,"The conclusion of a reasonable assurance engagement is usually provided in a positive form of expression and results in providing an opinion on the measurement of the subject matter against previously defined criteria. Directive 2013/34/EU requires Member States to ensure that the statutory auditor or audit firm checks whether the non-financial statement or the separate report has been provided. It does not require that an independent provider of assurance services verify the information, althou"
csrd,32022L2464,,,,recital,auditoria,high,0,statutory auditor,statutory auditor,"The conclusion of a reasonable assurance engagement is usually provided in a positive form of expression and results in providing an opinion on the measurement of the subject matter against previously defined criteria. Directive 2013/34/EU requires Member States to ensure that the statutory auditor or audit firm checks whether the non-financial statement or the separate report has been provided. It does not require that an independent provider of assurance services verify the information, althou"
csrd,32022L2464,,,,recital,reportar,high,0,sustainability reporting,sustainability reporting,"Therefore, a progressive approach to enhancing the level of the assurance required for sustainability information should be considered, starting with an obligation on the statutory auditor or audit firm to express an opinion about the compliance of the sustainability reporting with Union requirements based on a limited assurance engagement. That opinion should cover the compliance of the sustainability reporting with Union sustainability reporting standards, the process carried out by the undert"
csrd,32022L2464,,,,recital,auditoria,high,0,statutory auditor,statutory auditor,"Therefore, a progressive approach to enhancing the level of the assurance required for sustainability information should be considered, starting with an obligation on the statutory auditor or audit firm to express an opinion about the compliance of the sustainability reporting with Union requirements based on a limited assurance engagement. That opinion should cover the compliance of the sustainability reporting with Union sustainability reporting standards, the process carried out by the undert"
csrd,32022L2464,,,,recital,reportar,high,0,sustainability reporting,sustainability reporting,"The gradual approach from limited assurance engagements to reasonable assurance engagements would also allow for the progressive development of the assurance market for sustainability information, and of undertakings’ reporting practices. Finally, such gradual approach would phase in the increase in costs for reporting undertakings, given that assurance of sustainability reporting based on a reasonable assurance engagement is more costly than assurance of sustainability reporting based on a limi"
csrd,32022L2464,,,,recital,auditoria,high,0,assurance (engagement|opinion|provider|services),assurance engagement,"The gradual approach from limited assurance engagements to reasonable assurance engagements would also allow for the progressive development of the assurance market for sustainability information, and of undertakings’ reporting practices. Finally, such gradual approach would phase in the increase in costs for reporting undertakings, given that assurance of sustainability reporting based on a reasonable assurance engagement is more costly than assurance of sustainability reporting based on a limi"
csrd,32022L2464,,,,recital,reportar,high,0,sustainability reporting,sustainability reporting,"Statutory auditors or audit firms already verify the financial statements and the management report. The assurance of sustainability reporting by the statutory auditors or audit firms would help to ensure the connectivity between, and consistency of, financial and sustainability information, which is particularly important for users of sustainability information. However, there is a risk of further concentration of the audit market, which could risk the independence of auditors and increase audi"
csrd,32022L2464,,,,recital,auditoria,high,0,statutory auditor,Statutory auditor,"Statutory auditors or audit firms already verify the financial statements and the management report. The assurance of sustainability reporting by the statutory auditors or audit firms would help to ensure the connectivity between, and consistency of, financial and sustainability information, which is particularly important for users of sustainability information. However, there is a risk of further concentration of the audit market, which could risk the independence of auditors and increase audi"
csrd,32022L2464,,,,recital,reportar,high,0,sustainability reporting,sustainability reporting,"Considering the key role of statutory auditors when providing assurance of sustainability reporting and ensuring reliable sustainability information, the Commission has announced that it will act to further enhance audit quality and to create a more open and diversified audit market, which are the conditions for the successful application of this amending Directive. In addition, it is desirable to offer undertakings a broader choice of independent assurance services providers for the assurance o"
csrd,32022L2464,,,,recital,certificacao,high,0,independent assurance services provider,independent assurance services provider,"Considering the key role of statutory auditors when providing assurance of sustainability reporting and ensuring reliable sustainability information, the Commission has announced that it will act to further enhance audit quality and to create a more open and diversified audit market, which are the conditions for the successful application of this amending Directive. In addition, it is desirable to offer undertakings a broader choice of independent assurance services providers for the assurance o"
csrd,32022L2464,,,,recital,auditoria,high,0,statutory auditor,statutory auditor,"Considering the key role of statutory auditors when providing assurance of sustainability reporting and ensuring reliable sustainability information, the Commission has announced that it will act to further enhance audit quality and to create a more open and diversified audit market, which are the conditions for the successful application of this amending Directive. In addition, it is desirable to offer undertakings a broader choice of independent assurance services providers for the assurance o"
csrd,32022L2464,,,,recital,reportar,high,0,sustainability reporting,sustainability reporting,"Member States should set out requirements that ensure the quality of the assurance of sustainability reporting carried out by independent assurance services providers and consistent outcomes in the assurance of sustainability reporting. Therefore, all independent assurance services providers should be subject to requirements that are equivalent to the requirements set out in Directive 2006/43/EC of the European Parliament and of the Council (35) as regards the assurance of sustainability reporti"
csrd,32022L2464,,,,recital,certificacao,high,0,independent assurance services provider,independent assurance services provider,"Member States should set out requirements that ensure the quality of the assurance of sustainability reporting carried out by independent assurance services providers and consistent outcomes in the assurance of sustainability reporting. Therefore, all independent assurance services providers should be subject to requirements that are equivalent to the requirements set out in Directive 2006/43/EC of the European Parliament and of the Council (35) as regards the assurance of sustainability reporti"
csrd,32022L2464,,,,recital,auditoria,high,0,statutory auditor,statutory auditor,"Member States should set out requirements that ensure the quality of the assurance of sustainability reporting carried out by independent assurance services providers and consistent outcomes in the assurance of sustainability reporting. Therefore, all independent assurance services providers should be subject to requirements that are equivalent to the requirements set out in Directive 2006/43/EC of the European Parliament and of the Council (35) as regards the assurance of sustainability reporti"
csrd,32022L2464,,,,recital,reportar,high,0,sustainability reporting,sustainability reporting,"Independent assurance services providers that have already been accredited by a Member State for the assurance of sustainability reporting should continue to be allowed to do so. Likewise, Member States should ensure that independent assurance services providers that, by the date of application of the new requirements on training and examination, are undergoing their accreditation process are not subject to those new accreditation requirements, provided they complete that process within two year"
csrd,32022L2464,,,,recital,certificacao,high,0,independent assurance services provider,Independent assurance services provider,"Independent assurance services providers that have already been accredited by a Member State for the assurance of sustainability reporting should continue to be allowed to do so. Likewise, Member States should ensure that independent assurance services providers that, by the date of application of the new requirements on training and examination, are undergoing their accreditation process are not subject to those new accreditation requirements, provided they complete that process within two year"
csrd,32022L2464,,,,recital,auditoria,high,0,assurance (engagement|opinion|provider|services),assurance services,"Independent assurance services providers that have already been accredited by a Member State for the assurance of sustainability reporting should continue to be allowed to do so. Likewise, Member States should ensure that independent assurance services providers that, by the date of application of the new requirements on training and examination, are undergoing their accreditation process are not subject to those new accreditation requirements, provided they complete that process within two year"
csrd,32022L2464,,,,recital,reportar,high,0,sustainability reporting,sustainability reporting,"In order to foster the free movement of services, Member States should allow independent assurance services providers established in a different Member State to carry out the assurance of sustainability reporting in their territory. This would also favour opening up the assurance market even when not all Member States allow for the accreditation of independent assurance services providers in their territory. Where independent assurance services providers carry out the assurance of sustainability"
csrd,32022L2464,,,,recital,certificacao,high,0,independent assurance services provider,independent assurance services provider,"In order to foster the free movement of services, Member States should allow independent assurance services providers established in a different Member State to carry out the assurance of sustainability reporting in their territory. This would also favour opening up the assurance market even when not all Member States allow for the accreditation of independent assurance services providers in their territory. Where independent assurance services providers carry out the assurance of sustainability"
csrd,32022L2464,,,,recital,auditoria,high,0,(EU ETS )?(lead )?auditor,auditor,"In order to foster the free movement of services, Member States should allow independent assurance services providers established in a different Member State to carry out the assurance of sustainability reporting in their territory. This would also favour opening up the assurance market even when not all Member States allow for the accreditation of independent assurance services providers in their territory. Where independent assurance services providers carry out the assurance of sustainability"
csrd,32022L2464,,,,recital,reportar,high,0,sustainability reporting,sustainability reporting,"Member States should ensure that when an undertaking is required by Union law to have elements of its sustainability reporting verified by an accredited independent third party, the report of the accredited independent third party should be made available either as an annex to the management report or by any other publicly accessible means. Such making available of that report should not pre-empt the outcome of the assurance opinion of which the third-party verification should remain independent"
csrd,32022L2464,,,,recital,certificacao,high,0,independent assurance services provider,independent assurance services provider,"Member States should ensure that when an undertaking is required by Union law to have elements of its sustainability reporting verified by an accredited independent third party, the report of the accredited independent third party should be made available either as an annex to the management report or by any other publicly accessible means. Such making available of that report should not pre-empt the outcome of the assurance opinion of which the third-party verification should remain independent"
csrd,32022L2464,,,,recital,auditoria,high,0,(EU ETS )?(lead )?auditor,auditor,"Member States should ensure that when an undertaking is required by Union law to have elements of its sustainability reporting verified by an accredited independent third party, the report of the accredited independent third party should be made available either as an annex to the management report or by any other publicly accessible means. Such making available of that report should not pre-empt the outcome of the assurance opinion of which the third-party verification should remain independent"
csrd,32022L2464,,,,recital,reportar,high,0,sustainability reporting,sustainability reporting,Directive 2006/43/EC sets out rules concerning the statutory audit of annual and consolidated financial statements. It is necessary to ensure that consistent rules apply to the audit of financial statements and the assurance of sustainability reporting by the statutory auditor. Directive 2006/43/EC should apply where the assurance opinion on sustainability reporting is expressed by a statutory auditor or an audit firm.
csrd,32022L2464,,,,recital,auditoria,high,0,statutory auditor,statutory auditor,Directive 2006/43/EC sets out rules concerning the statutory audit of annual and consolidated financial statements. It is necessary to ensure that consistent rules apply to the audit of financial statements and the assurance of sustainability reporting by the statutory auditor. Directive 2006/43/EC should apply where the assurance opinion on sustainability reporting is expressed by a statutory auditor or an audit firm.
csrd,32022L2464,,,,recital,reportar,high,0,sustainability reporting,sustainability reporting,The rules on the approval and recognition of statutory auditors and audit firms should allow statutory auditors to qualify also for the assurance of sustainability reporting. Member States should ensure that statutory auditors who wish to qualify for the assurance of sustainability reporting have the necessary level of theoretical knowledge of subjects relevant to the assurance of sustainability reporting and the ability to apply such knowledge in practice.
csrd,32022L2464,,,,recital,auditoria,high,0,statutory auditor,statutory auditor,The rules on the approval and recognition of statutory auditors and audit firms should allow statutory auditors to qualify also for the assurance of sustainability reporting. Member States should ensure that statutory auditors who wish to qualify for the assurance of sustainability reporting have the necessary level of theoretical knowledge of subjects relevant to the assurance of sustainability reporting and the ability to apply such knowledge in practice.
csrd,32022L2464,,,,recital,reportar,high,0,sustainability reporting,sustainability reporting,"Therefore, statutory auditors should complete practical training of at least eight months in the assurance of annual and consolidated sustainability reporting or in other sustainability-related services, taking account of previous employment experience. However, statutory auditors that have already been approved or recognised in a Member State should continue to be allowed to carry out the assurance of sustainability reporting. Likewise, Member States should ensure that natural persons who are u"
csrd,32022L2464,,,,recital,auditoria,high,0,statutory auditor,statutory auditor,"Therefore, statutory auditors should complete practical training of at least eight months in the assurance of annual and consolidated sustainability reporting or in other sustainability-related services, taking account of previous employment experience. However, statutory auditors that have already been approved or recognised in a Member State should continue to be allowed to carry out the assurance of sustainability reporting. Likewise, Member States should ensure that natural persons who are u"
csrd,32022L2464,,,,recital,reportar,high,0,sustainability reporting,sustainability reporting,"It should be ensured that the requirements imposed on auditors as regards the statutory audit and the assurance of sustainability reporting they carry out are consistent. Therefore, there should be at least one designated person who is actively involved in carrying out the assurance of sustainability reporting (‘key sustainability partner’). When carrying out the assurance of sustainability reporting, statutory auditors should be required to devote sufficient time and assign sufficient resources"
csrd,32022L2464,,,,recital,auditoria,high,0,statutory auditor,statutory auditor,"It should be ensured that the requirements imposed on auditors as regards the statutory audit and the assurance of sustainability reporting they carry out are consistent. Therefore, there should be at least one designated person who is actively involved in carrying out the assurance of sustainability reporting (‘key sustainability partner’). When carrying out the assurance of sustainability reporting, statutory auditors should be required to devote sufficient time and assign sufficient resources"
csrd,32022L2464,,,,recital,reportar,high,0,sustainability reporting,sustainability reporting,Statutory auditors or audit firms that carry out the assurance of sustainability reporting should have a high level of technical and specialised expertise in the field of sustainability.
csrd,32022L2464,,,,recital,auditoria,high,0,statutory auditor,Statutory auditor,Statutory auditors or audit firms that carry out the assurance of sustainability reporting should have a high level of technical and specialised expertise in the field of sustainability.
csrd,32022L2464,,,,recital,reportar,high,0,sustainability reporting,sustainability reporting,"Directive 2006/43/EC requires Member States to put appropriate rules in place to avoid the fees on the statutory audit being influenced or determined by the provision of additional services to the audited entity or being based on any form of contingency. That Directive also requires Member States to ensure that statutory auditors carrying out statutory audits comply with the rules on professional ethics, independence, objectivity, confidentiality and professional secrecy. For reasons of coherenc"
csrd,32022L2464,,,,recital,auditoria,high,0,statutory auditor,statutory auditor,"Directive 2006/43/EC requires Member States to put appropriate rules in place to avoid the fees on the statutory audit being influenced or determined by the provision of additional services to the audited entity or being based on any form of contingency. That Directive also requires Member States to ensure that statutory auditors carrying out statutory audits comply with the rules on professional ethics, independence, objectivity, confidentiality and professional secrecy. For reasons of coherenc"
csrd,32022L2464,,,,recital,reportar,high,0,sustainability reporting,sustainability reporting,"In order to provide for uniform assurance practices and high-quality assurance of sustainability reporting across the Union, the Commission should be empowered to adopt sustainability assurance standards by means of delegated acts. Member States should be given the possibility of applying national assurance standards, procedures or requirements, as long as the Commission has not adopted an assurance standard by means of delegated acts covering the same subject matter. Such assurance standards sh"
csrd,32022L2464,,,,recital,auditoria,high,0,(EU ETS )?(lead )?auditor,auditor,"In order to provide for uniform assurance practices and high-quality assurance of sustainability reporting across the Union, the Commission should be empowered to adopt sustainability assurance standards by means of delegated acts. Member States should be given the possibility of applying national assurance standards, procedures or requirements, as long as the Commission has not adopted an assurance standard by means of delegated acts covering the same subject matter. Such assurance standards sh"
csrd,32022L2464,,,,recital,reportar,high,0,sustainability reporting,sustainability reporting,Directive 2006/43/EC sets out rules on the statutory audit of a group of undertakings. Similar rules should be set out for the assurance of consolidated sustainability reporting.
csrd,32022L2464,,,,recital,auditoria,low,0,\baudit\w*,audit,Directive 2006/43/EC sets out rules on the statutory audit of a group of undertakings. Similar rules should be set out for the assurance of consolidated sustainability reporting.
csrd,32022L2464,,,,recital,reportar,high,0,sustainability reporting,sustainability reporting,"Directive 2006/43/EC requires statutory auditors or audit firms to present the results of their statutory audit in an audit report. Similar rules should be set out for the assurance of sustainability reporting. The results of the assurance of sustainability reporting should be presented in an assurance report. Where the same statutory auditor carries out the statutory audit of annual financial statements and the assurance of sustainability reporting, it should be possible to present the informat"
csrd,32022L2464,,,,recital,auditoria,high,0,statutory auditor,statutory auditor,"Directive 2006/43/EC requires statutory auditors or audit firms to present the results of their statutory audit in an audit report. Similar rules should be set out for the assurance of sustainability reporting. The results of the assurance of sustainability reporting should be presented in an assurance report. Where the same statutory auditor carries out the statutory audit of annual financial statements and the assurance of sustainability reporting, it should be possible to present the informat"
csrd,32022L2464,,,,recital,reportar,high,0,sustainability reporting,sustainability reporting,"Directive 2006/43/EC requires Member States to set up a system of quality assurance review of statutory auditors and audit firms. To ensure that quality assurance reviews also take place for the assurance of sustainability reporting and that the persons who carry out quality assurance reviews have appropriate professional education and relevant experience in sustainability reporting and in the assurance of sustainability reporting, that requirement to set up a system of quality assurance review "
csrd,32022L2464,,,,recital,auditoria,high,0,statutory auditor,statutory auditor,"Directive 2006/43/EC requires Member States to set up a system of quality assurance review of statutory auditors and audit firms. To ensure that quality assurance reviews also take place for the assurance of sustainability reporting and that the persons who carry out quality assurance reviews have appropriate professional education and relevant experience in sustainability reporting and in the assurance of sustainability reporting, that requirement to set up a system of quality assurance review "
csrd,32022L2464,,,,recital,reportar,high,0,sustainability reporting,sustainability reporting,"Directive 2006/43/EC requires Member States to have in place an investigations and sanctions regime for statutory auditors and audit firms carrying out statutory audits. That Directive also requires Member States to organise an effective system of public oversight, and to ensure that regulatory arrangements for public oversight systems permit effective cooperation at Union level in respect of Member States’ oversight activities. Such requirements should be extended to statutory auditors and audi"
csrd,32022L2464,,,,recital,auditoria,high,0,statutory auditor,statutory auditor,"Directive 2006/43/EC requires Member States to have in place an investigations and sanctions regime for statutory auditors and audit firms carrying out statutory audits. That Directive also requires Member States to organise an effective system of public oversight, and to ensure that regulatory arrangements for public oversight systems permit effective cooperation at Union level in respect of Member States’ oversight activities. Such requirements should be extended to statutory auditors and audi"
csrd,32022L2464,,,,recital,reportar,high,0,sustainability reporting,sustainability reporting,Directive 2006/43/EC contains rules on the appointment and dismissal of statutory auditors and audit firms carrying out statutory audits. Those rules should be extended to the assurance of sustainability reporting to ensure the consistency of the rules imposed on auditors as regards their work on the statutory audit and the assurance of sustainability reporting.
csrd,32022L2464,,,,recital,auditoria,high,0,statutory auditor,statutory auditor,Directive 2006/43/EC contains rules on the appointment and dismissal of statutory auditors and audit firms carrying out statutory audits. Those rules should be extended to the assurance of sustainability reporting to ensure the consistency of the rules imposed on auditors as regards their work on the statutory audit and the assurance of sustainability reporting.
csrd,32022L2464,,,,recital,reportar,high,0,sustainability reporting,sustainability reporting,"Pursuant to Article 6 of Directive 2007/36/EC of the European Parliament and of the Council (36), Member States are required to ensure that shareholders of undertakings whose securities are admitted to trading on a regulated market in the Union, acting individually or collectively, have the right to put items on the agenda of the general meeting, provided that each such item is accompanied by a justification or a draft resolution to be adopted in the general meeting, and that they have the right"
csrd,32022L2464,,,,recital,certificacao,low,0,\baccredited\b,accredited,"Pursuant to Article 6 of Directive 2007/36/EC of the European Parliament and of the Council (36), Member States are required to ensure that shareholders of undertakings whose securities are admitted to trading on a regulated market in the Union, acting individually or collectively, have the right to put items on the agenda of the general meeting, provided that each such item is accompanied by a justification or a draft resolution to be adopted in the general meeting, and that they have the right"
csrd,32022L2464,,,,recital,auditoria,high,0,statutory auditor,statutory auditor,"Pursuant to Article 6 of Directive 2007/36/EC of the European Parliament and of the Council (36), Member States are required to ensure that shareholders of undertakings whose securities are admitted to trading on a regulated market in the Union, acting individually or collectively, have the right to put items on the agenda of the general meeting, provided that each such item is accompanied by a justification or a draft resolution to be adopted in the general meeting, and that they have the right"
csrd,32022L2464,,,,recital,reportar,high,0,sustainability reporting,sustainability reporting,"For undertakings subject to the sustainability reporting requirements introduced by this amending Directive and that do not fall within the scope of Article 6 of Directive 2007/36/EC, shareholders which represent more than 5 % of the voting rights or 5 % of the capital of the undertaking, acting individually or collectively, should also be given the right to table a draft resolution to be adopted in the general meeting, requiring that, firstly, an accredited third party that does not belong to t"
csrd,32022L2464,,,,recital,certificacao,low,0,\baccredited\b,accredited,"For undertakings subject to the sustainability reporting requirements introduced by this amending Directive and that do not fall within the scope of Article 6 of Directive 2007/36/EC, shareholders which represent more than 5 % of the voting rights or 5 % of the capital of the undertaking, acting individually or collectively, should also be given the right to table a draft resolution to be adopted in the general meeting, requiring that, firstly, an accredited third party that does not belong to t"
csrd,32022L2464,,,,recital,auditoria,high,0,statutory auditor,statutory auditor,"For undertakings subject to the sustainability reporting requirements introduced by this amending Directive and that do not fall within the scope of Article 6 of Directive 2007/36/EC, shareholders which represent more than 5 % of the voting rights or 5 % of the capital of the undertaking, acting individually or collectively, should also be given the right to table a draft resolution to be adopted in the general meeting, requiring that, firstly, an accredited third party that does not belong to t"
csrd,32022L2464,,,,recital,reportar,high,0,sustainability reporting,sustainability reporting,"Directive 2006/43/EC requires Member States to ensure that each public-interest entity has an audit committee, and specifies its tasks with regard to the statutory audit. That audit committee should be assigned with certain tasks with regard to the assurance of sustainability reporting. Those tasks should include the obligation to inform the administrative or supervisory body of the public-interest entity of the outcome of the assurance of sustainability reporting, and to explain how the audit c"
csrd,32022L2464,,,,recital,auditoria,low,0,\baudit\w*,audit,"Directive 2006/43/EC requires Member States to ensure that each public-interest entity has an audit committee, and specifies its tasks with regard to the statutory audit. That audit committee should be assigned with certain tasks with regard to the assurance of sustainability reporting. Those tasks should include the obligation to inform the administrative or supervisory body of the public-interest entity of the outcome of the assurance of sustainability reporting, and to explain how the audit c"
csrd,32022L2464,,,,recital,reportar,high,0,sustainability reporting,sustainability reporting,"Directive 2006/43/EC contains requirements for registration and oversight of third-country auditors and audit entities. To ensure that a consistent framework exists for the work of auditors in both the statutory audit and the assurance of sustainability reporting, it is necessary to extend those requirements to the assurance of sustainability reporting."
csrd,32022L2464,,,,recital,auditoria,high,0,(EU ETS )?(lead )?auditor,auditor,"Directive 2006/43/EC contains requirements for registration and oversight of third-country auditors and audit entities. To ensure that a consistent framework exists for the work of auditors in both the statutory audit and the assurance of sustainability reporting, it is necessary to extend those requirements to the assurance of sustainability reporting."
csrd,32022L2464,,,,recital,reportar,high,0,sustainability reporting,sustainability reporting,"Regulation (EU) No 537/2014 of the European Parliament and of the Council (37) applies to statutory auditors and audit firms carrying out statutory audits of public-interest entities. To ensure the independence of the statutory auditor when carrying out a statutory audit, that Regulation establishes a limit concerning the fees for other services that the statutory auditor can obtain. It is important to clarify that the assurance of sustainability reporting should not count in the calculation of "
csrd,32022L2464,,,,recital,auditoria,high,0,statutory auditor,statutory auditor,"Regulation (EU) No 537/2014 of the European Parliament and of the Council (37) applies to statutory auditors and audit firms carrying out statutory audits of public-interest entities. To ensure the independence of the statutory auditor when carrying out a statutory audit, that Regulation establishes a limit concerning the fees for other services that the statutory auditor can obtain. It is important to clarify that the assurance of sustainability reporting should not count in the calculation of "
csrd,32022L2464,,,,recital,reportar,high,0,sustainability reporting,sustainability reporting,"To ensure the independence of the statutory auditor, certain non-audit services should also be prohibited when the statutory auditor is carrying out the assurance of sustainability reporting. Regulation (EU) No 537/2014 requires statutory auditors to report irregularities to the audited entity and, under certain circumstances, to authorities designated by the Member States as responsible for investigating such irregularities. Such obligation should also be extended, as appropriate, to statutory "
csrd,32022L2464,,,,recital,auditoria,high,0,statutory auditor,statutory auditor,"To ensure the independence of the statutory auditor, certain non-audit services should also be prohibited when the statutory auditor is carrying out the assurance of sustainability reporting. Regulation (EU) No 537/2014 requires statutory auditors to report irregularities to the audited entity and, under certain circumstances, to authorities designated by the Member States as responsible for investigating such irregularities. Such obligation should also be extended, as appropriate, to statutory "
csrd,32022L2464,,,,recital,reportar,high,0,sustainability reporting,sustainability reporting,"Directive 2004/109/EC assigns to national supervisors the task of enforcing compliance with corporate reporting requirements by undertakings whose securities are admitted to trading on a regulated market in the Union. Article 4 of that Directive specifies the content to be included in the annual financial reports, but lacks an explicit reference to Articles 19a and 29a of Directive 2013/34/EU, which require the preparation of a non-financial statement and a consolidated non-financial statement. "
csrd,32022L2464,,,,recital,reportar,high,0,sustainability reporting,sustainability reporting,"In addition, given the novel character of the sustainability reporting requirements, ESMA should issue guidelines for national competent authorities to promote convergent supervision of sustainability reporting by issuers subject to Directive 2004/109/EC. Those guidelines should only apply to the supervision of undertakings whose securities are admitted to trading on a regulated market in the Union."
csrd,32022L2464,,,,recital,reportar,high,0,sustainability reporting,sustainability reporting,"In order to specify the requirements set out in this amending Directive, the power to adopt acts in accordance with Article 290 of the Treaty on the Functioning of the European Union should be delegated to the Commission in respect of establishing sustainability reporting standards and establishing standards for the assurance of sustainability reporting. It is of particular importance that the Commission carry out appropriate consultations during its preparatory work, including at expert level, "
csrd,32022L2464,,,,recital,auditoria,low,0,\bassurance\b,assurance,"In order to specify the requirements set out in this amending Directive, the power to adopt acts in accordance with Article 290 of the Treaty on the Functioning of the European Union should be delegated to the Commission in respect of establishing sustainability reporting standards and establishing standards for the assurance of sustainability reporting. It is of particular importance that the Commission carry out appropriate consultations during its preparatory work, including at expert level, "
csrd,32022L2464,,,,recital,reportar,high,0,sustainability reporting,sustainability reporting,"The Commission should submit a report to the European Parliament and to the Council on the implementation of this amending Directive, including, inter alia: an assessment of the achievement of the goals of this amending Directive, including the convergence of reporting practices between Member States; an assessment of the number of small and medium-sized undertakings using sustainability reporting standards voluntarily; an assessment of whether and how the scope of the reporting requirements sho"
csrd,32022L2464,,,,recital,reportar,high,0,sustainability reporting,sustainability reporting,"The report on the implementation of this amending Directive should be published by 30 April 2029 and every three years thereafter, and should be accompanied, if appropriate, by legislative proposals. By 31 December 2028, the Commission should review and report on the level of concentration of the sustainability assurance market. The review should take into account the national regimes applicable to independent assurance services providers and assess whether and to what extent such national regim"
csrd,32022L2464,,,,recital,certificacao,high,0,independent assurance services provider,independent assurance services provider,"The report on the implementation of this amending Directive should be published by 30 April 2029 and every three years thereafter, and should be accompanied, if appropriate, by legislative proposals. By 31 December 2028, the Commission should review and report on the level of concentration of the sustainability assurance market. The review should take into account the national regimes applicable to independent assurance services providers and assess whether and to what extent such national regim"
csrd,32022L2464,,,,recital,auditoria,high,0,assurance (engagement|opinion|provider|services),assurance services,"The report on the implementation of this amending Directive should be published by 30 April 2029 and every three years thereafter, and should be accompanied, if appropriate, by legislative proposals. By 31 December 2028, the Commission should review and report on the level of concentration of the sustainability assurance market. The review should take into account the national regimes applicable to independent assurance services providers and assess whether and to what extent such national regim"
csrd,32022L2464,Amendments to Directive 2013/34/EU,Article 1,,article,reportar,high,0,sustainability reporting,sustainability reporting,"“sustainability reporting” means reporting information related to sustainability matters in accordance with Articles 19a, 29a and 29d;"
csrd,32022L2464,Amendments to Directive 2013/34/EU,Article 1,,article,certificacao,high,0,conformity assessment (body|bodies),conformity assessment body,“independent assurance services provider” means a conformity assessment body accredited in accordance with Regulation (EC) No 765/2008 of the European Parliament and of the Council (*7) for the specific conformity assessment activity referred to in point (aa) of the second subparagraph of Article 34(1) of this Directive.
csrd,32022L2464,Amendments to Directive 2013/34/EU,Article 1,,article,auditoria,high,0,assurance (engagement|opinion|provider|services),assurance services,“independent assurance services provider” means a conformity assessment body accredited in accordance with Regulation (EC) No 765/2008 of the European Parliament and of the Council (*7) for the specific conformity assessment activity referred to in point (aa) of the second subparagraph of Article 34(1) of this Directive.
csrd,32022L2464,Amendments to Directive 2013/34/EU,Article 1,,article,reportar,low,0,\bshall report\b,shall report,"‘Large undertakings, and small and medium-sized undertakings, except micro undertakings, which are public-interest entities as defined in point (a) of point (1) of Article 2 shall report information on the key intangible resources and explain how the business model of the undertaking fundamentally depends on such resources and how such resources are a source of value creation for the undertaking.’;"
csrd,32022L2464,Amendments to Directive 2013/34/EU,‘Article 19a,,article,reportar,high,0,sustainability reporting,Sustainability reporting,Sustainability reporting
csrd,32022L2464,Amendments to Directive 2013/34/EU,‘Article 19a,,article,reportar,high,0,management report,management report,"1. Large undertakings, and small and medium-sized undertakings, except micro undertakings, which are public-interest entities as defined in point (a) of point (1) of Article 2 shall include in the management report information necessary to understand the undertaking’s impacts on sustainability matters, and information necessary to understand how sustainability matters affect the undertaking’s development, performance and position."
csrd,32022L2464,Amendments to Directive 2013/34/EU,‘Article 19a,,article,reportar,high,0,management report,management report,"The information referred to in the first subparagraph shall be clearly identifiable within the management report, through a dedicated section of the management report."
csrd,32022L2464,Amendments to Directive 2013/34/EU,‘Article 19a,,article,reportar,high,0,management report,management report,"Undertakings shall report the process carried out to identify the information that they have included in the management report in accordance with paragraph 1 of this Article. The information listed in the first subparagraph of this paragraph shall include information related to short-, medium- and long-term time horizons, as applicable."
csrd,32022L2464,Amendments to Directive 2013/34/EU,‘Article 19a,,article,reportar,high,0,management report,management report,"Where applicable, the information referred to in paragraphs 1 and 2 shall also contain references to, and additional explanations of, the other information included in the management report in accordance with Article 19, and the amounts reported in the annual financial statements."
csrd,32022L2464,Amendments to Directive 2013/34/EU,‘Article 19a,,article,reportar,high,0,sustainability reporting,sustainability reporting,4. Undertakings shall report the information referred to in paragraphs 1 to 3 of this Article in accordance with the sustainability reporting standards adopted pursuant to Article 29b.
csrd,32022L2464,Amendments to Directive 2013/34/EU,‘Article 19a,,article,reportar,high,0,sustainability reporting,sustainability reporting,"6. By way of derogation from paragraphs 2 to 4 of this Article, and without prejudice to paragraphs 9 and 10 of this Article, small and medium-sized undertakings referred to in paragraph 1 of this Article, small and non-complex institutions defined in point (145) of Article 4(1) of Regulation (EU) No 575/2013, captive insurance undertakings defined in point (2) of Article 13 of Directive 2009/138/EC of the European Parliament and of the Council (*10) and captive reinsurance undertakings defined "
csrd,32022L2464,Amendments to Directive 2013/34/EU,‘Article 19a,,article,reportar,high,0,sustainability reporting,sustainability reporting,"Small and medium-sized undertakings, small and non-complex institutions and captive insurance and reinsurance undertakings that rely on the derogation referred to in the first subparagraph shall report in accordance with the sustainability reporting standards for small and medium-sized undertakings referred to in Article 29c."
csrd,32022L2464,Amendments to Directive 2013/34/EU,‘Article 19a,,article,reportar,high,0,sustainability reporting,sustainability reporting,"7. For financial years starting before 1 January 2028, by way of derogation from paragraph 1 of this Article, small and medium-sized undertakings which are public-interest entities as defined in point (a) of point (1) of Article 2 may decide not to include in their management report the information referred to in paragraph 1 of this Article. In such cases, the undertaking shall, nevertheless, briefly state in its management report why the sustainability reporting was not provided."
csrd,32022L2464,Amendments to Directive 2013/34/EU,‘Article 19a,,article,reportar,high,0,sustainability reporting,sustainability reporting,"9. Provided that the conditions set out in the second subparagraph of this paragraph are met, an undertaking which is a subsidiary undertaking shall be exempted from the obligations set out in paragraphs 1 to 4 of this Article (“the exempted subsidiary undertaking”) if such undertaking and its subsidiary undertakings are included in the consolidated management report of a parent undertaking, drawn up in accordance with Articles 29 and 29a. An undertaking which is a subsidiary undertaking of a pa"
csrd,32022L2464,Amendments to Directive 2013/34/EU,‘Article 19a,,article,reportar,high,0,management report,management report,the management report of the exempted subsidiary undertaking contains all of the following information:
csrd,32022L2464,Amendments to Directive 2013/34/EU,‘Article 19a,,article,reportar,high,0,sustainability reporting,sustainability reporting,"the name and registered office of the parent undertaking that reports information at group level in accordance with this Article or in a manner equivalent to the sustainability reporting standards adopted pursuant to Article 29b of this Directive, as determined in accordance with an implementing act on the equivalence of sustainability reporting standards adopted pursuant to the third subparagraph of Article 23(4) of Directive 2004/109/EC;"
csrd,32022L2464,Amendments to Directive 2013/34/EU,‘Article 19a,,article,reportar,high,0,sustainability reporting,sustainability reporting,"the weblinks to the consolidated management report of the parent undertaking or, where applicable, to the consolidated sustainability reporting of the parent undertaking, as referred to in the first subparagraph of this paragraph, and to the assurance opinion referred to in point (aa) of the second subparagraph of Article 34(1) of this Directive or to the assurance opinion referred to in point (b) of this subparagraph;"
csrd,32022L2464,Amendments to Directive 2013/34/EU,‘Article 19a,,article,auditoria,high,0,assurance (engagement|opinion|provider|services),assurance opinion,"the weblinks to the consolidated management report of the parent undertaking or, where applicable, to the consolidated sustainability reporting of the parent undertaking, as referred to in the first subparagraph of this paragraph, and to the assurance opinion referred to in point (aa) of the second subparagraph of Article 34(1) of this Directive or to the assurance opinion referred to in point (b) of this subparagraph;"
csrd,32022L2464,Amendments to Directive 2013/34/EU,‘Article 19a,,article,reportar,high,0,sustainability reporting,sustainability reporting,"if the parent undertaking is established in a third country, its consolidated sustainability reporting and the assurance opinion on the consolidated sustainability reporting, expressed by one or more person(s) or firm(s) authorised to give an opinion on the assurance of sustainability reporting under the law governing that parent undertaking, are published in accordance with Article 30 of this Directive, and in accordance with the law of the Member State by which the exempted subsidiary undertak"
csrd,32022L2464,Amendments to Directive 2013/34/EU,‘Article 19a,,article,auditoria,high,0,assurance (engagement|opinion|provider|services),assurance opinion,"if the parent undertaking is established in a third country, its consolidated sustainability reporting and the assurance opinion on the consolidated sustainability reporting, expressed by one or more person(s) or firm(s) authorised to give an opinion on the assurance of sustainability reporting under the law governing that parent undertaking, are published in accordance with Article 30 of this Directive, and in accordance with the law of the Member State by which the exempted subsidiary undertak"
csrd,32022L2464,Amendments to Directive 2013/34/EU,‘Article 19a,,article,reportar,high,0,sustainability reporting,sustainability reporting,"if the parent undertaking is established in a third country, the disclosures laid down in Article 8 of Regulation (EU) 2020/852 of the European Parliament and of the Council (*12), covering the activities carried out by the exempted subsidiary undertaking established in the Union and its subsidiary undertakings, are included in the management report of the exempted subsidiary undertaking, or in the consolidated sustainability reporting carried out by the parent undertaking established in a third"
csrd,32022L2464,Amendments to Directive 2013/34/EU,‘Article 19a,,article,reportar,high,0,sustainability report\b,sustainability report,"The Member State by whose national law the exempted subsidiary undertaking is governed may require that the consolidated management report or, where applicable, the consolidated sustainability report, of the parent undertaking is published in a language that that Member State accepts, and that any necessary translation into such language is provided. Any translation that has not been certified shall include a statement to that effect."
csrd,32022L2464,Amendments to Directive 2013/34/EU,‘Article 19a,,article,reportar,high,0,management report,management report,"Undertakings which are exempted from preparing a management report in accordance with Article 37 shall not be obliged to provide the information referred to in points (a)(i) to (iii) of the second subparagraph of this paragraph, provided that such undertakings publish the consolidated management report in accordance with Article 37."
csrd,32022L2464,Amendments to Directive 2013/34/EU,‘Article 19a,,article,reportar,high,0,sustainability reporting,sustainability reporting,‘Undertakings subject to Article 19a shall be deemed to have complied with the obligation laid down in point (g) of the first subparagraph of this paragraph where they include the information required under that point as part of their sustainability reporting and a reference thereto is included in the corporate governance statement.’;
csrd,32022L2464,Amendments to Directive 2013/34/EU,‘Article 19a,,article,reportar,high,0,management report,management report,"the consolidated financial statements referred to in point (a) and the consolidated management report of the larger body of undertakings are drawn up by the parent undertaking of that body, in accordance with the law of the Member State by which that parent undertaking is governed, in accordance with this Directive, with the exception of the requirements laid down in Article 29a, or in accordance with international accounting standards adopted in accordance with Regulation (EC) No 1606/2002;’;"
csrd,32022L2464,Amendments to Directive 2013/34/EU,‘Article 19a,,article,reportar,high,0,management report,management report,"in a manner equivalent to consolidated financial statements and consolidated management reports drawn up in accordance with this Directive, with the exception of the requirements laid down in Article 29a, or’;"
csrd,32022L2464,Amendments to Directive 2013/34/EU,‘Article 29a,,article,reportar,high,0,sustainability reporting,sustainability reporting,Consolidated sustainability reporting
csrd,32022L2464,Amendments to Directive 2013/34/EU,‘Article 29a,,article,reportar,high,0,management report,management report,"1. Parent undertakings of a large group as referred to in Article 3(7) shall include in the consolidated management report information necessary to understand the group’s impacts on sustainability matters, and information necessary to understand how sustainability matters affect the group’s development, performance and position."
csrd,32022L2464,Amendments to Directive 2013/34/EU,‘Article 29a,,article,reportar,high,0,management report,management report,"The information referred to in the first subparagraph shall be clearly identifiable within the consolidated management report, through a dedicated section of the consolidated management report."
csrd,32022L2464,Amendments to Directive 2013/34/EU,‘Article 29a,,article,reportar,high,0,management report,management report,"Parent undertakings shall report the process carried out to identify the information that they have included in the consolidated management report in accordance with paragraph 1 of this Article. The information listed in the first subparagraph of this paragraph shall include information related to short-, medium- and long-term time horizons, as applicable."
csrd,32022L2464,Amendments to Directive 2013/34/EU,‘Article 29a,,article,reportar,high,0,management report,management report,"Where applicable, the information referred to in paragraphs 1 and 2 shall also include references to, and additional explanations of, the other information included in the consolidated management report in accordance with Article 29 of this Directive and the amounts reported in the consolidated financial statements."
csrd,32022L2464,Amendments to Directive 2013/34/EU,‘Article 29a,,article,reportar,high,0,sustainability reporting,sustainability reporting,Undertakings shall indicate which subsidiary undertakings included in the consolidation are exempted from annual or consolidated sustainability reporting pursuant to Articles 19a(9) or 29a(8) respectively.
csrd,32022L2464,Amendments to Directive 2013/34/EU,‘Article 29a,,article,reportar,high,0,sustainability reporting,sustainability reporting,5. Parent undertakings shall report the information referred to in paragraphs 1 to 3 of this Article in accordance with the sustainability reporting standards adopted pursuant to Article 29b.
csrd,32022L2464,Amendments to Directive 2013/34/EU,‘Article 29a,,article,reportar,high,0,sustainability reporting,sustainability reporting,"8. Provided that the conditions set out in the second subparagraph of this paragraph are met, a parent undertaking which is a subsidiary undertaking shall be exempted from the obligations set out in paragraphs 1 to 5 of this Article (the “exempted parent undertaking”) if such parent undertaking and its subsidiary undertakings are included in the consolidated management report of another undertaking, drawn up in accordance with Article 29 and this Article. A parent undertaking which is a subsidia"
csrd,32022L2464,Amendments to Directive 2013/34/EU,‘Article 29a,,article,reportar,high,0,management report,management report,the management report of the exempted parent undertaking contains all of the following information:
csrd,32022L2464,Amendments to Directive 2013/34/EU,‘Article 29a,,article,reportar,high,0,sustainability reporting,sustainability reporting,"the name and registered office of the parent undertaking that reports information at group level in accordance with this Article, or in a manner equivalent to the sustainability reporting standards adopted pursuant to Article 29b of this Directive, as determined in accordance with an implementing act on the equivalence of sustainability reporting standards adopted pursuant to the third subparagraph of Article 23(4) of Directive 2004/109/EC;"
csrd,32022L2464,Amendments to Directive 2013/34/EU,‘Article 29a,,article,reportar,high,0,sustainability reporting,sustainability reporting,"the weblinks to the consolidated management report of the parent undertaking or, where applicable, to the consolidated sustainability reporting of the parent undertaking, as referred to in the first subparagraph of this paragraph, and to the assurance opinion referred to in point (aa) of the second subparagraph of Article 34(1) of this Directive or to the assurance opinion referred to in point (b) of this subparagraph;"
csrd,32022L2464,Amendments to Directive 2013/34/EU,‘Article 29a,,article,auditoria,high,0,assurance (engagement|opinion|provider|services),assurance opinion,"the weblinks to the consolidated management report of the parent undertaking or, where applicable, to the consolidated sustainability reporting of the parent undertaking, as referred to in the first subparagraph of this paragraph, and to the assurance opinion referred to in point (aa) of the second subparagraph of Article 34(1) of this Directive or to the assurance opinion referred to in point (b) of this subparagraph;"
csrd,32022L2464,Amendments to Directive 2013/34/EU,‘Article 29a,,article,reportar,high,0,sustainability reporting,sustainability reporting,"if the parent undertaking is established in a third country, its consolidated sustainability reporting and the assurance opinion, expressed by one or more person(s) or firm(s) authorised to give an opinion on the assurance of sustainability reporting under the national law governing the parent undertaking, are published in accordance with Article 30, and in accordance with the law of the Member State by which the exempted parent undertaking is governed;"
csrd,32022L2464,Amendments to Directive 2013/34/EU,‘Article 29a,,article,auditoria,high,0,assurance (engagement|opinion|provider|services),assurance opinion,"if the parent undertaking is established in a third country, its consolidated sustainability reporting and the assurance opinion, expressed by one or more person(s) or firm(s) authorised to give an opinion on the assurance of sustainability reporting under the national law governing the parent undertaking, are published in accordance with Article 30, and in accordance with the law of the Member State by which the exempted parent undertaking is governed;"
csrd,32022L2464,Amendments to Directive 2013/34/EU,‘Article 29a,,article,reportar,high,0,sustainability reporting,sustainability reporting,"if the parent undertaking is established in a third country, the disclosures laid down in Article 8 of Regulation (EU) 2020/852, covering the activities carried out by the subsidiary undertaking established in the Union and exempted from sustainability reporting on the basis of Article 19a(9) of this Directive, shall be included in the management report of the exempted parent undertaking, or in the consolidated sustainability reporting carried out by the parent undertaking established in a third"
csrd,32022L2464,Amendments to Directive 2013/34/EU,‘Article 29a,,article,reportar,high,0,sustainability report\b,sustainability report,"The Member State by whose national law the exempted parent undertaking is governed may require that the consolidated management report or, where applicable, the consolidated sustainability report of the parent undertaking is published in a language that that Member State accepts, and that any necessary translation into such language is provided. Any translation that has not been certified shall include a statement to that effect."
csrd,32022L2464,Amendments to Directive 2013/34/EU,‘Article 29a,,article,reportar,high,0,management report,management report,"Parent undertakings which are exempted from preparing a management report pursuant to Article 37 shall not be obliged to provide the information referred to in points (a)(i) to (a)(iii) of the second subparagraph of this paragraph, provided that such undertakings publish the consolidated management report in accordance with Article 37."
csrd,32022L2464,Amendments to Directive 2013/34/EU,Article 29b,SUSTAINABILITY REPORTING STANDARDS,article,reportar,high,0,sustainability reporting,Sustainability reporting,Sustainability reporting standards
csrd,32022L2464,Amendments to Directive 2013/34/EU,Article 29b,SUSTAINABILITY REPORTING STANDARDS,article,reportar,high,0,sustainability reporting,sustainability reporting,"1. The Commission shall adopt delegated acts in accordance with Article 49 supplementing this Directive to provide for sustainability reporting standards. Those sustainability reporting standards shall specify the information that undertakings are to report in accordance with Articles 19a and 29a and, where relevant, shall specify the structure to be used to present that information."
csrd,32022L2464,Amendments to Directive 2013/34/EU,Article 29b,SUSTAINABILITY REPORTING STANDARDS,article,reportar,low,0,\breport\b,report,"In the delegated acts referred to in the first subparagraph of this paragraph the Commission shall, by 30 June 2023, specify the information that undertakings are to report in accordance with Article 19a(1) and (2), and Article 29a(1) and (2) where appropriate, which shall at least include the information that financial market participants subject to the disclosure obligations of Regulation (EU) 2019/2088 need in order to comply with those obligations."
csrd,32022L2464,Amendments to Directive 2013/34/EU,Article 29b,SUSTAINABILITY REPORTING STANDARDS,article,reportar,low,0,\breport\b,report,"complementary information that undertakings are to report with regard to the sustainability matters and reporting areas listed in Article 19a(2), where necessary;"
csrd,32022L2464,Amendments to Directive 2013/34/EU,Article 29b,SUSTAINABILITY REPORTING STANDARDS,article,reportar,low,0,\breport\b,report,information that undertakings are to report that is specific to the sector in which they operate.
csrd,32022L2464,Amendments to Directive 2013/34/EU,Article 29b,SUSTAINABILITY REPORTING STANDARDS,article,reportar,high,0,reporting (obligation|requirement)s?,reporting requirements,The reporting requirements laid down in the delegated acts referred to in the first subparagraph shall not enter into force earlier than four months after their adoption by the Commission.
csrd,32022L2464,Amendments to Directive 2013/34/EU,Article 29b,SUSTAINABILITY REPORTING STANDARDS,article,reportar,high,0,sustainability reporting,sustainability reporting,"The Commission shall, at least once a year, consult the European Parliament, and consult jointly the Member State Expert Group on Sustainable Finance, referred to in Article 24 of Regulation (EU) 2020/852, and the Accounting Regulatory Committee, referred to in Article 6 of Regulation (EC) No 1606/2002, on EFRAG’s work programme as regards the development of sustainability reporting standards."
csrd,32022L2464,Amendments to Directive 2013/34/EU,Article 29b,SUSTAINABILITY REPORTING STANDARDS,article,reportar,high,0,sustainability reporting,sustainability reporting,"2. The sustainability reporting standards shall ensure the quality of reported information, by requiring that it is understandable, relevant, verifiable, comparable and represented in a faithful manner. The sustainability reporting standards shall avoid imposing a disproportionate administrative burden on undertakings, including by taking account, to the greatest extent possible, of the work of global standard-setting initiatives for sustainability reporting as required by point (a) of paragraph"
csrd,32022L2464,Amendments to Directive 2013/34/EU,Article 29b,SUSTAINABILITY REPORTING STANDARDS,article,reportar,high,0,sustainability reporting,sustainability reporting,"The sustainability reporting standards shall, taking into account the subject matter of a particular sustainability reporting standard:"
csrd,32022L2464,Amendments to Directive 2013/34/EU,Article 29b,SUSTAINABILITY REPORTING STANDARDS,article,reportar,high,0,sustainability reporting,sustainability reporting,"the main features of the undertaking’s internal control and risk management systems, in relation to the sustainability reporting and decision-making process;"
csrd,32022L2464,Amendments to Directive 2013/34/EU,Article 29b,SUSTAINABILITY REPORTING STANDARDS,article,reportar,high,0,sustainability reporting,sustainability reporting,"3. The sustainability reporting standards shall specify the forward-looking, retrospective, qualitative and quantitative information, as appropriate, to be reported by undertakings."
csrd,32022L2464,Amendments to Directive 2013/34/EU,Article 29b,SUSTAINABILITY REPORTING STANDARDS,article,reportar,high,0,sustainability reporting,Sustainability reporting,"4. Sustainability reporting standards shall take account of the difficulties that undertakings may encounter in gathering information from actors throughout their value chain, especially from those which are not subject to the sustainability reporting requirements laid down in Article 19a or 29a and from suppliers in emerging markets and economies. Sustainability reporting standards shall specify disclosures on value chains that are proportionate and relevant to the capacities and the characteri"
csrd,32022L2464,Amendments to Directive 2013/34/EU,Article 29b,SUSTAINABILITY REPORTING STANDARDS,article,reportar,high,0,sustainability reporting,sustainability reporting,"the work of global standard-setting initiatives for sustainability reporting, and existing standards and frameworks for natural capital accounting and for greenhouse gas accounting, responsible business conduct, corporate social responsibility, and sustainable development;"
csrd,32022L2464,Amendments to Directive 2013/34/EU,Article 29b,SUSTAINABILITY REPORTING STANDARDS,article,reportar,high,0,reporting (obligation|requirement)s?,reporting requirements,"the criteria, indicators and methodologies set out in the delegated acts adopted pursuant to Regulation (EU) 2020/852, including the technical screening criteria established pursuant to Article 10(3), Article 11(3), Article 12(2), Article 13(2), Article 14(2) and Article 15(2) of that Regulation and the reporting requirements set out in the delegated act adopted pursuant to Article 8 of that Regulation;"
csrd,32022L2464,Amendments to Directive 2013/34/EU,Article 29b,SUSTAINABILITY REPORTING STANDARDS,article,ranking_rating,high,0,benchmark administrator,benchmark administrator,"the disclosure requirements applicable to benchmark administrators in the benchmark statement and in the benchmark methodology and the minimum standards for the construction of EU Climate Transition Benchmarks and EU Paris-aligned Benchmarks in accordance with Commission Delegated Regulations (EU) 2020/1816 (*13), (EU) 2020/1817 (*14) and (EU) 2020/1818 (*15);"
csrd,32022L2464,Amendments to Directive 2013/34/EU,Article 29c,SUSTAINABILITY REPORTING STANDARDS,article,reportar,high,0,sustainability reporting,Sustainability reporting,Sustainability reporting standards for small and medium-sized undertakings
csrd,32022L2464,Amendments to Directive 2013/34/EU,Article 29c,SUSTAINABILITY REPORTING STANDARDS,article,reportar,high,0,sustainability reporting,sustainability reporting,"1. The Commission shall, by 30 June 2024, adopt delegated acts in accordance with Article 49 supplementing this Directive to provide for sustainability reporting standards proportionate and relevant to the capacities and the characteristics of small and medium-sized undertakings and to the scale and complexity of their activities. Those sustainability reporting standards shall specify for the small and medium-sized undertakings referred to in point (1)(a) of Article 2 the information that is to "
csrd,32022L2464,Amendments to Directive 2013/34/EU,Article 29c,SUSTAINABILITY REPORTING STANDARDS,article,reportar,high,0,reporting (obligation|requirement)s?,reporting requirements,The reporting requirements laid down in the delegated acts referred to in the first subparagraph shall not enter into force earlier than four months after their adoption by the Commission.
csrd,32022L2464,Amendments to Directive 2013/34/EU,Article 29c,SUSTAINABILITY REPORTING STANDARDS,article,reportar,high,0,sustainability reporting,Sustainability reporting,"2. Sustainability reporting standards for small and medium-sized undertakings shall take into account the criteria set out in Article 29b(2) to (5). They shall also, to the extent possible, specify the structure to be used to present that information."
csrd,32022L2464,Amendments to Directive 2013/34/EU,Article 29d,SINGLE ELECTRONIC REPORTING FORMAT,article,reportar,high,0,sustainability reporting,sustainability reporting,"1. Undertakings subject to the requirements of Article 19a of this Directive shall prepare their management report in the electronic reporting format specified in Article 3 of Commission Delegated Regulation (EU) 2019/815 (*20) and shall mark up their sustainability reporting, including the disclosures provided for in Article 8 of Regulation (EU) 2020/852, in accordance with the electronic reporting format specified in that Delegated Regulation."
csrd,32022L2464,Amendments to Directive 2013/34/EU,Article 29d,SINGLE ELECTRONIC REPORTING FORMAT,article,reportar,high,0,sustainability reporting,sustainability reporting,"2. Parent undertakings subject to the requirements of Article 29a shall prepare their consolidated management report in the electronic reporting format specified in Article 3 of Delegated Regulation (EU) 2019/815 and shall mark up their sustainability reporting, including the disclosures provided for in Article 8 of Regulation (EU) 2020/852, in accordance with the electronic reporting format specified in that Delegated Regulation."
csrd,32022L2464,Amendments to Directive 2013/34/EU,Article 29d,SINGLE ELECTRONIC REPORTING FORMAT,article,reportar,high,0,management report,management report,"‘1. Member States shall ensure that undertakings publish within a reasonable period of time, which shall not exceed 12 months after the balance sheet date, the duly approved annual financial statements and the management report, in the electronic reporting format referred to in Article 29d of this Directive where applicable, together with the opinion and statement submitted by the statutory auditor or audit firm referred to in Article 34 of this Directive, as laid down by the laws of each Member"
csrd,32022L2464,Amendments to Directive 2013/34/EU,Article 29d,SINGLE ELECTRONIC REPORTING FORMAT,article,auditoria,high,0,statutory auditor,statutory auditor,"‘1. Member States shall ensure that undertakings publish within a reasonable period of time, which shall not exceed 12 months after the balance sheet date, the duly approved annual financial statements and the management report, in the electronic reporting format referred to in Article 29d of this Directive where applicable, together with the opinion and statement submitted by the statutory auditor or audit firm referred to in Article 34 of this Directive, as laid down by the laws of each Member"
csrd,32022L2464,Amendments to Directive 2013/34/EU,Article 29d,SINGLE ELECTRONIC REPORTING FORMAT,article,reportar,high,0,management report,management report,"Member States may require undertakings subject to Articles 19a and 29a to make the management report available to the public on their website, free of charge. Where an undertaking does not have a website, Member States may require it to make a written copy of its management report available upon request."
csrd,32022L2464,Amendments to Directive 2013/34/EU,Article 29d,SINGLE ELECTRONIC REPORTING FORMAT,article,certificacao,high,0,independent assurance services provider,independent assurance services provider,"Where an independent assurance services provider expresses the opinion referred to in point (aa) of the second subparagraph of Article 34(1), that opinion shall be published together with the documents referred to in the first subparagraph of this paragraph."
csrd,32022L2464,Amendments to Directive 2013/34/EU,Article 29d,SINGLE ELECTRONIC REPORTING FORMAT,article,auditoria,high,0,assurance (engagement|opinion|provider|services),assurance services,"Where an independent assurance services provider expresses the opinion referred to in point (aa) of the second subparagraph of Article 34(1), that opinion shall be published together with the documents referred to in the first subparagraph of this paragraph."
csrd,32022L2464,Amendments to Directive 2013/34/EU,Article 29d,SINGLE ELECTRONIC REPORTING FORMAT,article,reportar,high,0,management report,management report,"Member States may, however, exempt undertakings from the obligation to publish the management report where a copy of all or part of any such report can be easily obtained upon request at a price not exceeding its administrative cost."
csrd,32022L2464,Amendments to Directive 2013/34/EU,Article 29d,SINGLE ELECTRONIC REPORTING FORMAT,article,reportar,high,0,sustainability reporting,sustainability reporting,The exemption laid down in the fourth subparagraph of this paragraph shall not apply to undertakings subject to the requirements on sustainability reporting laid down in Articles 19a and 29a.
csrd,32022L2464,Amendments to Directive 2013/34/EU,Article 29d,SINGLE ELECTRONIC REPORTING FORMAT,article,reportar,high,0,sustainability reporting,sustainability reporting,"‘1. Member States shall ensure that the members of the administrative, management and supervisory bodies of an undertaking, acting within the competences assigned to them by national law, have collective responsibility for ensuring that the following documents are drawn up and published in accordance with the requirements of this Directive and, where applicable, with the international accounting standards adopted pursuant to Regulation (EC) No 1606/2002, with Delegated Regulation (EU) 2019/815, "
csrd,32022L2464,Amendments to Directive 2013/34/EU,Article 29d,SINGLE ELECTRONIC REPORTING FORMAT,article,reportar,high,0,management report,management report,"the annual financial statements, the management report and the corporate governance statement when provided separately; and"
csrd,32022L2464,Amendments to Directive 2013/34/EU,Article 29d,SINGLE ELECTRONIC REPORTING FORMAT,article,reportar,high,0,management report,management report,"the consolidated financial statements, the consolidated management reports and the consolidated corporate governance statement when provided separately.’;"
csrd,32022L2464,Amendments to Directive 2013/34/EU,Article 29d,SINGLE ELECTRONIC REPORTING FORMAT,article,reportar,high,0,sustainability reporting,sustainability reporting,‘Auditing and assurance of sustainability reporting’;
csrd,32022L2464,Amendments to Directive 2013/34/EU,Article 29d,SINGLE ELECTRONIC REPORTING FORMAT,article,auditoria,low,0,\baudit\w*,Auditing,‘Auditing and assurance of sustainability reporting’;
csrd,32022L2464,Amendments to Directive 2013/34/EU,Article 29d,SINGLE ELECTRONIC REPORTING FORMAT,article,reportar,high,0,sustainability reporting,sustainability reporting,"whether the management report has been prepared in accordance with the applicable legal requirements, excluding the requirements on sustainability reporting laid down in Article 19a of this Directive;’;"
csrd,32022L2464,Amendments to Directive 2013/34/EU,Article 29d,SINGLE ELECTRONIC REPORTING FORMAT,article,reportar,high,0,sustainability reporting,sustainability reporting,"where applicable, express an opinion based on a limited assurance engagement as regards the compliance of the sustainability reporting with the requirements of this Directive, including the compliance of the sustainability reporting with the sustainability reporting standards adopted pursuant to Article 29b or Article 29c, the process carried out by the undertaking to identify the information reported pursuant to those sustainability reporting standards, and the compliance with the requirement t"
csrd,32022L2464,Amendments to Directive 2013/34/EU,Article 29d,SINGLE ELECTRONIC REPORTING FORMAT,article,auditoria,high,0,assurance (engagement|opinion|provider|services),assurance engagement,"where applicable, express an opinion based on a limited assurance engagement as regards the compliance of the sustainability reporting with the requirements of this Directive, including the compliance of the sustainability reporting with the sustainability reporting standards adopted pursuant to Article 29b or Article 29c, the process carried out by the undertaking to identify the information reported pursuant to those sustainability reporting standards, and the compliance with the requirement t"
csrd,32022L2464,Amendments to Directive 2013/34/EU,Article 29d,SINGLE ELECTRONIC REPORTING FORMAT,article,auditoria,high,0,statutory auditor,statutory auditor,‘3. Member States may allow a statutory auditor or an audit firm other than the one(s) carrying out the statutory audit of financial statements to express the opinion referred to in point (aa) of the second subparagraph of paragraph 1.’;
csrd,32022L2464,Amendments to Directive 2013/34/EU,Article 29d,SINGLE ELECTRONIC REPORTING FORMAT,article,reportar,high,0,sustainability reporting,sustainability reporting,"‘4. Member States may allow an independent assurance services provider established in their territory to express the opinion referred to in point (aa) of the second subparagraph of paragraph 1, provided that such independent assurance services provider is subject to requirements that are equivalent to those set out in Directive 2006/43/EC of the European Parliament and of the Council (*22) as regards the assurance of sustainability reporting as defined in point 22 of Article 2 of that Directive,"
csrd,32022L2464,Amendments to Directive 2013/34/EU,Article 29d,SINGLE ELECTRONIC REPORTING FORMAT,article,certificacao,high,0,independent assurance services provider,independent assurance services provider,"‘4. Member States may allow an independent assurance services provider established in their territory to express the opinion referred to in point (aa) of the second subparagraph of paragraph 1, provided that such independent assurance services provider is subject to requirements that are equivalent to those set out in Directive 2006/43/EC of the European Parliament and of the Council (*22) as regards the assurance of sustainability reporting as defined in point 22 of Article 2 of that Directive,"
csrd,32022L2464,Amendments to Directive 2013/34/EU,Article 29d,SINGLE ELECTRONIC REPORTING FORMAT,article,auditoria,high,0,assurance (engagement|opinion|provider|services),assurance services,"‘4. Member States may allow an independent assurance services provider established in their territory to express the opinion referred to in point (aa) of the second subparagraph of paragraph 1, provided that such independent assurance services provider is subject to requirements that are equivalent to those set out in Directive 2006/43/EC of the European Parliament and of the Council (*22) as regards the assurance of sustainability reporting as defined in point 22 of Article 2 of that Directive,"
csrd,32022L2464,Amendments to Directive 2013/34/EU,Article 29d,SINGLE ELECTRONIC REPORTING FORMAT,article,reportar,high,0,sustainability reporting,sustainability reporting,"training and examination, ensuring that independent assurance services providers acquire the necessary expertise concerning sustainability reporting and the assurance of sustainability reporting;"
csrd,32022L2464,Amendments to Directive 2013/34/EU,Article 29d,SINGLE ELECTRONIC REPORTING FORMAT,article,certificacao,high,0,independent assurance services provider,independent assurance services provider,"training and examination, ensuring that independent assurance services providers acquire the necessary expertise concerning sustainability reporting and the assurance of sustainability reporting;"
csrd,32022L2464,Amendments to Directive 2013/34/EU,Article 29d,SINGLE ELECTRONIC REPORTING FORMAT,article,auditoria,high,0,assurance (engagement|opinion|provider|services),assurance services,"training and examination, ensuring that independent assurance services providers acquire the necessary expertise concerning sustainability reporting and the assurance of sustainability reporting;"
csrd,32022L2464,Amendments to Directive 2013/34/EU,Article 29d,SINGLE ELECTRONIC REPORTING FORMAT,article,auditoria,low,0,\bassurance\b,assurance,quality assurance systems;
csrd,32022L2464,Amendments to Directive 2013/34/EU,Article 29d,SINGLE ELECTRONIC REPORTING FORMAT,article,certificacao,high,0,independent assurance services provider,independent assurance services provider,"the organisation of the work of the independent assurance services provider, in particular in terms of sufficient resources and personnel and the maintenance of client account records and files; and"
csrd,32022L2464,Amendments to Directive 2013/34/EU,Article 29d,SINGLE ELECTRONIC REPORTING FORMAT,article,auditoria,high,0,assurance (engagement|opinion|provider|services),assurance services,"the organisation of the work of the independent assurance services provider, in particular in terms of sufficient resources and personnel and the maintenance of client account records and files; and"
csrd,32022L2464,Amendments to Directive 2013/34/EU,Article 29d,SINGLE ELECTRONIC REPORTING FORMAT,article,certificacao,high,0,independent assurance services provider,independent assurance services provider,"Member States shall ensure that, where an independent assurance services provider expresses the opinion referred to in point (aa) of the second subparagraph of paragraph 1 of this Article, that opinion is prepared in accordance with Articles 26a, 27a and 28a of Directive 2006/43/EC and that, where applicable, the audit committee, or a dedicated committee, reviews and monitors the independence of the independent assurance services provider in accordance with point (e) of Article 39(6) of Directiv"
csrd,32022L2464,Amendments to Directive 2013/34/EU,Article 29d,SINGLE ELECTRONIC REPORTING FORMAT,article,auditoria,high,0,assurance (engagement|opinion|provider|services),assurance services,"Member States shall ensure that, where an independent assurance services provider expresses the opinion referred to in point (aa) of the second subparagraph of paragraph 1 of this Article, that opinion is prepared in accordance with Articles 26a, 27a and 28a of Directive 2006/43/EC and that, where applicable, the audit committee, or a dedicated committee, reviews and monitors the independence of the independent assurance services provider in accordance with point (e) of Article 39(6) of Directiv"
csrd,32022L2464,Amendments to Directive 2013/34/EU,Article 29d,SINGLE ELECTRONIC REPORTING FORMAT,article,reportar,high,0,sustainability reporting,sustainability reporting,"Member States shall ensure that independent assurance services providers accredited before 1 January 2024 for the assurance of sustainability reporting, in accordance with Regulation (EC) No 765/2008, are not subject to the training and examination requirements referred to in point (a) of the first subparagraph of this paragraph."
csrd,32022L2464,Amendments to Directive 2013/34/EU,Article 29d,SINGLE ELECTRONIC REPORTING FORMAT,article,certificacao,high,0,independent assurance services provider,independent assurance services provider,"Member States shall ensure that independent assurance services providers accredited before 1 January 2024 for the assurance of sustainability reporting, in accordance with Regulation (EC) No 765/2008, are not subject to the training and examination requirements referred to in point (a) of the first subparagraph of this paragraph."
csrd,32022L2464,Amendments to Directive 2013/34/EU,Article 29d,SINGLE ELECTRONIC REPORTING FORMAT,article,auditoria,high,0,assurance (engagement|opinion|provider|services),assurance services,"Member States shall ensure that independent assurance services providers accredited before 1 January 2024 for the assurance of sustainability reporting, in accordance with Regulation (EC) No 765/2008, are not subject to the training and examination requirements referred to in point (a) of the first subparagraph of this paragraph."
csrd,32022L2464,Amendments to Directive 2013/34/EU,Article 29d,SINGLE ELECTRONIC REPORTING FORMAT,article,reportar,high,0,sustainability reporting,sustainability reporting,"Member States shall ensure that independent assurance services providers that on 1 January 2024 are undergoing the accreditation process in accordance with the relevant national requirements are not subject to the training and examination requirements referred to in point (a) of the first subparagraph as regards the assurance of sustainability reporting, provided they complete that process by 1 January 2026."
csrd,32022L2464,Amendments to Directive 2013/34/EU,Article 29d,SINGLE ELECTRONIC REPORTING FORMAT,article,certificacao,high,0,independent assurance services provider,independent assurance services provider,"Member States shall ensure that independent assurance services providers that on 1 January 2024 are undergoing the accreditation process in accordance with the relevant national requirements are not subject to the training and examination requirements referred to in point (a) of the first subparagraph as regards the assurance of sustainability reporting, provided they complete that process by 1 January 2026."
csrd,32022L2464,Amendments to Directive 2013/34/EU,Article 29d,SINGLE ELECTRONIC REPORTING FORMAT,article,auditoria,high,0,assurance (engagement|opinion|provider|services),assurance services,"Member States shall ensure that independent assurance services providers that on 1 January 2024 are undergoing the accreditation process in accordance with the relevant national requirements are not subject to the training and examination requirements referred to in point (a) of the first subparagraph as regards the assurance of sustainability reporting, provided they complete that process by 1 January 2026."
csrd,32022L2464,Amendments to Directive 2013/34/EU,Article 29d,SINGLE ELECTRONIC REPORTING FORMAT,article,reportar,high,0,sustainability reporting,sustainability reporting,Member States shall ensure that the independent assurance services providers referred to in the third and fourth subparagraphs acquire the necessary knowledge in sustainability reporting and the assurance of sustainability reporting via the continuing education requirement referred to in point (b) of the first subparagraph.
csrd,32022L2464,Amendments to Directive 2013/34/EU,Article 29d,SINGLE ELECTRONIC REPORTING FORMAT,article,certificacao,high,0,independent assurance services provider,independent assurance services provider,Member States shall ensure that the independent assurance services providers referred to in the third and fourth subparagraphs acquire the necessary knowledge in sustainability reporting and the assurance of sustainability reporting via the continuing education requirement referred to in point (b) of the first subparagraph.
csrd,32022L2464,Amendments to Directive 2013/34/EU,Article 29d,SINGLE ELECTRONIC REPORTING FORMAT,article,auditoria,high,0,assurance (engagement|opinion|provider|services),assurance services,Member States shall ensure that the independent assurance services providers referred to in the third and fourth subparagraphs acquire the necessary knowledge in sustainability reporting and the assurance of sustainability reporting via the continuing education requirement referred to in point (b) of the first subparagraph.
csrd,32022L2464,Amendments to Directive 2013/34/EU,Article 29d,SINGLE ELECTRONIC REPORTING FORMAT,article,certificacao,high,0,independent assurance services provider,independent assurance services provider,"If a Member State, pursuant to the first subparagraph, decides to allow an independent assurance services provider to express the opinion referred to in point (aa) of the second subparagraph of paragraph 1, it shall also allow a statutory auditor other than the one(s) carrying out the statutory audit of financial statements to do so, as provided for in paragraph 3."
csrd,32022L2464,Amendments to Directive 2013/34/EU,Article 29d,SINGLE ELECTRONIC REPORTING FORMAT,article,auditoria,high,0,statutory auditor,statutory auditor,"If a Member State, pursuant to the first subparagraph, decides to allow an independent assurance services provider to express the opinion referred to in point (aa) of the second subparagraph of paragraph 1, it shall also allow a statutory auditor other than the one(s) carrying out the statutory audit of financial statements to do so, as provided for in paragraph 3."
csrd,32022L2464,Amendments to Directive 2013/34/EU,Article 29d,SINGLE ELECTRONIC REPORTING FORMAT,article,reportar,high,0,sustainability reporting,sustainability reporting,"5. From 6 January 2027, a Member State that has made use of the option provided for in paragraph 4 (the “host Member State”) shall allow independent assurance services provider established in a Member State other than the host Member State (the “home Member State”) to carry out the assurance of sustainability reporting."
csrd,32022L2464,Amendments to Directive 2013/34/EU,Article 29d,SINGLE ELECTRONIC REPORTING FORMAT,article,certificacao,high,0,independent assurance services provider,independent assurance services provider,"5. From 6 January 2027, a Member State that has made use of the option provided for in paragraph 4 (the “host Member State”) shall allow independent assurance services provider established in a Member State other than the host Member State (the “home Member State”) to carry out the assurance of sustainability reporting."
csrd,32022L2464,Amendments to Directive 2013/34/EU,Article 29d,SINGLE ELECTRONIC REPORTING FORMAT,article,auditoria,high,0,assurance (engagement|opinion|provider|services),assurance services,"5. From 6 January 2027, a Member State that has made use of the option provided for in paragraph 4 (the “host Member State”) shall allow independent assurance services provider established in a Member State other than the host Member State (the “home Member State”) to carry out the assurance of sustainability reporting."
csrd,32022L2464,Amendments to Directive 2013/34/EU,Article 29d,SINGLE ELECTRONIC REPORTING FORMAT,article,reportar,high,0,sustainability reporting,sustainability reporting,"The home Member State shall be responsible for the supervision of the independent assurance services providers established in its territory, unless the host Member State decides to supervise the assurance of sustainability reporting carried out by independent assurance services providers in its territory."
csrd,32022L2464,Amendments to Directive 2013/34/EU,Article 29d,SINGLE ELECTRONIC REPORTING FORMAT,article,certificacao,high,0,independent assurance services provider,independent assurance services provider,"The home Member State shall be responsible for the supervision of the independent assurance services providers established in its territory, unless the host Member State decides to supervise the assurance of sustainability reporting carried out by independent assurance services providers in its territory."
csrd,32022L2464,Amendments to Directive 2013/34/EU,Article 29d,SINGLE ELECTRONIC REPORTING FORMAT,article,auditoria,high,0,assurance (engagement|opinion|provider|services),assurance services,"The home Member State shall be responsible for the supervision of the independent assurance services providers established in its territory, unless the host Member State decides to supervise the assurance of sustainability reporting carried out by independent assurance services providers in its territory."
csrd,32022L2464,Amendments to Directive 2013/34/EU,Article 29d,SINGLE ELECTRONIC REPORTING FORMAT,article,reportar,high,0,sustainability reporting,sustainability reporting,"If the host Member State decides to supervise the assurance of sustainability reporting carried out in its territory by independent assurance services providers registered in another Member State, the host Member State shall:"
csrd,32022L2464,Amendments to Directive 2013/34/EU,Article 29d,SINGLE ELECTRONIC REPORTING FORMAT,article,certificacao,high,0,independent assurance services provider,independent assurance services provider,"If the host Member State decides to supervise the assurance of sustainability reporting carried out in its territory by independent assurance services providers registered in another Member State, the host Member State shall:"
csrd,32022L2464,Amendments to Directive 2013/34/EU,Article 29d,SINGLE ELECTRONIC REPORTING FORMAT,article,auditoria,high,0,assurance (engagement|opinion|provider|services),assurance services,"If the host Member State decides to supervise the assurance of sustainability reporting carried out in its territory by independent assurance services providers registered in another Member State, the host Member State shall:"
csrd,32022L2464,Amendments to Directive 2013/34/EU,Article 29d,SINGLE ELECTRONIC REPORTING FORMAT,article,reportar,high,0,sustainability reporting,sustainability reporting,not impose more stringent requirements or liability on such independent assurance services providers than those required for assurance of sustainability reporting by the national laws for the independent assurance services providers or auditors established in that host Member State; and
csrd,32022L2464,Amendments to Directive 2013/34/EU,Article 29d,SINGLE ELECTRONIC REPORTING FORMAT,article,certificacao,high,0,independent assurance services provider,independent assurance services provider,not impose more stringent requirements or liability on such independent assurance services providers than those required for assurance of sustainability reporting by the national laws for the independent assurance services providers or auditors established in that host Member State; and
csrd,32022L2464,Amendments to Directive 2013/34/EU,Article 29d,SINGLE ELECTRONIC REPORTING FORMAT,article,auditoria,high,0,(EU ETS )?(lead )?auditor,auditor,not impose more stringent requirements or liability on such independent assurance services providers than those required for assurance of sustainability reporting by the national laws for the independent assurance services providers or auditors established in that host Member State; and
csrd,32022L2464,Amendments to Directive 2013/34/EU,Article 29d,SINGLE ELECTRONIC REPORTING FORMAT,article,reportar,high,0,sustainability reporting,sustainability reporting,inform other Member States about its decision to supervise the assurance of sustainability reporting carried out by independent assurance services providers established in other Member States.
csrd,32022L2464,Amendments to Directive 2013/34/EU,Article 29d,SINGLE ELECTRONIC REPORTING FORMAT,article,certificacao,high,0,independent assurance services provider,independent assurance services provider,inform other Member States about its decision to supervise the assurance of sustainability reporting carried out by independent assurance services providers established in other Member States.
csrd,32022L2464,Amendments to Directive 2013/34/EU,Article 29d,SINGLE ELECTRONIC REPORTING FORMAT,article,auditoria,high,0,assurance (engagement|opinion|provider|services),assurance services,inform other Member States about its decision to supervise the assurance of sustainability reporting carried out by independent assurance services providers established in other Member States.
csrd,32022L2464,Amendments to Directive 2013/34/EU,Article 29d,SINGLE ELECTRONIC REPORTING FORMAT,article,reportar,high,0,sustainability reporting,sustainability reporting,"6. Member States shall ensure that where an undertaking is required by Union law to have elements of its sustainability reporting verified by an accredited independent third party, the report of the accredited independent third party is made available either as an annex to the management report or by other publicly accessible means."
csrd,32022L2464,Amendments to Directive 2013/34/EU,Article 29d,SINGLE ELECTRONIC REPORTING FORMAT,article,certificacao,low,0,\baccredited\b,accredited,"6. Member States shall ensure that where an undertaking is required by Union law to have elements of its sustainability reporting verified by an accredited independent third party, the report of the accredited independent third party is made available either as an annex to the management report or by other publicly accessible means."
csrd,32022L2464,Amendments to Directive 2013/34/EU,Article 40a,REPORTING CONCERNING THIRD-COUNTRY UNDERTAKINGS,article,reportar,high,0,sustainability report\b,sustainability report,"1. A Member State shall require that a subsidiary undertaking established in its territory whose ultimate parent undertaking is governed by the law of a third country publish and make accessible a sustainability report covering the information specified in points (a)(iii) to (a)(v), points (b) to (f) and, where appropriate, point (h) of Article 29a(2) at the group level of that ultimate third-country parent undertaking."
csrd,32022L2464,Amendments to Directive 2013/34/EU,Article 40a,REPORTING CONCERNING THIRD-COUNTRY UNDERTAKINGS,article,reportar,high,0,sustainability report\b,sustainability report,"A Member State shall require that a branch located in its territory, and which is a branch of an undertaking governed by the law of a third country, which is either not part of a group or is ultimately held by an undertaking that is formed in accordance with the law of a third country publish and make accessible a sustainability report covering the information specified in points (a)(iii) to (a)(v), points (b) to (f) and, where appropriate, point (h) of Article 29a(2), at the group level, or, if"
csrd,32022L2464,Amendments to Directive 2013/34/EU,Article 40a,REPORTING CONCERNING THIRD-COUNTRY UNDERTAKINGS,article,reportar,high,0,sustainability report\b,sustainability report,2. Member States shall require that the sustainability report communicated by the subsidiary undertaking or branch as referred to in paragraph 1 is drawn up in accordance with the standards adopted pursuant to Article 40b.
csrd,32022L2464,Amendments to Directive 2013/34/EU,Article 40a,REPORTING CONCERNING THIRD-COUNTRY UNDERTAKINGS,article,reportar,high,0,sustainability reporting,sustainability reporting,"By way of derogation from the first subparagraph of this paragraph, the sustainability report referred to in paragraph 1 of this Article may be drawn up in accordance with the sustainability reporting standards adopted pursuant to Article 29b or in a manner equivalent to those sustainability reporting standards, as determined in accordance with an implementing act on the equivalence of sustainability reporting standards adopted pursuant to the third subparagraph of Article 23(4) of Directive 200"
csrd,32022L2464,Amendments to Directive 2013/34/EU,Article 40a,REPORTING CONCERNING THIRD-COUNTRY UNDERTAKINGS,article,reportar,high,0,sustainability report\b,sustainability report,"Where the information required to draw up the sustainability report referred to in the first subparagraph of this paragraph is not available, the subsidiary undertaking or branch referred to in paragraph 1 shall request the third-country undertaking to provide them with all information necessary to enable them to meet their obligations."
csrd,32022L2464,Amendments to Directive 2013/34/EU,Article 40a,REPORTING CONCERNING THIRD-COUNTRY UNDERTAKINGS,article,reportar,high,0,sustainability report\b,sustainability report,"In the event that not all the required information is provided, the subsidiary undertaking or branch referred to in paragraph 1 shall draw up, publish and make accessible the sustainability report referred to in paragraph 1, containing all information in its possession, obtained or acquired, and issue a statement indicating that the third-country undertaking did not make the necessary information available."
csrd,32022L2464,Amendments to Directive 2013/34/EU,Article 40a,REPORTING CONCERNING THIRD-COUNTRY UNDERTAKINGS,article,reportar,high,0,sustainability reporting,sustainability reporting,3. Member States shall require that the sustainability report referred to in paragraph 1 is published accompanied by an assurance opinion expressed by one or more person(s) or firm(s) authorised to give an opinion on the assurance of sustainability reporting under the national law of the third-country undertaking or of a Member State.
csrd,32022L2464,Amendments to Directive 2013/34/EU,Article 40a,REPORTING CONCERNING THIRD-COUNTRY UNDERTAKINGS,article,auditoria,high,0,assurance (engagement|opinion|provider|services),assurance opinion,3. Member States shall require that the sustainability report referred to in paragraph 1 is published accompanied by an assurance opinion expressed by one or more person(s) or firm(s) authorised to give an opinion on the assurance of sustainability reporting under the national law of the third-country undertaking or of a Member State.
csrd,32022L2464,Amendments to Directive 2013/34/EU,Article 40a,REPORTING CONCERNING THIRD-COUNTRY UNDERTAKINGS,article,auditoria,high,0,assurance (engagement|opinion|provider|services),assurance opinion,"In the event that the third-country undertaking does not provide the assurance opinion in accordance with the first subparagraph, the subsidiary undertaking or branch shall issue a statement indicating that the third-country undertaking did not make the necessary assurance opinion available."
csrd,32022L2464,Amendments to Directive 2013/34/EU,Article 40a,REPORTING CONCERNING THIRD-COUNTRY UNDERTAKINGS,article,reportar,high,0,sustainability report\b,sustainability report,4. Member States may inform the Commission on an annual basis of the subsidiary undertakings or branches of third-country undertakings that fulfilled the publication requirement laid down in Article 40d and of the cases where a report was published but where the subsidiary undertaking or branch has acted in accordance with the fourth subparagraph of paragraph 2 of this Article. The Commission shall make publicly available on its website a list of the third-country undertakings that publish a sus
csrd,32022L2464,Amendments to Directive 2013/34/EU,Article 40b,REPORTING CONCERNING THIRD-COUNTRY UNDERTAKINGS,article,reportar,high,0,sustainability reporting,Sustainability reporting,Sustainability reporting standards for third-country undertakings
csrd,32022L2464,Amendments to Directive 2013/34/EU,Article 40b,REPORTING CONCERNING THIRD-COUNTRY UNDERTAKINGS,article,reportar,high,0,sustainability reporting,sustainability reporting,The Commission shall adopt by 30 June 2024 a delegated act in accordance with Article 49 supplementing this Directive to provide for sustainability reporting standards for third-country undertakings that specify the information that is to be included in the sustainability reports referred to in Article 40a.
csrd,32022L2464,Amendments to Directive 2013/34/EU,Article 40c,REPORTING CONCERNING THIRD-COUNTRY UNDERTAKINGS,article,reportar,high,0,sustainability report\b,sustainability report,"Member States shall provide that the branches of third-country undertakings are responsible for ensuring, to the best of their knowledge and ability, that their sustainability report is drawn up in accordance with Article 40a, and that that report is published and made accessible in accordance with Article 40d."
csrd,32022L2464,Amendments to Directive 2013/34/EU,Article 40c,REPORTING CONCERNING THIRD-COUNTRY UNDERTAKINGS,article,reportar,high,0,sustainability report\b,sustainability report,"Member States shall provide that the members of the administrative, management and supervisory bodies of the subsidiary undertakings referred to in Article 40a have collective responsibility for ensuring, to the best of their knowledge and ability, that their sustainability report is drawn up in accordance with Article 40a, and that that report is published and made accessible in accordance with Article 40d."
csrd,32022L2464,Amendments to Directive 2013/34/EU,Article 40d,REPORTING CONCERNING THIRD-COUNTRY UNDERTAKINGS,article,reportar,high,0,sustainability report\b,sustainability report,"1. The subsidiary undertakings and branches referred to in Article 40a(1) of this Directive shall publish their sustainability report, together with the assurance opinion and, where applicable, the statement mentioned in the fourth subparagraph of Article 40a(2) of this Directive, within 12 months of the balance sheet date of the financial year for which the report is drawn up, as provided for by each Member State, in accordance with Articles 14 to 28 of Directive (EU) 2017/1132 and, where relev"
csrd,32022L2464,Amendments to Directive 2013/34/EU,Article 40d,REPORTING CONCERNING THIRD-COUNTRY UNDERTAKINGS,article,auditoria,high,0,assurance (engagement|opinion|provider|services),assurance opinion,"1. The subsidiary undertakings and branches referred to in Article 40a(1) of this Directive shall publish their sustainability report, together with the assurance opinion and, where applicable, the statement mentioned in the fourth subparagraph of Article 40a(2) of this Directive, within 12 months of the balance sheet date of the financial year for which the report is drawn up, as provided for by each Member State, in accordance with Articles 14 to 28 of Directive (EU) 2017/1132 and, where relev"
csrd,32022L2464,Amendments to Directive 2013/34/EU,Article 40d,REPORTING CONCERNING THIRD-COUNTRY UNDERTAKINGS,article,reportar,high,0,sustainability report\b,sustainability report,"2. Where the sustainability report together with the assurance opinion and, where applicable, with the statement published in accordance with paragraph 1 of this Article, are not made accessible, free of charge, to the public on the website of the register referred to in Article 16 of Directive (EU) 2017/1132, Member States shall ensure that the sustainability report together with the assurance opinion and, where applicable, with the statement published by the undertakings in accordance with par"
csrd,32022L2464,Amendments to Directive 2013/34/EU,Article 40d,REPORTING CONCERNING THIRD-COUNTRY UNDERTAKINGS,article,auditoria,high,0,assurance (engagement|opinion|provider|services),assurance opinion,"2. Where the sustainability report together with the assurance opinion and, where applicable, with the statement published in accordance with paragraph 1 of this Article, are not made accessible, free of charge, to the public on the website of the register referred to in Article 16 of Directive (EU) 2017/1132, Member States shall ensure that the sustainability report together with the assurance opinion and, where applicable, with the statement published by the undertakings in accordance with par"
csrd,32022L2464,Amendments to Directive 2013/34/EU,‘Article 48i,TRANSITIONAL AND FINAL PROVISIONS ’;,article,reportar,high,0,sustainability reporting,sustainability reporting,"1. Until 6 January 2030, Member States shall permit a Union subsidiary undertaking which is subject to Article 19a or 29a and whose parent undertaking is not governed by the law of a Member State to prepare consolidated sustainability reporting, in accordance with the requirements of Article 29a, that includes all Union subsidiary undertakings of such parent undertaking that are subject to Article 19a or 29a."
csrd,32022L2464,Amendments to Directive 2013/34/EU,‘Article 48i,TRANSITIONAL AND FINAL PROVISIONS ’;,article,reportar,high,0,sustainability reporting,sustainability reporting,"Until 6 January 2030, Member States shall permit the consolidated sustainability reporting referred to in the first subparagraph of this paragraph to include the disclosures laid down in Article 8 of Regulation (EU) 2020/852, covering the activities carried out by all Union subsidiary undertakings of the parent undertaking referred to in the first subparagraph of this paragraph that are subject to Article 19a or 29a of this Directive."
csrd,32022L2464,Amendments to Directive 2013/34/EU,‘Article 48i,TRANSITIONAL AND FINAL PROVISIONS ’;,article,reportar,high,0,sustainability reporting,sustainability reporting,3. The consolidated sustainability reporting referred to in paragraph 1 of this Article shall be published in accordance with Article 30.
csrd,32022L2464,Amendments to Directive 2013/34/EU,‘Article 48i,TRANSITIONAL AND FINAL PROVISIONS ’;,article,reportar,low,0,\breport\b,report,"‘2. The power to adopt delegated acts referred to in Article 1(2), Article 3(13), Articles 29b, 29c and 40b, and Article 46(2) shall be conferred on the Commission for a period of 5 years from 5 January 2023. The Commission shall draw up a report in respect of the delegation of power not later than nine months before the end of the 5-year period. The delegation of power shall be tacitly extended for periods of an identical duration, unless the European Parliament or the Council opposes such exte"
csrd,32022L2464,Amendments to Directive 2013/34/EU,‘Article 48i,TRANSITIONAL AND FINAL PROVISIONS ’;,article,reportar,high,0,sustainability reporting,sustainability reporting,participation in EFRAG’s work at technical level is based on expertise in sustainability reporting and is not conditional on a financial contribution.
csrd,32022L2464,Amendments to Directive 2013/34/EU,‘Article 48i,TRANSITIONAL AND FINAL PROVISIONS ’;,article,auditoria,low,0,\baudit\w*,Auditing,"The Commission shall also consult the European Environment Agency, the European Union Agency for Fundamental Rights, the European Central Bank, the Committee of European Auditing Oversight Bodies and the Platform on Sustainable Finance established pursuant to Article 20 of Regulation (EU) 2020/852 on the technical advice provided by EFRAG prior to the adoption of delegated acts referred to in Articles 29b and 29c of this Directive. If any of those bodies decide to submit an opinion, they shall d"
csrd,32022L2464,Amendments to Directive 2004/109/EC,Article 2,TRANSITIONAL AND FINAL PROVISIONS ’;,article,reportar,high,0,sustainability reporting,sustainability reporting,“sustainability reporting” means sustainability reporting as defined in point (18) of Article 2 of Directive 2013/34/EU of the European Parliament and of the Council (*23).
csrd,32022L2464,Amendments to Directive 2004/109/EC,Article 2,TRANSITIONAL AND FINAL PROVISIONS ’;,article,reportar,high,0,sustainability reporting,sustainability reporting,"statements made by the persons responsible within the issuer, whose names and functions shall be clearly indicated, to the effect that, to the best of their knowledge, the financial statements prepared in accordance with the applicable set of accounting standards give a true and fair view of the assets, liabilities, financial position and profit or loss of the issuer and the undertakings included in the consolidation taken as a whole and that the management report includes a fair review of the d"
csrd,32022L2464,Amendments to Directive 2004/109/EC,Article 2,TRANSITIONAL AND FINAL PROVISIONS ’;,article,auditoria,low,0,\baudit\w*,audited,‘4. The financial statements shall be audited in accordance with the first subparagraph of Article 34(1) and Article 34(2) of Directive 2013/34/EU.
csrd,32022L2464,Amendments to Directive 2004/109/EC,Article 2,TRANSITIONAL AND FINAL PROVISIONS ’;,article,reportar,high,0,management report,management report,The statutory auditor shall deliver the opinion and statement on the management report referred to in points (a) and (b) of the second subparagraph of Article 34(1) and in Article 34(2) of Directive 2013/34/EU.
csrd,32022L2464,Amendments to Directive 2004/109/EC,Article 2,TRANSITIONAL AND FINAL PROVISIONS ’;,article,auditoria,high,0,statutory auditor,statutory auditor,The statutory auditor shall deliver the opinion and statement on the management report referred to in points (a) and (b) of the second subparagraph of Article 34(1) and in Article 34(2) of Directive 2013/34/EU.
csrd,32022L2464,Amendments to Directive 2004/109/EC,Article 2,TRANSITIONAL AND FINAL PROVISIONS ’;,article,reportar,low,0,\breport\b,report,"The audit report, referred to in Article 28 of Directive 2006/43/EC of the European Parliament and of the Council (*25), signed by the person or persons responsible for carrying out the work set out in Article 34(1) and (2) of Directive 2013/34/EU shall be disclosed in full to the public together with the annual financial report."
csrd,32022L2464,Amendments to Directive 2004/109/EC,Article 2,TRANSITIONAL AND FINAL PROVISIONS ’;,article,auditoria,low,0,\baudit\w*,audit,"The audit report, referred to in Article 28 of Directive 2006/43/EC of the European Parliament and of the Council (*25), signed by the person or persons responsible for carrying out the work set out in Article 34(1) and (2) of Directive 2013/34/EU shall be disclosed in full to the public together with the annual financial report."
csrd,32022L2464,Amendments to Directive 2004/109/EC,Article 2,TRANSITIONAL AND FINAL PROVISIONS ’;,article,reportar,high,0,sustainability reporting,sustainability reporting,"Where applicable, an assurance opinion on sustainability reporting shall be provided in accordance with point (aa) of the second subparagraph of Article 34(1) and Article 34(2) to (5) of Directive 2013/34/EU."
csrd,32022L2464,Amendments to Directive 2004/109/EC,Article 2,TRANSITIONAL AND FINAL PROVISIONS ’;,article,auditoria,high,0,assurance (engagement|opinion|provider|services),assurance opinion,"Where applicable, an assurance opinion on sustainability reporting shall be provided in accordance with point (aa) of the second subparagraph of Article 34(1) and Article 34(2) to (5) of Directive 2013/34/EU."
csrd,32022L2464,Amendments to Directive 2004/109/EC,Article 2,TRANSITIONAL AND FINAL PROVISIONS ’;,article,reportar,high,0,sustainability reporting,sustainability reporting,The assurance report on sustainability reporting referred to in Article 28a of Directive 2006/43/EC shall be disclosed in full to the public together with the annual financial report.
csrd,32022L2464,Amendments to Directive 2004/109/EC,Article 2,TRANSITIONAL AND FINAL PROVISIONS ’;,article,auditoria,low,0,\bassurance\b,assurance,The assurance report on sustainability reporting referred to in Article 28a of Directive 2006/43/EC shall be disclosed in full to the public together with the annual financial report.
csrd,32022L2464,Amendments to Directive 2004/109/EC,Article 2,TRANSITIONAL AND FINAL PROVISIONS ’;,article,reportar,high,0,management report,management report,"5. The management report shall be drawn up in accordance with Articles 19, 19a and 20, and Article 29d(1) of Directive 2013/34/EU, and shall include the specifications adopted pursuant to Article 8(4) of Regulation (EU) 2020/852, when drawn up by undertakings referred to in those provisions."
csrd,32022L2464,Amendments to Directive 2004/109/EC,Article 2,TRANSITIONAL AND FINAL PROVISIONS ’;,article,reportar,high,0,management report,management report,"Where the issuer is required to prepare consolidated accounts, the consolidated management report shall be drawn up in accordance with Articles 29 and 29a and Article 29d(2) of Directive 2013/34/EU and shall include the specifications adopted pursuant to Article 8(4) of Regulation (EU) 2020/852, when drawn up by undertakings referred to in those provisions."
csrd,32022L2464,Amendments to Directive 2004/109/EC,Article 2,TRANSITIONAL AND FINAL PROVISIONS ’;,article,reportar,high,0,sustainability reporting,sustainability reporting,"‘The Commission shall, in accordance with the procedure referred to in Article 27(2) of this Directive, take the necessary decisions on the equivalence of accounting standards under the conditions set out in Article 30(3) of this Directive and on the equivalence of sustainability reporting standards as referred to in Article 29b of Directive 2013/34/EU which are used by third-country issuers. If the Commission decides that the accounting standards or the sustainability reporting standards of a t"
csrd,32022L2464,Amendments to Directive 2004/109/EC,Article 2,TRANSITIONAL AND FINAL PROVISIONS ’;,article,reportar,high,0,sustainability reporting,sustainability reporting,"In the context of the third subparagraph of this paragraph, the Commission shall also adopt, by means of delegated acts adopted in accordance with Article 27(2a), (2b) and (2c), and subject to the conditions laid down in Articles 27a and 27b, measures that aim to establish general equivalence criteria regarding accounting standards and sustainability reporting standards relevant to issuers of more than one country.’;"
csrd,32022L2464,Amendments to Directive 2004/109/EC,Article 2,TRANSITIONAL AND FINAL PROVISIONS ’;,article,reportar,high,0,sustainability reporting,sustainability reporting,‘The criteria that the Commission shall use when assessing the equivalence of sustainability reporting standards used by third-country issuers referred to in the third subparagraph shall at least ensure the following:
csrd,32022L2464,Amendments to Directive 2004/109/EC,Article 2,TRANSITIONAL AND FINAL PROVISIONS ’;,article,reportar,high,0,sustainability reporting,sustainability reporting,"that the sustainability reporting standards require undertakings to disclose information on environmental, social and governance factors;"
csrd,32022L2464,Amendments to Directive 2004/109/EC,Article 2,TRANSITIONAL AND FINAL PROVISIONS ’;,article,reportar,high,0,sustainability reporting,sustainability reporting,"that the sustainability reporting standards require undertakings to disclose information necessary to understand their impacts on sustainability matters, and information necessary to understand how sustainability matters affect their development, performance and position.’;"
csrd,32022L2464,Amendments to Directive 2004/109/EC,‘Article 28d,TRANSITIONAL AND FINAL PROVISIONS ’;,article,reportar,high,0,sustainability reporting,sustainability reporting,"After consulting the European Environment Agency and the European Union Agency for Fundamental Rights, ESMA shall issue guidelines in accordance with Article 16 of Regulation (EU) No 1095/2010 on the supervision of sustainability reporting by national competent authorities.’."
csrd,32022L2464,Amendments to Directive 2006/43/EC,‘Article 1,TRANSITIONAL AND FINAL PROVISIONS ’;,article,reportar,high,0,sustainability reporting,sustainability reporting,This Directive establishes rules concerning the statutory audit of annual and consolidated accounts and the assurance of annual and consolidated sustainability reporting.’;
csrd,32022L2464,Amendments to Directive 2006/43/EC,‘Article 1,TRANSITIONAL AND FINAL PROVISIONS ’;,article,auditoria,low,0,\baudit\w*,audit,This Directive establishes rules concerning the statutory audit of annual and consolidated accounts and the assurance of annual and consolidated sustainability reporting.’;
csrd,32022L2464,Amendments to Directive 2006/43/EC,‘Article 1,TRANSITIONAL AND FINAL PROVISIONS ’;,article,reportar,high,0,sustainability reporting,sustainability reporting,"“statutory auditor” means a natural person who is approved in accordance with this Directive by the competent authorities of a Member State to carry out statutory audits and, where applicable, the assurance of sustainability reporting;"
csrd,32022L2464,Amendments to Directive 2006/43/EC,‘Article 1,TRANSITIONAL AND FINAL PROVISIONS ’;,article,auditoria,high,0,statutory auditor,statutory auditor,"“statutory auditor” means a natural person who is approved in accordance with this Directive by the competent authorities of a Member State to carry out statutory audits and, where applicable, the assurance of sustainability reporting;"
csrd,32022L2464,Amendments to Directive 2006/43/EC,‘Article 1,TRANSITIONAL AND FINAL PROVISIONS ’;,article,reportar,high,0,sustainability reporting,sustainability reporting,"“audit firm” means a legal person or any other entity, regardless of its legal form, that is approved in accordance with this Directive by the competent authorities of a Member State to carry out statutory audits and, where applicable, the assurance of sustainability reporting;"
csrd,32022L2464,Amendments to Directive 2006/43/EC,‘Article 1,TRANSITIONAL AND FINAL PROVISIONS ’;,article,auditoria,high,0,audit firm,audit firm,"“audit firm” means a legal person or any other entity, regardless of its legal form, that is approved in accordance with this Directive by the competent authorities of a Member State to carry out statutory audits and, where applicable, the assurance of sustainability reporting;"
csrd,32022L2464,Amendments to Directive 2006/43/EC,‘Article 1,TRANSITIONAL AND FINAL PROVISIONS ’;,article,reportar,high,0,sustainability reporting,sustainability reporting,"“third-country audit entity” means an entity, regardless of its legal form, which carries out audits of the annual or consolidated financial statements, or, where applicable, the assurance of sustainability reporting of a company incorporated in a third country, other than an entity which is registered as an audit firm in any Member State as a consequence of approval in accordance with Article 3;"
csrd,32022L2464,Amendments to Directive 2006/43/EC,‘Article 1,TRANSITIONAL AND FINAL PROVISIONS ’;,article,auditoria,high,0,audit firm,audit firm,"“third-country audit entity” means an entity, regardless of its legal form, which carries out audits of the annual or consolidated financial statements, or, where applicable, the assurance of sustainability reporting of a company incorporated in a third country, other than an entity which is registered as an audit firm in any Member State as a consequence of approval in accordance with Article 3;"
csrd,32022L2464,Amendments to Directive 2006/43/EC,‘Article 1,TRANSITIONAL AND FINAL PROVISIONS ’;,article,reportar,high,0,sustainability reporting,sustainability reporting,"“third-country auditor” means a natural person who carries out audits of the annual or consolidated financial statements or, where applicable, the assurance of sustainability reporting of a company incorporated in a third country, other than a person who is registered as a statutory auditor in any Member State as a consequence of approval in accordance with Articles 3 and 44;"
csrd,32022L2464,Amendments to Directive 2006/43/EC,‘Article 1,TRANSITIONAL AND FINAL PROVISIONS ’;,article,auditoria,high,0,statutory auditor,statutory auditor,"“third-country auditor” means a natural person who carries out audits of the annual or consolidated financial statements or, where applicable, the assurance of sustainability reporting of a company incorporated in a third country, other than a person who is registered as a statutory auditor in any Member State as a consequence of approval in accordance with Articles 3 and 44;"
csrd,32022L2464,Amendments to Directive 2006/43/EC,‘Article 1,TRANSITIONAL AND FINAL PROVISIONS ’;,article,reportar,high,0,sustainability reporting,sustainability reporting,"“group auditor” means the statutory auditor(s) or audit firm(s) carrying out the statutory audit of the consolidated accounts or, where applicable, the assurance of consolidated sustainability reporting;’;"
csrd,32022L2464,Amendments to Directive 2006/43/EC,‘Article 1,TRANSITIONAL AND FINAL PROVISIONS ’;,article,auditoria,high,0,statutory auditor,statutory auditor,"“group auditor” means the statutory auditor(s) or audit firm(s) carrying out the statutory audit of the consolidated accounts or, where applicable, the assurance of consolidated sustainability reporting;’;"
csrd,32022L2464,Amendments to Directive 2006/43/EC,‘Article 1,TRANSITIONAL AND FINAL PROVISIONS ’;,article,reportar,high,0,sustainability reporting,sustainability reporting,the statutory auditor(s) designated by an audit firm for a particular assurance engagement concerning sustainability reporting as being primarily responsible for carrying out the assurance of sustainability reporting on behalf of the audit firm; or
csrd,32022L2464,Amendments to Directive 2006/43/EC,‘Article 1,TRANSITIONAL AND FINAL PROVISIONS ’;,article,auditoria,high,0,statutory auditor,statutory auditor,the statutory auditor(s) designated by an audit firm for a particular assurance engagement concerning sustainability reporting as being primarily responsible for carrying out the assurance of sustainability reporting on behalf of the audit firm; or
csrd,32022L2464,Amendments to Directive 2006/43/EC,‘Article 1,TRANSITIONAL AND FINAL PROVISIONS ’;,article,reportar,high,0,sustainability reporting,sustainability reporting,in the case of the assurance of consolidated sustainability reporting at least the statutory auditor(s) designated by an audit firm as being primarily responsible for carrying out the assurance of sustainability reporting at the level of the group and the statutory auditor(s) designated as being primarily responsible at the level of material subsidiaries; or
csrd,32022L2464,Amendments to Directive 2006/43/EC,‘Article 1,TRANSITIONAL AND FINAL PROVISIONS ’;,article,auditoria,high,0,statutory auditor,statutory auditor,in the case of the assurance of consolidated sustainability reporting at least the statutory auditor(s) designated by an audit firm as being primarily responsible for carrying out the assurance of sustainability reporting at the level of the group and the statutory auditor(s) designated as being primarily responsible at the level of material subsidiaries; or
csrd,32022L2464,Amendments to Directive 2006/43/EC,‘Article 1,TRANSITIONAL AND FINAL PROVISIONS ’;,article,reportar,high,0,sustainability reporting,sustainability reporting,the statutory auditor(s) who sign(s) the assurance report on sustainability reporting referred to in Article 28a;’;
csrd,32022L2464,Amendments to Directive 2006/43/EC,‘Article 1,TRANSITIONAL AND FINAL PROVISIONS ’;,article,auditoria,high,0,statutory auditor,statutory auditor,the statutory auditor(s) who sign(s) the assurance report on sustainability reporting referred to in Article 28a;’;
csrd,32022L2464,Amendments to Directive 2006/43/EC,‘Article 1,TRANSITIONAL AND FINAL PROVISIONS ’;,article,reportar,high,0,sustainability reporting,sustainability reporting,“sustainability reporting” means sustainability reporting as defined in point (18) of Article 2 of Directive 2013/34/EU;
csrd,32022L2464,Amendments to Directive 2006/43/EC,‘Article 1,TRANSITIONAL AND FINAL PROVISIONS ’;,article,reportar,high,0,sustainability reporting,sustainability reporting,“assurance of sustainability reporting” means the performance of procedures resulting in the opinion expressed by the statutory auditor or audit firm in accordance with point (aa) of the second subparagraph of Article 34(1) and Article 34(2) of Directive 2013/34/EU;
csrd,32022L2464,Amendments to Directive 2006/43/EC,‘Article 1,TRANSITIONAL AND FINAL PROVISIONS ’;,article,auditoria,high,0,statutory auditor,statutory auditor,“assurance of sustainability reporting” means the performance of procedures resulting in the opinion expressed by the statutory auditor or audit firm in accordance with point (aa) of the second subparagraph of Article 34(1) and Article 34(2) of Directive 2013/34/EU;
csrd,32022L2464,Amendments to Directive 2006/43/EC,‘Article 1,TRANSITIONAL AND FINAL PROVISIONS ’;,article,certificacao,high,0,conformity assessment (body|bodies),conformity assessment body,“independent assurance services provider” means a conformity assessment body accredited in accordance with Regulation (EC) No 765/2008 of the European Parliament and of the Council (*26) for the specific conformity assessment activity referred to in point (aa) of the second subparagraph of Article 34(1) of Directive 2013/34/EU.
csrd,32022L2464,Amendments to Directive 2006/43/EC,‘Article 1,TRANSITIONAL AND FINAL PROVISIONS ’;,article,auditoria,high,0,assurance (engagement|opinion|provider|services),assurance services,“independent assurance services provider” means a conformity assessment body accredited in accordance with Regulation (EC) No 765/2008 of the European Parliament and of the Council (*26) for the specific conformity assessment activity referred to in point (aa) of the second subparagraph of Article 34(1) of Directive 2013/34/EU.
csrd,32022L2464,Amendments to Directive 2006/43/EC,‘Article 6,TRANSITIONAL AND FINAL PROVISIONS ’;,article,auditoria,low,0,\baudit\w*,audit,"1. Without prejudice to Article 11, a natural person may be approved to carry out a statutory audit only after having attained university entrance or equivalent level, then completed a course of theoretical instruction, undergone practical training and passed an examination of professional competence of university final or equivalent examination level, organised or recognised by the Member State concerned."
csrd,32022L2464,Amendments to Directive 2006/43/EC,‘Article 6,TRANSITIONAL AND FINAL PROVISIONS ’;,article,reportar,high,0,sustainability reporting,sustainability reporting,"2. A natural person may, in addition to the approval to carry out statutory audits provided for in paragraph 1 of this Article, be approved to carry out the assurance of sustainability reporting when the additional specific requirements of Article 7(2), Article 8(3), the second subparagraph of Article 10(1) and the fourth subparagraph of Article 14(2) of this Directive are met."
csrd,32022L2464,Amendments to Directive 2006/43/EC,‘Article 6,TRANSITIONAL AND FINAL PROVISIONS ’;,article,auditoria,low,0,\baudit\w*,audits,"2. A natural person may, in addition to the approval to carry out statutory audits provided for in paragraph 1 of this Article, be approved to carry out the assurance of sustainability reporting when the additional specific requirements of Article 7(2), Article 8(3), the second subparagraph of Article 10(1) and the fourth subparagraph of Article 14(2) of this Directive are met."
csrd,32022L2464,Amendments to Directive 2006/43/EC,‘Article 6,TRANSITIONAL AND FINAL PROVISIONS ’;,article,reportar,high,0,sustainability reporting,sustainability reporting,"3. The competent authorities referred to in Article 32 shall cooperate with each other with a view to achieving a convergence of the requirements set out in this Article. When engaging in such cooperation, those competent authorities shall take into account developments in auditing and in the audit profession and, in particular, convergence that has already been achieved by the profession. They shall cooperate with the Committee of European Auditing Oversight Bodies (CEAOB) and the competent aut"
csrd,32022L2464,Amendments to Directive 2006/43/EC,‘Article 6,TRANSITIONAL AND FINAL PROVISIONS ’;,article,auditoria,low,0,\baudit\w*,auditing,"3. The competent authorities referred to in Article 32 shall cooperate with each other with a view to achieving a convergence of the requirements set out in this Article. When engaging in such cooperation, those competent authorities shall take into account developments in auditing and in the audit profession and, in particular, convergence that has already been achieved by the profession. They shall cooperate with the Committee of European Auditing Oversight Bodies (CEAOB) and the competent aut"
csrd,32022L2464,Amendments to Directive 2006/43/EC,‘Article 7,TRANSITIONAL AND FINAL PROVISIONS ’;,article,auditoria,low,0,\baudit\w*,audit,1. The examination of professional competence referred to in Article 6 shall guarantee the necessary level of theoretical knowledge of subjects relevant to statutory audit and the ability to apply such knowledge in practice. At least part of that examination shall be written.
csrd,32022L2464,Amendments to Directive 2006/43/EC,‘Article 7,TRANSITIONAL AND FINAL PROVISIONS ’;,article,reportar,high,0,sustainability reporting,sustainability reporting,"2. In order for the statutory auditor to also be approved to carry out the assurance of sustainability reporting, the examination of professional competence referred to in Article 6 shall guarantee the necessary level of theoretical knowledge of subjects relevant to the assurance of sustainability reporting and the ability to apply such knowledge in practice. At least part of that examination shall be written.’;"
csrd,32022L2464,Amendments to Directive 2006/43/EC,‘Article 7,TRANSITIONAL AND FINAL PROVISIONS ’;,article,auditoria,high,0,statutory auditor,statutory auditor,"2. In order for the statutory auditor to also be approved to carry out the assurance of sustainability reporting, the examination of professional competence referred to in Article 6 shall guarantee the necessary level of theoretical knowledge of subjects relevant to the assurance of sustainability reporting and the ability to apply such knowledge in practice. At least part of that examination shall be written.’;"
csrd,32022L2464,Amendments to Directive 2006/43/EC,‘Article 7,TRANSITIONAL AND FINAL PROVISIONS ’;,article,reportar,high,0,sustainability reporting,sustainability reporting,"‘3. In order for the statutory auditor to also be approved to carry out the assurance of sustainability reporting, the test of theoretical knowledge referred to in paragraph 1 shall also cover at least the following subjects:"
csrd,32022L2464,Amendments to Directive 2006/43/EC,‘Article 7,TRANSITIONAL AND FINAL PROVISIONS ’;,article,auditoria,high,0,statutory auditor,statutory auditor,"‘3. In order for the statutory auditor to also be approved to carry out the assurance of sustainability reporting, the test of theoretical knowledge referred to in paragraph 1 shall also cover at least the following subjects:"
csrd,32022L2464,Amendments to Directive 2006/43/EC,‘Article 7,TRANSITIONAL AND FINAL PROVISIONS ’;,article,reportar,high,0,sustainability reporting,sustainability reporting,legal requirements and standards relating to the preparation of annual and consolidated sustainability reporting;
csrd,32022L2464,Amendments to Directive 2006/43/EC,‘Article 7,TRANSITIONAL AND FINAL PROVISIONS ’;,article,reportar,high,0,sustainability reporting,sustainability reporting,legal requirements and assurance standards for the sustainability reporting referred to in Article 26a.’;
csrd,32022L2464,Amendments to Directive 2006/43/EC,‘Article 7,TRANSITIONAL AND FINAL PROVISIONS ’;,article,auditoria,low,0,\bassurance\b,assurance,legal requirements and assurance standards for the sustainability reporting referred to in Article 26a.’;
csrd,32022L2464,Amendments to Directive 2006/43/EC,‘Article 7,TRANSITIONAL AND FINAL PROVISIONS ’;,article,reportar,high,0,sustainability reporting,sustainability reporting,"‘In order for the statutory auditor or the trainee to also be approved to carry out the assurance of sustainability reporting, at least eight months of the practical training referred to in the first subparagraph shall be on the assurance of annual and consolidated sustainability reporting or on other sustainability-related services.’;"
csrd,32022L2464,Amendments to Directive 2006/43/EC,‘Article 7,TRANSITIONAL AND FINAL PROVISIONS ’;,article,auditoria,high,0,statutory auditor,statutory auditor,"‘In order for the statutory auditor or the trainee to also be approved to carry out the assurance of sustainability reporting, at least eight months of the practical training referred to in the first subparagraph shall be on the assurance of annual and consolidated sustainability reporting or on other sustainability-related services.’;"
csrd,32022L2464,Amendments to Directive 2006/43/EC,‘Article 12,TRANSITIONAL AND FINAL PROVISIONS ’;,article,reportar,high,0,sustainability reporting,sustainability reporting,"‘In order for the statutory auditor to also be approved to carry out the assurance of sustainability reporting, the aptitude test referred to in the first subparagraph shall cover the statutory auditor’s adequate knowledge of the laws and regulations of the host Member State in so far as it is relevant to the assurance of sustainability reporting.’;"
csrd,32022L2464,Amendments to Directive 2006/43/EC,‘Article 12,TRANSITIONAL AND FINAL PROVISIONS ’;,article,auditoria,high,0,statutory auditor,statutory auditor,"‘In order for the statutory auditor to also be approved to carry out the assurance of sustainability reporting, the aptitude test referred to in the first subparagraph shall cover the statutory auditor’s adequate knowledge of the laws and regulations of the host Member State in so far as it is relevant to the assurance of sustainability reporting.’;"
csrd,32022L2464,Amendments to Directive 2006/43/EC,‘Article 14a,TRANSITIONAL AND FINAL PROVISIONS ’;,article,auditoria,high,0,statutory auditor,Statutory auditor,Statutory auditors approved or recognised before 1 January 2024 and persons undergoing the approval process for statutory auditors on 1 January 2024
csrd,32022L2464,Amendments to Directive 2006/43/EC,‘Article 14a,TRANSITIONAL AND FINAL PROVISIONS ’;,article,auditoria,high,0,statutory auditor,statutory auditor,"Member States shall ensure that statutory auditors that are approved or recognised to carry out statutory audits before 1 January 2024 are not subject to the requirements of Article 7(2), Article 8(3), the second subparagraph of Article 10(1) and the fourth subparagraph of Article 14(2)."
csrd,32022L2464,Amendments to Directive 2006/43/EC,‘Article 14a,TRANSITIONAL AND FINAL PROVISIONS ’;,article,reportar,high,0,sustainability reporting,sustainability reporting,"Member States shall ensure that statutory auditors approved before 1 January 2026 who wish to carry out the assurance of sustainability reporting acquire the necessary knowledge of sustainability reporting and the assurance of sustainability reporting, including of the subjects listed in Article 8(3), via the continuing education referred to in Article 13.’;"
csrd,32022L2464,Amendments to Directive 2006/43/EC,‘Article 14a,TRANSITIONAL AND FINAL PROVISIONS ’;,article,auditoria,high,0,statutory auditor,statutory auditor,"Member States shall ensure that statutory auditors approved before 1 January 2026 who wish to carry out the assurance of sustainability reporting acquire the necessary knowledge of sustainability reporting and the assurance of sustainability reporting, including of the subjects listed in Article 8(3), via the continuing education referred to in Article 13.’;"
csrd,32022L2464,Amendments to Directive 2006/43/EC,‘Article 14a,TRANSITIONAL AND FINAL PROVISIONS ’;,article,auditoria,high,0,statutory auditor,statutory auditor,"‘1. As regards statutory auditors, the public register shall contain at least the following information:"
csrd,32022L2464,Amendments to Directive 2006/43/EC,‘Article 14a,TRANSITIONAL AND FINAL PROVISIONS ’;,article,auditoria,high,0,statutory auditor,statutory auditor,"if applicable, the name, address, website address and registration number of the audit firm(s) by which the statutory auditor is employed, or with whom he or she is associated as a partner or otherwise;"
csrd,32022L2464,Amendments to Directive 2006/43/EC,‘Article 14a,TRANSITIONAL AND FINAL PROVISIONS ’;,article,reportar,high,0,sustainability reporting,sustainability reporting,whether the statutory auditor is also approved for carrying out the assurance of sustainability reporting;
csrd,32022L2464,Amendments to Directive 2006/43/EC,‘Article 14a,TRANSITIONAL AND FINAL PROVISIONS ’;,article,auditoria,high,0,statutory auditor,statutory auditor,whether the statutory auditor is also approved for carrying out the assurance of sustainability reporting;
csrd,32022L2464,Amendments to Directive 2006/43/EC,‘Article 14a,TRANSITIONAL AND FINAL PROVISIONS ’;,article,reportar,high,0,sustainability reporting,sustainability reporting,"all other registration(s) as statutory auditor with the competent authorities of other Member States and as auditor with third countries, including the name(s) of the registration authority(ies), and, if applicable, the registration number(s), and an indication of whether the registration concerns the statutory audit, the assurance of sustainability reporting, or both.’;"
csrd,32022L2464,Amendments to Directive 2006/43/EC,‘Article 14a,TRANSITIONAL AND FINAL PROVISIONS ’;,article,auditoria,high,0,statutory auditor,statutory auditor,"all other registration(s) as statutory auditor with the competent authorities of other Member States and as auditor with third countries, including the name(s) of the registration authority(ies), and, if applicable, the registration number(s), and an indication of whether the registration concerns the statutory audit, the assurance of sustainability reporting, or both.’;"
csrd,32022L2464,Amendments to Directive 2006/43/EC,‘Article 14a,TRANSITIONAL AND FINAL PROVISIONS ’;,article,reportar,high,0,sustainability reporting,sustainability reporting,"‘The register shall indicate whether third-country auditors as referred to in the first subparagraph are registered for carrying out the statutory audit, the assurance of sustainability reporting, or both.’;"
csrd,32022L2464,Amendments to Directive 2006/43/EC,‘Article 14a,TRANSITIONAL AND FINAL PROVISIONS ’;,article,auditoria,high,0,(EU ETS )?(lead )?auditor,auditor,"‘The register shall indicate whether third-country auditors as referred to in the first subparagraph are registered for carrying out the statutory audit, the assurance of sustainability reporting, or both.’;"
csrd,32022L2464,Amendments to Directive 2006/43/EC,‘Article 14a,TRANSITIONAL AND FINAL PROVISIONS ’;,article,reportar,high,0,sustainability reporting,sustainability reporting,"name and registration number of all statutory auditors employed by, or associated as partners or otherwise with, the audit firm, and an indication of whether they are also approved for carrying out the assurance of sustainability reporting;’;"
csrd,32022L2464,Amendments to Directive 2006/43/EC,‘Article 14a,TRANSITIONAL AND FINAL PROVISIONS ’;,article,auditoria,high,0,statutory auditor,statutory auditor,"name and registration number of all statutory auditors employed by, or associated as partners or otherwise with, the audit firm, and an indication of whether they are also approved for carrying out the assurance of sustainability reporting;’;"
csrd,32022L2464,Amendments to Directive 2006/43/EC,‘Article 14a,TRANSITIONAL AND FINAL PROVISIONS ’;,article,reportar,high,0,sustainability reporting,sustainability reporting,"all other registration(s) as audit firm with the competent authorities of other Member States and as audit entity with third countries, including the name(s) of the registration authority(ies), and, if applicable, the registration number(s), and an indication of whether the registration concerns the statutory audit, the assurance of sustainability reporting, or both.’;"
csrd,32022L2464,Amendments to Directive 2006/43/EC,‘Article 14a,TRANSITIONAL AND FINAL PROVISIONS ’;,article,auditoria,high,0,audit firm,audit firm,"all other registration(s) as audit firm with the competent authorities of other Member States and as audit entity with third countries, including the name(s) of the registration authority(ies), and, if applicable, the registration number(s), and an indication of whether the registration concerns the statutory audit, the assurance of sustainability reporting, or both.’;"
csrd,32022L2464,Amendments to Directive 2006/43/EC,‘Article 14a,TRANSITIONAL AND FINAL PROVISIONS ’;,article,reportar,high,0,sustainability reporting,sustainability reporting,"‘The register shall indicate whether third-country audit entities as referred to in the first subparagraph are registered for carrying out the statutory audit, the assurance of sustainability reporting, or both.’;"
csrd,32022L2464,Amendments to Directive 2006/43/EC,‘Article 14a,TRANSITIONAL AND FINAL PROVISIONS ’;,article,auditoria,low,0,\baudit\w*,audit,"‘The register shall indicate whether third-country audit entities as referred to in the first subparagraph are registered for carrying out the statutory audit, the assurance of sustainability reporting, or both.’;"
csrd,32022L2464,Amendments to Directive 2006/43/EC,‘Article 14a,TRANSITIONAL AND FINAL PROVISIONS ’;,article,auditoria,high,0,audit firm,audit firm,"‘1. Member States shall ensure that, when the statutory audit is carried out by an audit firm, that audit firm designates at least one key audit partner. The audit firm shall provide the key audit partner(s) with sufficient resources and with personnel that have the necessary competence and capabilities to carry out his, her or its duties appropriately."
csrd,32022L2464,Amendments to Directive 2006/43/EC,‘Article 14a,TRANSITIONAL AND FINAL PROVISIONS ’;,article,reportar,high,0,sustainability reporting,sustainability reporting,"Member States shall ensure that, when the assurance of sustainability reporting is carried out by an audit firm, that audit firm designates at least one key sustainability partner, who may be (one of) the key audit partner(s). The audit firm shall provide the key sustainability partner(s) with sufficient resources and with personnel that have the necessary competence and capabilities to carry out his, her or its duties appropriately."
csrd,32022L2464,Amendments to Directive 2006/43/EC,‘Article 14a,TRANSITIONAL AND FINAL PROVISIONS ’;,article,auditoria,high,0,audit firm,audit firm,"Member States shall ensure that, when the assurance of sustainability reporting is carried out by an audit firm, that audit firm designates at least one key sustainability partner, who may be (one of) the key audit partner(s). The audit firm shall provide the key sustainability partner(s) with sufficient resources and with personnel that have the necessary competence and capabilities to carry out his, her or its duties appropriately."
csrd,32022L2464,Amendments to Directive 2006/43/EC,‘Article 14a,TRANSITIONAL AND FINAL PROVISIONS ’;,article,auditoria,high,0,audit firm,audit firm,"Securing audit and assurance quality, independence and competence shall be the main criteria when the audit firm selects the key audit partner(s) and, where applicable, the key sustainability partner(s) to be designated."
csrd,32022L2464,Amendments to Directive 2006/43/EC,‘Article 14a,TRANSITIONAL AND FINAL PROVISIONS ’;,article,reportar,high,0,sustainability reporting,sustainability reporting,The key audit partner(s) shall be actively involved in the carrying-out of the statutory audit. The key sustainability partner shall be actively involved in the carrying-out of the assurance of sustainability reporting.’;
csrd,32022L2464,Amendments to Directive 2006/43/EC,‘Article 14a,TRANSITIONAL AND FINAL PROVISIONS ’;,article,auditoria,low,0,\baudit\w*,audit,The key audit partner(s) shall be actively involved in the carrying-out of the statutory audit. The key sustainability partner shall be actively involved in the carrying-out of the assurance of sustainability reporting.’;
csrd,32022L2464,Amendments to Directive 2006/43/EC,‘Article 14a,TRANSITIONAL AND FINAL PROVISIONS ’;,article,reportar,high,0,sustainability reporting,sustainability reporting,"‘2a. When carrying out the assurance of sustainability reporting, the statutory auditor shall devote sufficient time to the engagement and shall assign sufficient resources to enable him or her to carry out his or her duties appropriately.’;"
csrd,32022L2464,Amendments to Directive 2006/43/EC,‘Article 14a,TRANSITIONAL AND FINAL PROVISIONS ’;,article,auditoria,high,0,statutory auditor,statutory auditor,"‘2a. When carrying out the assurance of sustainability reporting, the statutory auditor shall devote sufficient time to the engagement and shall assign sufficient resources to enable him or her to carry out his or her duties appropriately.’;"
csrd,32022L2464,Amendments to Directive 2006/43/EC,‘Article 14a,TRANSITIONAL AND FINAL PROVISIONS ’;,article,auditoria,high,0,audit firm,audit firm,"in the case of an audit firm, the name(s) of the key audit partner(s) and, where applicable, the name(s) of the key sustainability partner(s);"
csrd,32022L2464,Amendments to Directive 2006/43/EC,‘Article 14a,TRANSITIONAL AND FINAL PROVISIONS ’;,article,reportar,high,0,sustainability reporting,sustainability reporting,"the fees charged for the statutory audit, the fees charged for the assurance of sustainability reporting and the fees charged for other services in any financial year.’;"
csrd,32022L2464,Amendments to Directive 2006/43/EC,‘Article 14a,TRANSITIONAL AND FINAL PROVISIONS ’;,article,auditoria,low,0,\baudit\w*,audit,"the fees charged for the statutory audit, the fees charged for the assurance of sustainability reporting and the fees charged for other services in any financial year.’;"
csrd,32022L2464,Amendments to Directive 2006/43/EC,‘Article 14a,TRANSITIONAL AND FINAL PROVISIONS ’;,article,reportar,high,0,sustainability reporting,sustainability reporting,‘5a. A statutory auditor or an audit firm shall create an assurance file for each assurance engagement concerning sustainability reporting.
csrd,32022L2464,Amendments to Directive 2006/43/EC,‘Article 14a,TRANSITIONAL AND FINAL PROVISIONS ’;,article,auditoria,high,0,statutory auditor,statutory auditor,‘5a. A statutory auditor or an audit firm shall create an assurance file for each assurance engagement concerning sustainability reporting.
csrd,32022L2464,Amendments to Directive 2006/43/EC,‘Article 14a,TRANSITIONAL AND FINAL PROVISIONS ’;,article,reportar,high,0,sustainability reporting,sustainability reporting,The statutory auditor or the audit firm shall document at least the data recorded pursuant to Article 22b as regards the assurance of sustainability reporting.
csrd,32022L2464,Amendments to Directive 2006/43/EC,‘Article 14a,TRANSITIONAL AND FINAL PROVISIONS ’;,article,auditoria,high,0,statutory auditor,statutory auditor,The statutory auditor or the audit firm shall document at least the data recorded pursuant to Article 22b as regards the assurance of sustainability reporting.
csrd,32022L2464,Amendments to Directive 2006/43/EC,‘Article 14a,TRANSITIONAL AND FINAL PROVISIONS ’;,article,reportar,high,0,sustainability reporting,sustainability reporting,The statutory auditor or the audit firm shall retain any other data and documents that are of importance in support of the assurance report on sustainability reporting referred to in Article 28a and for monitoring compliance with this Directive and other applicable legal requirements as regards the assurance of sustainability reporting.
csrd,32022L2464,Amendments to Directive 2006/43/EC,‘Article 14a,TRANSITIONAL AND FINAL PROVISIONS ’;,article,auditoria,high,0,statutory auditor,statutory auditor,The statutory auditor or the audit firm shall retain any other data and documents that are of importance in support of the assurance report on sustainability reporting referred to in Article 28a and for monitoring compliance with this Directive and other applicable legal requirements as regards the assurance of sustainability reporting.
csrd,32022L2464,Amendments to Directive 2006/43/EC,‘Article 14a,TRANSITIONAL AND FINAL PROVISIONS ’;,article,reportar,high,0,sustainability reporting,sustainability reporting,The assurance file shall be closed no later than 60 days after the date of signature of the assurance report on sustainability reporting referred to in Article 28a.
csrd,32022L2464,Amendments to Directive 2006/43/EC,‘Article 14a,TRANSITIONAL AND FINAL PROVISIONS ’;,article,auditoria,low,0,\bassurance\b,assurance,The assurance file shall be closed no later than 60 days after the date of signature of the assurance report on sustainability reporting referred to in Article 28a.
csrd,32022L2464,Amendments to Directive 2006/43/EC,‘Article 14a,TRANSITIONAL AND FINAL PROVISIONS ’;,article,reportar,high,0,sustainability reporting,sustainability reporting,"Where the same statutory auditor carries out the statutory audit of annual financial statements and the assurance of sustainability reporting, the assurance file may be included in the audit file.’;"
csrd,32022L2464,Amendments to Directive 2006/43/EC,‘Article 14a,TRANSITIONAL AND FINAL PROVISIONS ’;,article,auditoria,high,0,statutory auditor,statutory auditor,"Where the same statutory auditor carries out the statutory audit of annual financial statements and the assurance of sustainability reporting, the assurance file may be included in the audit file.’;"
csrd,32022L2464,Amendments to Directive 2006/43/EC,‘Article 14a,TRANSITIONAL AND FINAL PROVISIONS ’;,article,reportar,high,0,sustainability reporting,sustainability reporting,‘The statutory auditor or the audit firm shall keep records of any complaints made in writing about the performance of the statutory audits carried out and about the performance of assurance engagements concerning sustainability reporting carried out.’;
csrd,32022L2464,Amendments to Directive 2006/43/EC,‘Article 14a,TRANSITIONAL AND FINAL PROVISIONS ’;,article,auditoria,high,0,statutory auditor,statutory auditor,‘The statutory auditor or the audit firm shall keep records of any complaints made in writing about the performance of the statutory audits carried out and about the performance of assurance engagements concerning sustainability reporting carried out.’;
csrd,32022L2464,Amendments to Directive 2006/43/EC,‘Article 25,TRANSITIONAL AND FINAL PROVISIONS ’;,article,auditoria,low,0,\baudit\w*,Audit,Audit and assurance fees
csrd,32022L2464,Amendments to Directive 2006/43/EC,‘Article 25,TRANSITIONAL AND FINAL PROVISIONS ’;,article,reportar,high,0,sustainability reporting,sustainability reporting,Member States shall ensure that adequate rules are in place which provide that fees for statutory audits and the assurance of sustainability reporting:
csrd,32022L2464,Amendments to Directive 2006/43/EC,‘Article 25,TRANSITIONAL AND FINAL PROVISIONS ’;,article,auditoria,low,0,\baudit\w*,audits,Member States shall ensure that adequate rules are in place which provide that fees for statutory audits and the assurance of sustainability reporting:
csrd,32022L2464,Amendments to Directive 2006/43/EC,‘Article 25,TRANSITIONAL AND FINAL PROVISIONS ’;,article,reportar,high,0,sustainability reporting,sustainability reporting,are not influenced or determined by the provision of additional services to the entity that is the subject of the statutory audit or the assurance of sustainability reporting; and
csrd,32022L2464,Amendments to Directive 2006/43/EC,‘Article 25,TRANSITIONAL AND FINAL PROVISIONS ’;,article,auditoria,low,0,\baudit\w*,audit,are not influenced or determined by the provision of additional services to the entity that is the subject of the statutory audit or the assurance of sustainability reporting; and
csrd,32022L2464,Amendments to Directive 2006/43/EC,‘Article 25b,TRANSITIONAL AND FINAL PROVISIONS ’;,article,reportar,high,0,sustainability reporting,sustainability reporting,"Professional ethics, independence, objectivity, confidentiality and professional secrecy as regards the assurance of sustainability reporting"
csrd,32022L2464,Amendments to Directive 2006/43/EC,‘Article 25b,TRANSITIONAL AND FINAL PROVISIONS ’;,article,auditoria,low,0,\bassurance\b,assurance,"Professional ethics, independence, objectivity, confidentiality and professional secrecy as regards the assurance of sustainability reporting"
csrd,32022L2464,Amendments to Directive 2006/43/EC,‘Article 25b,TRANSITIONAL AND FINAL PROVISIONS ’;,article,reportar,high,0,sustainability reporting,sustainability reporting,The requirements in Articles 21 to 24a as regards the statutory audit of financial statements shall apply mutatis mutandis to the assurance of sustainability reporting.
csrd,32022L2464,Amendments to Directive 2006/43/EC,‘Article 25b,TRANSITIONAL AND FINAL PROVISIONS ’;,article,auditoria,low,0,\baudit\w*,audit,The requirements in Articles 21 to 24a as regards the statutory audit of financial statements shall apply mutatis mutandis to the assurance of sustainability reporting.
csrd,32022L2464,Amendments to Directive 2006/43/EC,Article 25c,TRANSITIONAL AND FINAL PROVISIONS ’;,article,reportar,high,0,sustainability reporting,sustainability reporting,Prohibited non-audit services in cases where the statutory auditor carries out the assurance of sustainability reporting of a public-interest entity
csrd,32022L2464,Amendments to Directive 2006/43/EC,Article 25c,TRANSITIONAL AND FINAL PROVISIONS ’;,article,auditoria,high,0,statutory auditor,statutory auditor,Prohibited non-audit services in cases where the statutory auditor carries out the assurance of sustainability reporting of a public-interest entity
csrd,32022L2464,Amendments to Directive 2006/43/EC,Article 25c,TRANSITIONAL AND FINAL PROVISIONS ’;,article,reportar,high,0,sustainability reporting,sustainability reporting,"1. A statutory auditor or an audit firm carrying out the assurance of sustainability reporting of a public-interest entity, or any member of the network to which the statutory auditor or the audit firm belongs, shall not directly or indirectly provide to the public-interest entity that is the subject of the assurance of sustainability reporting, to its parent undertaking or to its controlled undertakings within the Union the prohibited non-audit services referred to in points (b) and (c) and poi"
csrd,32022L2464,Amendments to Directive 2006/43/EC,Article 25c,TRANSITIONAL AND FINAL PROVISIONS ’;,article,auditoria,high,0,statutory auditor,statutory auditor,"1. A statutory auditor or an audit firm carrying out the assurance of sustainability reporting of a public-interest entity, or any member of the network to which the statutory auditor or the audit firm belongs, shall not directly or indirectly provide to the public-interest entity that is the subject of the assurance of sustainability reporting, to its parent undertaking or to its controlled undertakings within the Union the prohibited non-audit services referred to in points (b) and (c) and poi"
csrd,32022L2464,Amendments to Directive 2006/43/EC,Article 25c,TRANSITIONAL AND FINAL PROVISIONS ’;,article,reportar,high,0,sustainability reporting,sustainability reporting,the period between the beginning of the period subject to the assurance of sustainability reporting and the issuing of the assurance report on sustainability reporting; and
csrd,32022L2464,Amendments to Directive 2006/43/EC,Article 25c,TRANSITIONAL AND FINAL PROVISIONS ’;,article,auditoria,low,0,\bassurance\b,assurance,the period between the beginning of the period subject to the assurance of sustainability reporting and the issuing of the assurance report on sustainability reporting; and
csrd,32022L2464,Amendments to Directive 2006/43/EC,Article 25c,TRANSITIONAL AND FINAL PROVISIONS ’;,article,reportar,high,0,sustainability reporting,sustainability reporting,"2. A statutory auditor or an audit firm carrying out the assurance of sustainability reporting of public-interest entities and, where the statutory auditor or the audit firm belongs to a network, any member of such network, may provide to the public-interest entity that is the subject of the assurance of sustainability reporting, to its parent undertaking or to its controlled undertakings non-audit services other than the prohibited non-audit services referred to in paragraph 1 of this Article, "
csrd,32022L2464,Amendments to Directive 2006/43/EC,Article 25c,TRANSITIONAL AND FINAL PROVISIONS ’;,article,auditoria,high,0,statutory auditor,statutory auditor,"2. A statutory auditor or an audit firm carrying out the assurance of sustainability reporting of public-interest entities and, where the statutory auditor or the audit firm belongs to a network, any member of such network, may provide to the public-interest entity that is the subject of the assurance of sustainability reporting, to its parent undertaking or to its controlled undertakings non-audit services other than the prohibited non-audit services referred to in paragraph 1 of this Article, "
csrd,32022L2464,Amendments to Directive 2006/43/EC,Article 25c,TRANSITIONAL AND FINAL PROVISIONS ’;,article,reportar,high,0,sustainability reporting,sustainability reporting,"3. When a member of a network to which the statutory auditor or the audit firm carrying out the assurance of sustainability reporting of a public-interest entity belongs provides the prohibited non-audit services referred to in paragraph 1 of this Article to an undertaking incorporated in a third country which is controlled by the public-interest entity that is the subject of assurance of sustainability reporting, the statutory auditor or the audit firm concerned shall assess whether his, her or"
csrd,32022L2464,Amendments to Directive 2006/43/EC,Article 25c,TRANSITIONAL AND FINAL PROVISIONS ’;,article,auditoria,high,0,statutory auditor,statutory auditor,"3. When a member of a network to which the statutory auditor or the audit firm carrying out the assurance of sustainability reporting of a public-interest entity belongs provides the prohibited non-audit services referred to in paragraph 1 of this Article to an undertaking incorporated in a third country which is controlled by the public-interest entity that is the subject of assurance of sustainability reporting, the statutory auditor or the audit firm concerned shall assess whether his, her or"
csrd,32022L2464,Amendments to Directive 2006/43/EC,Article 25c,TRANSITIONAL AND FINAL PROVISIONS ’;,article,reportar,high,0,sustainability reporting,sustainability reporting,"If his, her or its independence is affected, the statutory auditor or the audit firm shall apply safeguards in order to mitigate the threats caused by the provision of prohibited non-audit services referred to in paragraph 1 of this Article in a third country. The statutory auditor or the audit firm may continue to carry out the assurance of sustainability reporting of the public-interest entity only if he, she or it can justify, in accordance with Article 22b, that the provision of such service"
csrd,32022L2464,Amendments to Directive 2006/43/EC,Article 25c,TRANSITIONAL AND FINAL PROVISIONS ’;,article,auditoria,high,0,statutory auditor,statutory auditor,"If his, her or its independence is affected, the statutory auditor or the audit firm shall apply safeguards in order to mitigate the threats caused by the provision of prohibited non-audit services referred to in paragraph 1 of this Article in a third country. The statutory auditor or the audit firm may continue to carry out the assurance of sustainability reporting of the public-interest entity only if he, she or it can justify, in accordance with Article 22b, that the provision of such service"
csrd,32022L2464,Amendments to Directive 2006/43/EC,Article 25d,TRANSITIONAL AND FINAL PROVISIONS ’;,article,reportar,high,0,sustainability reporting,sustainability reporting,Article 7 of Regulation (EU) No 537/2014 shall apply mutatis mutandis to a statutory auditor or an audit firm carrying out the assurance of sustainability reporting of a public-interest entity.’;
csrd,32022L2464,Amendments to Directive 2006/43/EC,Article 25d,TRANSITIONAL AND FINAL PROVISIONS ’;,article,auditoria,high,0,statutory auditor,statutory auditor,Article 7 of Regulation (EU) No 537/2014 shall apply mutatis mutandis to a statutory auditor or an audit firm carrying out the assurance of sustainability reporting of a public-interest entity.’;
csrd,32022L2464,Amendments to Directive 2006/43/EC,‘Article 26a,TRANSITIONAL AND FINAL PROVISIONS ’;,article,reportar,high,0,sustainability reporting,sustainability reporting,Assurance standards for sustainability reporting
csrd,32022L2464,Amendments to Directive 2006/43/EC,‘Article 26a,TRANSITIONAL AND FINAL PROVISIONS ’;,article,auditoria,low,0,\bassurance\b,Assurance,Assurance standards for sustainability reporting
csrd,32022L2464,Amendments to Directive 2006/43/EC,‘Article 26a,TRANSITIONAL AND FINAL PROVISIONS ’;,article,reportar,high,0,sustainability reporting,sustainability reporting,1. Member States shall require statutory auditors and audit firms to carry out the assurance of sustainability reporting in compliance with the assurance standards adopted by the Commission in accordance with paragraph 3.
csrd,32022L2464,Amendments to Directive 2006/43/EC,‘Article 26a,TRANSITIONAL AND FINAL PROVISIONS ’;,article,auditoria,high,0,statutory auditor,statutory auditor,1. Member States shall require statutory auditors and audit firms to carry out the assurance of sustainability reporting in compliance with the assurance standards adopted by the Commission in accordance with paragraph 3.
csrd,32022L2464,Amendments to Directive 2006/43/EC,‘Article 26a,TRANSITIONAL AND FINAL PROVISIONS ’;,article,auditoria,low,0,\bassurance\b,assurance,"2. Member States may apply national assurance standards, procedures or requirements as long as the Commission has not adopted an assurance standard covering the same subject matter."
csrd,32022L2464,Amendments to Directive 2006/43/EC,‘Article 26a,TRANSITIONAL AND FINAL PROVISIONS ’;,article,auditoria,low,0,\bassurance\b,assurance,"Member States shall communicate the national assurance standards, procedures or requirements to the Commission at least three months before their entry into force."
csrd,32022L2464,Amendments to Directive 2006/43/EC,‘Article 26a,TRANSITIONAL AND FINAL PROVISIONS ’;,article,reportar,high,0,sustainability reporting,sustainability reporting,"3. The Commission shall, no later than 1 October 2026, adopt delegated acts in accordance with Article 48a in order to supplement this Directive in order to provide for limited assurance standards setting out the procedures that the auditor(s) and the audit firm(s) shall perform in order to draw his, her or its conclusions on the assurance of sustainability reporting, including engagement planning, risk consideration and response to risks and type of conclusions to be included in the assurance r"
csrd,32022L2464,Amendments to Directive 2006/43/EC,‘Article 26a,TRANSITIONAL AND FINAL PROVISIONS ’;,article,auditoria,high,0,audit firm,audit firm,"3. The Commission shall, no later than 1 October 2026, adopt delegated acts in accordance with Article 48a in order to supplement this Directive in order to provide for limited assurance standards setting out the procedures that the auditor(s) and the audit firm(s) shall perform in order to draw his, her or its conclusions on the assurance of sustainability reporting, including engagement planning, risk consideration and response to risks and type of conclusions to be included in the assurance r"
csrd,32022L2464,Amendments to Directive 2006/43/EC,‘Article 26a,TRANSITIONAL AND FINAL PROVISIONS ’;,article,auditoria,high,0,(EU ETS )?(lead )?auditor,auditor,"The Commission shall, no later than 1 October 2028, adopt delegated acts in accordance with Article 48a in order to supplement this Directive in order to provide for reasonable assurance standards, following an assessment to determine if reasonable assurance is feasible for auditors and for undertakings. Taking into account the results of that assessment and if therefore appropriate, those delegated acts shall specify the date from which the opinion referred to in point (aa) of the second subpar"
csrd,32022L2464,Amendments to Directive 2006/43/EC,‘Article 26a,TRANSITIONAL AND FINAL PROVISIONS ’;,article,auditoria,low,0,\bassurance\b,assurance,The Commission may adopt the assurance standards referred to in the first and second subparagraphs only if they:
csrd,32022L2464,Amendments to Directive 2006/43/EC,‘Article 26a,TRANSITIONAL AND FINAL PROVISIONS ’;,article,reportar,high,0,sustainability reporting,sustainability reporting,contribute a high level of credibility and quality to the annual or consolidated sustainability reporting; and
csrd,32022L2464,Amendments to Directive 2006/43/EC,‘Article 27a,TRANSITIONAL AND FINAL PROVISIONS ’;,article,reportar,high,1,sustainability reporting,sustainability reporting,Assurance of consolidated sustainability reporting
csrd,32022L2464,Amendments to Directive 2006/43/EC,‘Article 27a,TRANSITIONAL AND FINAL PROVISIONS ’;,article,auditoria,low,1,\bassurance\b,Assurance,Assurance of consolidated sustainability reporting
csrd,32022L2464,Amendments to Directive 2006/43/EC,‘Article 27a,TRANSITIONAL AND FINAL PROVISIONS ’;,article,reportar,high,1,sustainability reporting,sustainability reporting,1. Member States shall ensure that in the case of assurance engagements concerning the consolidated sustainability reporting of a group of undertakings:
csrd,32022L2464,Amendments to Directive 2006/43/EC,‘Article 27a,TRANSITIONAL AND FINAL PROVISIONS ’;,article,auditoria,high,1,assurance (engagement|opinion|provider|services),assurance engagement,1. Member States shall ensure that in the case of assurance engagements concerning the consolidated sustainability reporting of a group of undertakings:
csrd,32022L2464,Amendments to Directive 2006/43/EC,‘Article 27a,TRANSITIONAL AND FINAL PROVISIONS ’;,article,reportar,high,1,sustainability reporting,sustainability reporting,"in relation to the consolidated sustainability reporting, the group auditor bears the full responsibility for the assurance report on sustainability reporting referred to in Article 28a;"
csrd,32022L2464,Amendments to Directive 2006/43/EC,‘Article 27a,TRANSITIONAL AND FINAL PROVISIONS ’;,article,auditoria,high,1,(EU ETS )?(lead )?auditor,auditor,"in relation to the consolidated sustainability reporting, the group auditor bears the full responsibility for the assurance report on sustainability reporting referred to in Article 28a;"
csrd,32022L2464,Amendments to Directive 2006/43/EC,‘Article 27a,TRANSITIONAL AND FINAL PROVISIONS ’;,article,reportar,high,1,sustainability reporting,sustainability reporting,"the group auditor evaluates the assurance work performed by any independent assurance services provider(s), third-country auditor(s), statutory auditor(s), third-country audit entity(ies) or audit firm(s) for the purpose of the assurance of consolidated sustainability reporting and documents the nature, timing and extent of the work performed by those auditors, including, where applicable, the group auditor’s review of relevant parts of those auditors’ assurance documentation; and"
csrd,32022L2464,Amendments to Directive 2006/43/EC,‘Article 27a,TRANSITIONAL AND FINAL PROVISIONS ’;,article,certificacao,high,1,independent assurance services provider,independent assurance services provider,"the group auditor evaluates the assurance work performed by any independent assurance services provider(s), third-country auditor(s), statutory auditor(s), third-country audit entity(ies) or audit firm(s) for the purpose of the assurance of consolidated sustainability reporting and documents the nature, timing and extent of the work performed by those auditors, including, where applicable, the group auditor’s review of relevant parts of those auditors’ assurance documentation; and"
csrd,32022L2464,Amendments to Directive 2006/43/EC,‘Article 27a,TRANSITIONAL AND FINAL PROVISIONS ’;,article,auditoria,high,1,statutory auditor,statutory auditor,"the group auditor evaluates the assurance work performed by any independent assurance services provider(s), third-country auditor(s), statutory auditor(s), third-country audit entity(ies) or audit firm(s) for the purpose of the assurance of consolidated sustainability reporting and documents the nature, timing and extent of the work performed by those auditors, including, where applicable, the group auditor’s review of relevant parts of those auditors’ assurance documentation; and"
csrd,32022L2464,Amendments to Directive 2006/43/EC,‘Article 27a,TRANSITIONAL AND FINAL PROVISIONS ’;,article,reportar,high,1,sustainability reporting,sustainability reporting,"the group auditor reviews the assurance work performed by independent assurance services provider(s), third-country auditor(s), statutory auditor(s), third-country audit entity(ies) or audit firm(s) for the purpose of the assurance of consolidated sustainability reporting and documents it."
csrd,32022L2464,Amendments to Directive 2006/43/EC,‘Article 27a,TRANSITIONAL AND FINAL PROVISIONS ’;,article,certificacao,high,1,independent assurance services provider,independent assurance services provider,"the group auditor reviews the assurance work performed by independent assurance services provider(s), third-country auditor(s), statutory auditor(s), third-country audit entity(ies) or audit firm(s) for the purpose of the assurance of consolidated sustainability reporting and documents it."
csrd,32022L2464,Amendments to Directive 2006/43/EC,‘Article 27a,TRANSITIONAL AND FINAL PROVISIONS ’;,article,auditoria,high,1,statutory auditor,statutory auditor,"the group auditor reviews the assurance work performed by independent assurance services provider(s), third-country auditor(s), statutory auditor(s), third-country audit entity(ies) or audit firm(s) for the purpose of the assurance of consolidated sustainability reporting and documents it."
csrd,32022L2464,Amendments to Directive 2006/43/EC,‘Article 27a,TRANSITIONAL AND FINAL PROVISIONS ’;,article,auditoria,high,1,(EU ETS )?(lead )?auditor,auditor,The documentation retained by the group auditor shall be such as to enable the relevant competent authority to review the work of the group auditor.
csrd,32022L2464,Amendments to Directive 2006/43/EC,‘Article 27a,TRANSITIONAL AND FINAL PROVISIONS ’;,article,reportar,high,1,sustainability reporting,sustainability reporting,"For the purposes of point (c) of the first subparagraph of this paragraph, the group auditor shall request the agreement of the independent assurance services provider(s), third-country auditor(s), statutory auditor(s), third-country audit entity(ies) or audit firm(s) concerned to the transfer of relevant documentation during the conduct of the assurance of consolidated sustainability reporting, as a condition of the reliance by the group auditor on the work of those independent assurance servic"
csrd,32022L2464,Amendments to Directive 2006/43/EC,‘Article 27a,TRANSITIONAL AND FINAL PROVISIONS ’;,article,certificacao,high,1,independent assurance services provider,independent assurance services provider,"For the purposes of point (c) of the first subparagraph of this paragraph, the group auditor shall request the agreement of the independent assurance services provider(s), third-country auditor(s), statutory auditor(s), third-country audit entity(ies) or audit firm(s) concerned to the transfer of relevant documentation during the conduct of the assurance of consolidated sustainability reporting, as a condition of the reliance by the group auditor on the work of those independent assurance servic"
csrd,32022L2464,Amendments to Directive 2006/43/EC,‘Article 27a,TRANSITIONAL AND FINAL PROVISIONS ’;,article,auditoria,high,1,statutory auditor,statutory auditor,"For the purposes of point (c) of the first subparagraph of this paragraph, the group auditor shall request the agreement of the independent assurance services provider(s), third-country auditor(s), statutory auditor(s), third-country audit entity(ies) or audit firm(s) concerned to the transfer of relevant documentation during the conduct of the assurance of consolidated sustainability reporting, as a condition of the reliance by the group auditor on the work of those independent assurance servic"
csrd,32022L2464,Amendments to Directive 2006/43/EC,‘Article 27a,TRANSITIONAL AND FINAL PROVISIONS ’;,article,auditoria,high,1,(EU ETS )?(lead )?auditor,auditor,"2. Where the group auditor is unable to comply with point (c) of the first subparagraph of paragraph 1, he, she or it shall take appropriate measures and inform the relevant competent authority."
csrd,32022L2464,Amendments to Directive 2006/43/EC,‘Article 27a,TRANSITIONAL AND FINAL PROVISIONS ’;,article,auditoria,low,1,\bassurance\b,assurance,"Such measures shall, where appropriate, include carrying out additional assurance work, either directly or by outsourcing such tasks, in the relevant subsidiary."
csrd,32022L2464,Amendments to Directive 2006/43/EC,‘Article 27a,TRANSITIONAL AND FINAL PROVISIONS ’;,article,reportar,high,1,sustainability reporting,sustainability reporting,"3. Where the group auditor is subject to a quality assurance review or an investigation concerning the assurance of consolidated sustainability reporting of a group of undertakings, the group auditor shall, when requested, make available to the competent authority the relevant documentation he, she or it retains concerning the assurance work performed by the respective independent assurance services provider(s), third-country auditor(s), statutory auditor(s), third-country audit entity(ies) or a"
csrd,32022L2464,Amendments to Directive 2006/43/EC,‘Article 27a,TRANSITIONAL AND FINAL PROVISIONS ’;,article,certificacao,high,1,independent assurance services provider,independent assurance services provider,"3. Where the group auditor is subject to a quality assurance review or an investigation concerning the assurance of consolidated sustainability reporting of a group of undertakings, the group auditor shall, when requested, make available to the competent authority the relevant documentation he, she or it retains concerning the assurance work performed by the respective independent assurance services provider(s), third-country auditor(s), statutory auditor(s), third-country audit entity(ies) or a"
csrd,32022L2464,Amendments to Directive 2006/43/EC,‘Article 27a,TRANSITIONAL AND FINAL PROVISIONS ’;,article,auditoria,high,1,statutory auditor,statutory auditor,"3. Where the group auditor is subject to a quality assurance review or an investigation concerning the assurance of consolidated sustainability reporting of a group of undertakings, the group auditor shall, when requested, make available to the competent authority the relevant documentation he, she or it retains concerning the assurance work performed by the respective independent assurance services provider(s), third-country auditor(s), statutory auditor(s), third-country audit entity(ies) or a"
csrd,32022L2464,Amendments to Directive 2006/43/EC,‘Article 27a,TRANSITIONAL AND FINAL PROVISIONS ’;,article,reportar,high,1,sustainability reporting,sustainability reporting,The competent authority may request additional documentation on the assurance work performed by any statutory auditor(s) or audit firm(s) for the purpose of the assurance of consolidated sustainability reporting from the relevant competent authorities pursuant to Article 36.
csrd,32022L2464,Amendments to Directive 2006/43/EC,‘Article 27a,TRANSITIONAL AND FINAL PROVISIONS ’;,article,auditoria,high,1,statutory auditor,statutory auditor,The competent authority may request additional documentation on the assurance work performed by any statutory auditor(s) or audit firm(s) for the purpose of the assurance of consolidated sustainability reporting from the relevant competent authorities pursuant to Article 36.
csrd,32022L2464,Amendments to Directive 2006/43/EC,‘Article 27a,TRANSITIONAL AND FINAL PROVISIONS ’;,article,reportar,high,1,sustainability reporting,sustainability reporting,"Where the assurance of sustainability reporting of a parent undertaking or a subsidiary undertaking of a group of undertakings is carried out by any auditor(s) or audit entity(ies) from a third country, the competent authority may request additional documentation on the assurance work performed by any third-country auditor(s) or third-country audit entity(ies) from the relevant competent authorities from third countries through working arrangements."
csrd,32022L2464,Amendments to Directive 2006/43/EC,‘Article 27a,TRANSITIONAL AND FINAL PROVISIONS ’;,article,auditoria,high,1,(EU ETS )?(lead )?auditor,auditor,"Where the assurance of sustainability reporting of a parent undertaking or a subsidiary undertaking of a group of undertakings is carried out by any auditor(s) or audit entity(ies) from a third country, the competent authority may request additional documentation on the assurance work performed by any third-country auditor(s) or third-country audit entity(ies) from the relevant competent authorities from third countries through working arrangements."
csrd,32022L2464,Amendments to Directive 2006/43/EC,‘Article 27a,TRANSITIONAL AND FINAL PROVISIONS ’;,article,reportar,high,1,sustainability reporting,sustainability reporting,"By way of derogation from the third subparagraph, where any independent assurance services provider(s), third-country auditor(s) or audit entity(ies) that have no working arrangements carried out the assurance of sustainability reporting of a parent undertaking or a subsidiary undertaking of a group of undertakings, the group auditor shall, when requested, also be responsible for ensuring proper delivery of the additional documentation on the assurance work performed by such independent assuranc"
csrd,32022L2464,Amendments to Directive 2006/43/EC,‘Article 27a,TRANSITIONAL AND FINAL PROVISIONS ’;,article,certificacao,high,1,independent assurance services provider,independent assurance services provider,"By way of derogation from the third subparagraph, where any independent assurance services provider(s), third-country auditor(s) or audit entity(ies) that have no working arrangements carried out the assurance of sustainability reporting of a parent undertaking or a subsidiary undertaking of a group of undertakings, the group auditor shall, when requested, also be responsible for ensuring proper delivery of the additional documentation on the assurance work performed by such independent assuranc"
csrd,32022L2464,Amendments to Directive 2006/43/EC,‘Article 27a,TRANSITIONAL AND FINAL PROVISIONS ’;,article,auditoria,high,1,(EU ETS )?(lead )?auditor,auditor,"By way of derogation from the third subparagraph, where any independent assurance services provider(s), third-country auditor(s) or audit entity(ies) that have no working arrangements carried out the assurance of sustainability reporting of a parent undertaking or a subsidiary undertaking of a group of undertakings, the group auditor shall, when requested, also be responsible for ensuring proper delivery of the additional documentation on the assurance work performed by such independent assuranc"
csrd,32022L2464,Amendments to Directive 2006/43/EC,‘Article 27a,TRANSITIONAL AND FINAL PROVISIONS ’;,article,auditoria,low,1,\baudit\w*,audit,"include an opinion and a statement, both of which shall be based on the work undertaken in the course of the audit, pursuant to points (a) and (b) of the second subparagraph of Article 34(1) of Directive 2013/34/EU;’;"
csrd,32022L2464,Amendments to Directive 2006/43/EC,‘Article 28a,TRANSITIONAL AND FINAL PROVISIONS ’;,article,reportar,high,0,sustainability reporting,sustainability reporting,Assurance report on sustainability reporting
csrd,32022L2464,Amendments to Directive 2006/43/EC,‘Article 28a,TRANSITIONAL AND FINAL PROVISIONS ’;,article,auditoria,low,0,\bassurance\b,Assurance,Assurance report on sustainability reporting
csrd,32022L2464,Amendments to Directive 2006/43/EC,‘Article 28a,TRANSITIONAL AND FINAL PROVISIONS ’;,article,reportar,high,0,sustainability reporting,sustainability reporting,"1. The statutory auditor(s) or the audit firm(s) shall present the results of the assurance of sustainability reporting in an assurance report on sustainability reporting. That report shall be prepared in accordance with the requirements of assurance standards adopted by the Commission by means of the delegated acts adopted pursuant to Article 26a(3), or, pending adoption by the Commission of those assurance standards, in accordance with national assurance standards, as referred to in Article 26"
csrd,32022L2464,Amendments to Directive 2006/43/EC,‘Article 28a,TRANSITIONAL AND FINAL PROVISIONS ’;,article,auditoria,high,0,statutory auditor,statutory auditor,"1. The statutory auditor(s) or the audit firm(s) shall present the results of the assurance of sustainability reporting in an assurance report on sustainability reporting. That report shall be prepared in accordance with the requirements of assurance standards adopted by the Commission by means of the delegated acts adopted pursuant to Article 26a(3), or, pending adoption by the Commission of those assurance standards, in accordance with national assurance standards, as referred to in Article 26"
csrd,32022L2464,Amendments to Directive 2006/43/EC,‘Article 28a,TRANSITIONAL AND FINAL PROVISIONS ’;,article,reportar,high,0,sustainability reporting,sustainability reporting,2. The assurance report on sustainability reporting shall be in writing and shall:
csrd,32022L2464,Amendments to Directive 2006/43/EC,‘Article 28a,TRANSITIONAL AND FINAL PROVISIONS ’;,article,auditoria,low,0,\bassurance\b,assurance,2. The assurance report on sustainability reporting shall be in writing and shall:
csrd,32022L2464,Amendments to Directive 2006/43/EC,‘Article 28a,TRANSITIONAL AND FINAL PROVISIONS ’;,article,reportar,high,0,sustainability reporting,sustainability reporting,identify the entity whose annual or consolidated sustainability reporting is the subject of the assurance engagement; specify the annual or consolidated sustainability reporting and the date and period it covers; and identify the sustainability reporting framework that has been applied in its preparation;
csrd,32022L2464,Amendments to Directive 2006/43/EC,‘Article 28a,TRANSITIONAL AND FINAL PROVISIONS ’;,article,auditoria,high,0,assurance (engagement|opinion|provider|services),assurance engagement,identify the entity whose annual or consolidated sustainability reporting is the subject of the assurance engagement; specify the annual or consolidated sustainability reporting and the date and period it covers; and identify the sustainability reporting framework that has been applied in its preparation;
csrd,32022L2464,Amendments to Directive 2006/43/EC,‘Article 28a,TRANSITIONAL AND FINAL PROVISIONS ’;,article,reportar,high,0,sustainability reporting,sustainability reporting,"include a description of the scope of the assurance of sustainability reporting which shall, as a minimum, identify the assurance standards in accordance with which the assurance of sustainability reporting was conducted;"
csrd,32022L2464,Amendments to Directive 2006/43/EC,‘Article 28a,TRANSITIONAL AND FINAL PROVISIONS ’;,article,auditoria,low,0,\bassurance\b,assurance,"include a description of the scope of the assurance of sustainability reporting which shall, as a minimum, identify the assurance standards in accordance with which the assurance of sustainability reporting was conducted;"
csrd,32022L2464,Amendments to Directive 2006/43/EC,‘Article 28a,TRANSITIONAL AND FINAL PROVISIONS ’;,article,reportar,high,0,sustainability reporting,sustainability reporting,"3. Where the assurance of sustainability reporting was carried out by more than one statutory auditor or audit firm, the statutory auditor(s) or the audit firm(s) shall agree on the results of the assurance of sustainability reporting and submit a joint report and opinion. In the case of disagreement, each statutory auditor or audit firm shall submit his, her or its opinion in a separate paragraph of the assurance report on sustainability reporting and shall state the reason for the disagreement"
csrd,32022L2464,Amendments to Directive 2006/43/EC,‘Article 28a,TRANSITIONAL AND FINAL PROVISIONS ’;,article,auditoria,high,0,statutory auditor,statutory auditor,"3. Where the assurance of sustainability reporting was carried out by more than one statutory auditor or audit firm, the statutory auditor(s) or the audit firm(s) shall agree on the results of the assurance of sustainability reporting and submit a joint report and opinion. In the case of disagreement, each statutory auditor or audit firm shall submit his, her or its opinion in a separate paragraph of the assurance report on sustainability reporting and shall state the reason for the disagreement"
csrd,32022L2464,Amendments to Directive 2006/43/EC,‘Article 28a,TRANSITIONAL AND FINAL PROVISIONS ’;,article,reportar,high,0,sustainability reporting,sustainability reporting,"4. The assurance report on sustainability reporting shall be signed and dated by the statutory auditor carrying out the assurance of sustainability reporting. Where an audit firm carries out the assurance of sustainability reporting, the assurance report on sustainability reporting shall bear the signature of at least the statutory auditor(s) carrying out the assurance of sustainability reporting on behalf of the audit firm. Where more than one statutory auditor or audit firm have been simultane"
csrd,32022L2464,Amendments to Directive 2006/43/EC,‘Article 28a,TRANSITIONAL AND FINAL PROVISIONS ’;,article,auditoria,high,0,statutory auditor,statutory auditor,"4. The assurance report on sustainability reporting shall be signed and dated by the statutory auditor carrying out the assurance of sustainability reporting. Where an audit firm carries out the assurance of sustainability reporting, the assurance report on sustainability reporting shall bear the signature of at least the statutory auditor(s) carrying out the assurance of sustainability reporting on behalf of the audit firm. Where more than one statutory auditor or audit firm have been simultane"
csrd,32022L2464,Amendments to Directive 2006/43/EC,‘Article 28a,TRANSITIONAL AND FINAL PROVISIONS ’;,article,reportar,high,0,sustainability reporting,sustainability reporting,"5. Member States may require that, where the same statutory auditor carries out the statutory audit of annual financial statements and the assurance of sustainability reporting, the assurance report on sustainability reporting may be included as a separate section of the audit report."
csrd,32022L2464,Amendments to Directive 2006/43/EC,‘Article 28a,TRANSITIONAL AND FINAL PROVISIONS ’;,article,auditoria,high,0,statutory auditor,statutory auditor,"5. Member States may require that, where the same statutory auditor carries out the statutory audit of annual financial statements and the assurance of sustainability reporting, the assurance report on sustainability reporting may be included as a separate section of the audit report."
csrd,32022L2464,Amendments to Directive 2006/43/EC,‘Article 28a,TRANSITIONAL AND FINAL PROVISIONS ’;,article,reportar,high,0,sustainability reporting,sustainability reporting,6. The report of the statutory auditor or the audit firm on the consolidated sustainability reporting shall comply with the requirements set out in paragraphs 1 to 5.’;
csrd,32022L2464,Amendments to Directive 2006/43/EC,‘Article 28a,TRANSITIONAL AND FINAL PROVISIONS ’;,article,auditoria,high,0,statutory auditor,statutory auditor,6. The report of the statutory auditor or the audit firm on the consolidated sustainability reporting shall comply with the requirements set out in paragraphs 1 to 5.’;
csrd,32022L2464,Amendments to Directive 2006/43/EC,‘Article 28a,TRANSITIONAL AND FINAL PROVISIONS ’;,article,reportar,high,0,sustainability reporting,sustainability reporting,"the persons who carry out quality assurance reviews shall have appropriate professional education and relevant experience in statutory audit and financial reporting and, where applicable, in sustainability reporting and in the assurance of sustainability reporting or in other sustainability-related services, combined with specific training on quality assurance reviews;’;"
csrd,32022L2464,Amendments to Directive 2006/43/EC,‘Article 28a,TRANSITIONAL AND FINAL PROVISIONS ’;,article,auditoria,high,0,quality assurance review,quality assurance review,"the persons who carry out quality assurance reviews shall have appropriate professional education and relevant experience in statutory audit and financial reporting and, where applicable, in sustainability reporting and in the assurance of sustainability reporting or in other sustainability-related services, combined with specific training on quality assurance reviews;’;"
csrd,32022L2464,Amendments to Directive 2006/43/EC,‘Article 28a,TRANSITIONAL AND FINAL PROVISIONS ’;,article,reportar,high,0,sustainability reporting,sustainability reporting,"the scope of the quality assurance review, supported by adequate testing of selected audit files and, where applicable, assurance files, shall include an assessment of compliance with applicable auditing standards and independence requirements and, where applicable, with assurance standards, and an assessment of the quantity and quality of resources spent, of the audit fees and fees charged for the assurance of sustainability reporting, and of the internal quality control system of the audit fir"
csrd,32022L2464,Amendments to Directive 2006/43/EC,‘Article 28a,TRANSITIONAL AND FINAL PROVISIONS ’;,article,auditoria,high,0,audit firm,audit firm,"the scope of the quality assurance review, supported by adequate testing of selected audit files and, where applicable, assurance files, shall include an assessment of compliance with applicable auditing standards and independence requirements and, where applicable, with assurance standards, and an assessment of the quantity and quality of resources spent, of the audit fees and fees charged for the assurance of sustainability reporting, and of the internal quality control system of the audit fir"
csrd,32022L2464,Amendments to Directive 2006/43/EC,‘Article 28a,TRANSITIONAL AND FINAL PROVISIONS ’;,article,reportar,high,0,sustainability reporting,sustainability reporting,"quality assurance reviews shall take place on the basis of an analysis of the risk and, in the case of statutory auditors and audit firms carrying out statutory audits as defined in point (a) of point 1 of Article 2 and, where applicable, carrying out assurance of sustainability reporting, at least every six years;’;"
csrd,32022L2464,Amendments to Directive 2006/43/EC,‘Article 28a,TRANSITIONAL AND FINAL PROVISIONS ’;,article,auditoria,high,0,statutory auditor,statutory auditor,"quality assurance reviews shall take place on the basis of an analysis of the risk and, in the case of statutory auditors and audit firms carrying out statutory audits as defined in point (a) of point 1 of Article 2 and, where applicable, carrying out assurance of sustainability reporting, at least every six years;’;"
csrd,32022L2464,Amendments to Directive 2006/43/EC,‘Article 28a,TRANSITIONAL AND FINAL PROVISIONS ’;,article,reportar,high,0,sustainability reporting,sustainability reporting,"reviewers shall have appropriate professional education and relevant experience in statutory audit and financial reporting and, where applicable, in sustainability reporting and in the assurance of sustainability reporting or in other sustainability-related services, combined with specific training on quality assurance reviews;’;"
csrd,32022L2464,Amendments to Directive 2006/43/EC,‘Article 28a,TRANSITIONAL AND FINAL PROVISIONS ’;,article,auditoria,high,0,quality assurance review,quality assurance review,"reviewers shall have appropriate professional education and relevant experience in statutory audit and financial reporting and, where applicable, in sustainability reporting and in the assurance of sustainability reporting or in other sustainability-related services, combined with specific training on quality assurance reviews;’;"
csrd,32022L2464,Amendments to Directive 2006/43/EC,‘Article 28a,TRANSITIONAL AND FINAL PROVISIONS ’;,article,reportar,high,0,sustainability reporting,sustainability reporting,"‘2a. Member States may exempt, until 31 December 2025, persons who carry out quality assurance reviews relating to the assurance of sustainability reporting from the requirement to have relevant experience in sustainability reporting and in the assurance of sustainability reporting or in other sustainability-related services.’;"
csrd,32022L2464,Amendments to Directive 2006/43/EC,‘Article 28a,TRANSITIONAL AND FINAL PROVISIONS ’;,article,auditoria,high,0,quality assurance review,quality assurance review,"‘2a. Member States may exempt, until 31 December 2025, persons who carry out quality assurance reviews relating to the assurance of sustainability reporting from the requirement to have relevant experience in sustainability reporting and in the assurance of sustainability reporting or in other sustainability-related services.’;"
csrd,32022L2464,Amendments to Directive 2006/43/EC,‘Article 28a,TRANSITIONAL AND FINAL PROVISIONS ’;,article,reportar,high,0,sustainability reporting,sustainability reporting,"‘1. Member States shall ensure that there are effective systems of investigations and sanctions to detect, correct and prevent inadequate execution of the statutory audit and the assurance of sustainability reporting."
csrd,32022L2464,Amendments to Directive 2006/43/EC,‘Article 28a,TRANSITIONAL AND FINAL PROVISIONS ’;,article,auditoria,low,0,\baudit\w*,audit,"‘1. Member States shall ensure that there are effective systems of investigations and sanctions to detect, correct and prevent inadequate execution of the statutory audit and the assurance of sustainability reporting."
csrd,32022L2464,Amendments to Directive 2006/43/EC,‘Article 28a,TRANSITIONAL AND FINAL PROVISIONS ’;,article,reportar,high,0,sustainability reporting,sustainability reporting,"2. Without prejudice to their civil liability regimes, Member States shall provide for effective, proportionate and dissuasive sanctions in respect of statutory auditors and audit firms, where statutory audits or assurance of sustainability reporting are not carried out in conformity with the provisions adopted in the implementation of this Directive, and, where applicable, with Regulation (EU) No 537/2014."
csrd,32022L2464,Amendments to Directive 2006/43/EC,‘Article 28a,TRANSITIONAL AND FINAL PROVISIONS ’;,article,auditoria,high,0,statutory auditor,statutory auditor,"2. Without prejudice to their civil liability regimes, Member States shall provide for effective, proportionate and dissuasive sanctions in respect of statutory auditors and audit firms, where statutory audits or assurance of sustainability reporting are not carried out in conformity with the provisions adopted in the implementation of this Directive, and, where applicable, with Regulation (EU) No 537/2014."
csrd,32022L2464,Amendments to Directive 2006/43/EC,‘Article 28a,TRANSITIONAL AND FINAL PROVISIONS ’;,article,reportar,high,0,sustainability reporting,sustainability reporting,"a temporary prohibition, of up to three years’ duration, banning the statutory auditor, the audit firm or the key sustainability partner from carrying out the assurance of sustainability reporting and/or signing assurance reports on sustainability reporting;’;"
csrd,32022L2464,Amendments to Directive 2006/43/EC,‘Article 28a,TRANSITIONAL AND FINAL PROVISIONS ’;,article,auditoria,high,0,statutory auditor,statutory auditor,"a temporary prohibition, of up to three years’ duration, banning the statutory auditor, the audit firm or the key sustainability partner from carrying out the assurance of sustainability reporting and/or signing assurance reports on sustainability reporting;’;"
csrd,32022L2464,Amendments to Directive 2006/43/EC,‘Article 28a,TRANSITIONAL AND FINAL PROVISIONS ’;,article,reportar,high,0,sustainability reporting,sustainability reporting,a declaration that the assurance report on sustainability reporting does not meet the requirements of Article 28a of this Directive;’;
csrd,32022L2464,Amendments to Directive 2006/43/EC,‘Article 28a,TRANSITIONAL AND FINAL PROVISIONS ’;,article,auditoria,low,0,\bassurance\b,assurance,a declaration that the assurance report on sustainability reporting does not meet the requirements of Article 28a of this Directive;’;
csrd,32022L2464,Amendments to Directive 2006/43/EC,‘Article 28a,TRANSITIONAL AND FINAL PROVISIONS ’;,article,reportar,high,0,sustainability reporting,sustainability reporting,"‘3. The competent authority shall be governed by non-practitioners who are knowledgeable in the areas relevant to statutory audit and, where applicable, to the assurance of sustainability reporting. They shall be selected in accordance with an independent and transparent nomination procedure.’;"
csrd,32022L2464,Amendments to Directive 2006/43/EC,‘Article 28a,TRANSITIONAL AND FINAL PROVISIONS ’;,article,auditoria,low,0,\baudit\w*,audit,"‘3. The competent authority shall be governed by non-practitioners who are knowledgeable in the areas relevant to statutory audit and, where applicable, to the assurance of sustainability reporting. They shall be selected in accordance with an independent and transparent nomination procedure.’;"
csrd,32022L2464,Amendments to Directive 2006/43/EC,‘Article 28a,TRANSITIONAL AND FINAL PROVISIONS ’;,article,reportar,high,0,sustainability reporting,sustainability reporting,"the adoption of standards on professional ethics, internal quality control of audit firms, auditing and the assurance of sustainability reporting, except where those standards are adopted or approved by other Member State authorities;’;"
csrd,32022L2464,Amendments to Directive 2006/43/EC,‘Article 28a,TRANSITIONAL AND FINAL PROVISIONS ’;,article,auditoria,high,0,audit firm,audit firm,"the adoption of standards on professional ethics, internal quality control of audit firms, auditing and the assurance of sustainability reporting, except where those standards are adopted or approved by other Member State authorities;’;"
csrd,32022L2464,Amendments to Directive 2006/43/EC,‘Article 36a,TRANSITIONAL AND FINAL PROVISIONS ’;,article,reportar,high,0,sustainability reporting,sustainability reporting,Regulatory arrangements between Member States as regards the assurance of sustainability reporting
csrd,32022L2464,Amendments to Directive 2006/43/EC,‘Article 36a,TRANSITIONAL AND FINAL PROVISIONS ’;,article,auditoria,low,0,\bassurance\b,assurance,Regulatory arrangements between Member States as regards the assurance of sustainability reporting
csrd,32022L2464,Amendments to Directive 2006/43/EC,‘Article 36a,TRANSITIONAL AND FINAL PROVISIONS ’;,article,reportar,high,0,sustainability reporting,sustainability reporting,The requirements of Articles 34 and 36 as regards the statutory audit of financial statements shall apply mutatis mutandis to the assurance of sustainability reporting.’;
csrd,32022L2464,Amendments to Directive 2006/43/EC,‘Article 36a,TRANSITIONAL AND FINAL PROVISIONS ’;,article,auditoria,low,0,\baudit\w*,audit,The requirements of Articles 34 and 36 as regards the statutory audit of financial statements shall apply mutatis mutandis to the assurance of sustainability reporting.’;
csrd,32022L2464,Amendments to Directive 2006/43/EC,‘Article 36a,TRANSITIONAL AND FINAL PROVISIONS ’;,article,reportar,high,0,sustainability reporting,sustainability reporting,‘The first subparagraph shall apply to the appointment of the statutory auditor or audit firm for the purpose of the assurance of sustainability reporting.’;
csrd,32022L2464,Amendments to Directive 2006/43/EC,‘Article 36a,TRANSITIONAL AND FINAL PROVISIONS ’;,article,auditoria,high,0,statutory auditor,statutory auditor,‘The first subparagraph shall apply to the appointment of the statutory auditor or audit firm for the purpose of the assurance of sustainability reporting.’;
csrd,32022L2464,Amendments to Directive 2006/43/EC,‘Article 36a,TRANSITIONAL AND FINAL PROVISIONS ’;,article,reportar,high,0,sustainability reporting,sustainability reporting,‘The first subparagraph shall apply to the appointment of the statutory auditor or audit firm for the purpose of the assurance of sustainability reporting.’;
csrd,32022L2464,Amendments to Directive 2006/43/EC,‘Article 36a,TRANSITIONAL AND FINAL PROVISIONS ’;,article,auditoria,high,0,statutory auditor,statutory auditor,‘The first subparagraph shall apply to the appointment of the statutory auditor or audit firm for the purpose of the assurance of sustainability reporting.’;
csrd,32022L2464,Amendments to Directive 2006/43/EC,‘Article 36a,TRANSITIONAL AND FINAL PROVISIONS ’;,article,reportar,high,0,sustainability reporting,sustainability reporting,"‘3. Any contractual clause restricting the choice by the general meeting of shareholders or members of the audited entity pursuant to paragraph 1 to certain categories or lists of statutory auditors or audit firms as regards the appointment of a particular statutory auditor or audit firm to carry out the statutory audit and, where applicable, the assurance of sustainability reporting of that entity shall be prohibited. Any such existing clauses shall be null and void."
csrd,32022L2464,Amendments to Directive 2006/43/EC,‘Article 36a,TRANSITIONAL AND FINAL PROVISIONS ’;,article,auditoria,high,0,statutory auditor,statutory auditor,"‘3. Any contractual clause restricting the choice by the general meeting of shareholders or members of the audited entity pursuant to paragraph 1 to certain categories or lists of statutory auditors or audit firms as regards the appointment of a particular statutory auditor or audit firm to carry out the statutory audit and, where applicable, the assurance of sustainability reporting of that entity shall be prohibited. Any such existing clauses shall be null and void."
csrd,32022L2464,Amendments to Directive 2006/43/EC,‘Article 36a,TRANSITIONAL AND FINAL PROVISIONS ’;,article,reportar,high,0,sustainability reporting,sustainability reporting,"Member States shall ensure that shareholders or members of large undertakings subject to Articles 19a and 29a of Directive 2013/34/EU, except undertakings referred to in point (a) of point (1) of Article 2 of that Directive, and which represent more than 5 % of the voting rights or 5 % of the capital of the undertaking, acting individually or collectively, have the right to table a draft resolution to be adopted in the general meeting of shareholders or members, requiring that an accredited thir"
csrd,32022L2464,Amendments to Directive 2006/43/EC,‘Article 36a,TRANSITIONAL AND FINAL PROVISIONS ’;,article,certificacao,low,0,\baccredited\b,accredited,"Member States shall ensure that shareholders or members of large undertakings subject to Articles 19a and 29a of Directive 2013/34/EU, except undertakings referred to in point (a) of point (1) of Article 2 of that Directive, and which represent more than 5 % of the voting rights or 5 % of the capital of the undertaking, acting individually or collectively, have the right to table a draft resolution to be adopted in the general meeting of shareholders or members, requiring that an accredited thir"
csrd,32022L2464,Amendments to Directive 2006/43/EC,‘Article 36a,TRANSITIONAL AND FINAL PROVISIONS ’;,article,auditoria,high,0,statutory auditor,statutory auditor,"Member States shall ensure that shareholders or members of large undertakings subject to Articles 19a and 29a of Directive 2013/34/EU, except undertakings referred to in point (a) of point (1) of Article 2 of that Directive, and which represent more than 5 % of the voting rights or 5 % of the capital of the undertaking, acting individually or collectively, have the right to table a draft resolution to be adopted in the general meeting of shareholders or members, requiring that an accredited thir"
csrd,32022L2464,Amendments to Directive 2006/43/EC,‘Article 36a,TRANSITIONAL AND FINAL PROVISIONS ’;,article,reportar,high,0,sustainability reporting,sustainability reporting,"‘1. Member States shall ensure that statutory auditors or audit firms may be dismissed only where there are proper grounds. Divergence of opinions on accounting treatments, audit procedures or, where applicable, on sustainability reporting or assurance procedures shall not be proper grounds for dismissal.’;"
csrd,32022L2464,Amendments to Directive 2006/43/EC,‘Article 36a,TRANSITIONAL AND FINAL PROVISIONS ’;,article,auditoria,high,0,statutory auditor,statutory auditor,"‘1. Member States shall ensure that statutory auditors or audit firms may be dismissed only where there are proper grounds. Divergence of opinions on accounting treatments, audit procedures or, where applicable, on sustainability reporting or assurance procedures shall not be proper grounds for dismissal.’;"
csrd,32022L2464,Amendments to Directive 2006/43/EC,‘Article 36a,TRANSITIONAL AND FINAL PROVISIONS ’;,article,reportar,high,0,sustainability reporting,sustainability reporting,‘The obligation to inform provided for in the first subparagraph shall also apply to the assurance of sustainability reporting.’;
csrd,32022L2464,Amendments to Directive 2006/43/EC,‘Article 36a,TRANSITIONAL AND FINAL PROVISIONS ’;,article,auditoria,low,0,\bassurance\b,assurance,‘The obligation to inform provided for in the first subparagraph shall also apply to the assurance of sustainability reporting.’;
csrd,32022L2464,Amendments to Directive 2006/43/EC,‘Article 36a,TRANSITIONAL AND FINAL PROVISIONS ’;,article,reportar,high,0,sustainability reporting,sustainability reporting,‘The first subparagraph shall also apply to the assurance of sustainability reporting.’;
csrd,32022L2464,Amendments to Directive 2006/43/EC,‘Article 36a,TRANSITIONAL AND FINAL PROVISIONS ’;,article,auditoria,low,0,\bassurance\b,assurance,‘The first subparagraph shall also apply to the assurance of sustainability reporting.’;
csrd,32022L2464,Amendments to Directive 2006/43/EC,‘Article 36a,TRANSITIONAL AND FINAL PROVISIONS ’;,article,reportar,high,0,sustainability reporting,sustainability reporting,‘4a. Member States may allow the functions assigned to the audit committee relating to sustainability reporting and relating to the assurance of sustainability reporting to be performed by the administrative or supervisory body as a whole or by a dedicated body established by the administrative or supervisory body.’;
csrd,32022L2464,Amendments to Directive 2006/43/EC,‘Article 36a,TRANSITIONAL AND FINAL PROVISIONS ’;,article,auditoria,low,0,\baudit\w*,audit,‘4a. Member States may allow the functions assigned to the audit committee relating to sustainability reporting and relating to the assurance of sustainability reporting to be performed by the administrative or supervisory body as a whole or by a dedicated body established by the administrative or supervisory body.’;
csrd,32022L2464,Amendments to Directive 2006/43/EC,‘Article 36a,TRANSITIONAL AND FINAL PROVISIONS ’;,article,reportar,high,0,sustainability reporting,sustainability reporting,"inform the administrative or supervisory body of the audited entity of the outcome of the statutory audit and, where applicable, of the outcome of the assurance of sustainability reporting and explain how the statutory audit and the assurance of sustainability reporting contributed to the integrity of financial reporting and sustainability reporting respectively, and what the role of the audit committee was in that process;"
csrd,32022L2464,Amendments to Directive 2006/43/EC,‘Article 36a,TRANSITIONAL AND FINAL PROVISIONS ’;,article,auditoria,low,0,\baudit\w*,audited,"inform the administrative or supervisory body of the audited entity of the outcome of the statutory audit and, where applicable, of the outcome of the assurance of sustainability reporting and explain how the statutory audit and the assurance of sustainability reporting contributed to the integrity of financial reporting and sustainability reporting respectively, and what the role of the audit committee was in that process;"
csrd,32022L2464,Amendments to Directive 2006/43/EC,‘Article 36a,TRANSITIONAL AND FINAL PROVISIONS ’;,article,reportar,high,0,sustainability reporting,sustainability reporting,"monitor the financial and, where applicable, sustainability reporting process, including the electronic reporting process as referred to in Article 29d of Directive 2013/34/EU and the process carried out by the undertaking to identify the information reported in accordance with the sustainability reporting standards adopted pursuant to Article 29b of that Directive, and submit recommendations or proposals to ensure their integrity;"
csrd,32022L2464,Amendments to Directive 2006/43/EC,‘Article 36a,TRANSITIONAL AND FINAL PROVISIONS ’;,article,reportar,high,0,sustainability reporting,sustainability reporting,"monitor the effectiveness of the undertaking’s internal quality control and risk management systems and, where applicable, its internal audit, regarding the financial reporting and, where applicable, sustainability reporting of the undertaking, including its electronic reporting process as referred to in Article 29d of Directive 2013/34/EU, without breaching its independence;"
csrd,32022L2464,Amendments to Directive 2006/43/EC,‘Article 36a,TRANSITIONAL AND FINAL PROVISIONS ’;,article,auditoria,low,0,\baudit\w*,audit,"monitor the effectiveness of the undertaking’s internal quality control and risk management systems and, where applicable, its internal audit, regarding the financial reporting and, where applicable, sustainability reporting of the undertaking, including its electronic reporting process as referred to in Article 29d of Directive 2013/34/EU, without breaching its independence;"
csrd,32022L2464,Amendments to Directive 2006/43/EC,‘Article 36a,TRANSITIONAL AND FINAL PROVISIONS ’;,article,reportar,high,0,sustainability reporting,sustainability reporting,"monitor the statutory audit of the annual and consolidated financial statements and, where applicable, the assurance of the annual and consolidated sustainability reporting, in particular its performance, taking into account any findings and conclusions by the competent authority pursuant to Article 26(6) of Regulation (EU) No 537/2014;"
csrd,32022L2464,Amendments to Directive 2006/43/EC,‘Article 36a,TRANSITIONAL AND FINAL PROVISIONS ’;,article,auditoria,low,0,\baudit\w*,audit,"monitor the statutory audit of the annual and consolidated financial statements and, where applicable, the assurance of the annual and consolidated sustainability reporting, in particular its performance, taking into account any findings and conclusions by the competent authority pursuant to Article 26(6) of Regulation (EU) No 537/2014;"
csrd,32022L2464,Amendments to Directive 2006/43/EC,‘Article 36a,TRANSITIONAL AND FINAL PROVISIONS ’;,article,auditoria,high,0,statutory auditor,statutory auditor,"review and monitor the independence of the statutory auditors or the audit firms in accordance with Articles 22, 22a, 22b, 24a, 24b, 25b, 25c and 25d of this Directive and with Article 6 of Regulation (EU) No 537/2014, and in particular the appropriateness of the provision of non-audit services to the audited entity in accordance with Article 5 of that Regulation;’;"
csrd,32022L2464,Amendments to Directive 2006/43/EC,‘Article 36a,TRANSITIONAL AND FINAL PROVISIONS ’;,article,reportar,high,0,sustainability reporting,sustainability reporting,"‘1. The competent authorities of a Member State shall, in accordance with Articles 15, 16 and 17 of this Directive, register every third-country auditor and audit entity, where that third-country auditor or audit entity provides an audit report concerning the annual or consolidated financial statements, or, where applicable, an assurance report concerning the annual or consolidated sustainability reporting of an undertaking incorporated outside the Union whose transferable securities are admitte"
csrd,32022L2464,Amendments to Directive 2006/43/EC,‘Article 36a,TRANSITIONAL AND FINAL PROVISIONS ’;,article,auditoria,high,0,(EU ETS )?(lead )?auditor,auditor,"‘1. The competent authorities of a Member State shall, in accordance with Articles 15, 16 and 17 of this Directive, register every third-country auditor and audit entity, where that third-country auditor or audit entity provides an audit report concerning the annual or consolidated financial statements, or, where applicable, an assurance report concerning the annual or consolidated sustainability reporting of an undertaking incorporated outside the Union whose transferable securities are admitte"
csrd,32022L2464,Amendments to Directive 2006/43/EC,‘Article 36a,TRANSITIONAL AND FINAL PROVISIONS ’;,article,reportar,high,0,sustainability reporting,sustainability reporting,"‘4. Without prejudice to Article 46, audit reports concerning annual accounts or consolidated accounts or, where applicable, the assurance reports concerning annual or consolidated sustainability reporting referred to in paragraph 1 of this Article issued by third-country auditors or audit entities that are not registered in the Member State shall have no legal effect in that Member State."
csrd,32022L2464,Amendments to Directive 2006/43/EC,‘Article 36a,TRANSITIONAL AND FINAL PROVISIONS ’;,article,auditoria,high,0,(EU ETS )?(lead )?auditor,auditor,"‘4. Without prejudice to Article 46, audit reports concerning annual accounts or consolidated accounts or, where applicable, the assurance reports concerning annual or consolidated sustainability reporting referred to in paragraph 1 of this Article issued by third-country auditors or audit entities that are not registered in the Member State shall have no legal effect in that Member State."
csrd,32022L2464,Amendments to Directive 2006/43/EC,‘Article 36a,TRANSITIONAL AND FINAL PROVISIONS ’;,article,auditoria,low,0,\baudit\w*,audit,5. A Member State may register a third-country audit entity for the purpose of the audit of financial statements only if:
csrd,32022L2464,Amendments to Directive 2006/43/EC,‘Article 36a,TRANSITIONAL AND FINAL PROVISIONS ’;,article,auditoria,low,0,\baudit\w*,audit,"the majority of the members of the administrative or management body of the third-country audit entity meet requirements which are equivalent to those laid down in Articles 4 to 10, with the exception of Article 7(2), Article 8(3) and the second subparagraph of Article 10(1);"
csrd,32022L2464,Amendments to Directive 2006/43/EC,‘Article 36a,TRANSITIONAL AND FINAL PROVISIONS ’;,article,auditoria,high,0,(EU ETS )?(lead )?auditor,auditor,"the third-country auditor carrying out the audit on behalf of the third-country audit entity meets requirements which are equivalent to those laid down in Articles 4 to 10, with the exception of Article 7(2), Article 8(3) and the second subparagraph of Article 10(1);"
csrd,32022L2464,Amendments to Directive 2006/43/EC,‘Article 36a,TRANSITIONAL AND FINAL PROVISIONS ’;,article,auditoria,low,0,\baudit\w*,audits,"the audits of the annual or consolidated financial statements referred to in paragraph 1 of this Article are carried out in accordance with international auditing standards as referred to in Article 26, as well as the requirements laid down in Articles 22, 22b and 25, or with equivalent standards and requirements;"
csrd,32022L2464,Amendments to Directive 2006/43/EC,‘Article 36a,TRANSITIONAL AND FINAL PROVISIONS ’;,article,reportar,low,0,\breport\b,report,the third-country audit entity publishes on its website an annual transparency report which includes the information referred to in Article 13 of Regulation (EU) No 537/2014 or it complies with equivalent disclosure requirements.
csrd,32022L2464,Amendments to Directive 2006/43/EC,‘Article 36a,TRANSITIONAL AND FINAL PROVISIONS ’;,article,auditoria,low,0,\baudit\w*,audit,the third-country audit entity publishes on its website an annual transparency report which includes the information referred to in Article 13 of Regulation (EU) No 537/2014 or it complies with equivalent disclosure requirements.
csrd,32022L2464,Amendments to Directive 2006/43/EC,‘Article 36a,TRANSITIONAL AND FINAL PROVISIONS ’;,article,reportar,high,0,sustainability reporting,sustainability reporting,A Member State may register a third-country audit entity for the purpose of the assurance of sustainability reporting only if:
csrd,32022L2464,Amendments to Directive 2006/43/EC,‘Article 36a,TRANSITIONAL AND FINAL PROVISIONS ’;,article,auditoria,low,0,\baudit\w*,audit,A Member State may register a third-country audit entity for the purpose of the assurance of sustainability reporting only if:
csrd,32022L2464,Amendments to Directive 2006/43/EC,‘Article 36a,TRANSITIONAL AND FINAL PROVISIONS ’;,article,auditoria,low,0,\baudit\w*,audit,the majority of the members of the administrative or management body of the third-country audit entity meet requirements which are equivalent to those laid down in Articles 4 to 10;
csrd,32022L2464,Amendments to Directive 2006/43/EC,‘Article 36a,TRANSITIONAL AND FINAL PROVISIONS ’;,article,auditoria,high,0,(EU ETS )?(lead )?auditor,auditor,the third-country auditor carrying out the assurance on behalf of the third-country audit entity meets requirements which are equivalent to those laid down in Articles 4 to 10;
csrd,32022L2464,Amendments to Directive 2006/43/EC,‘Article 36a,TRANSITIONAL AND FINAL PROVISIONS ’;,article,reportar,high,0,sustainability reporting,sustainability reporting,"the assurance of the annual or consolidated sustainability reporting referred to in paragraph 1 is carried out in accordance with the assurance standards referred to in Article 26a, as well as the requirements laid down in Articles 22, 22b, 25 and 25b, or with equivalent standards and requirements;"
csrd,32022L2464,Amendments to Directive 2006/43/EC,‘Article 36a,TRANSITIONAL AND FINAL PROVISIONS ’;,article,auditoria,low,0,\bassurance\b,assurance,"the assurance of the annual or consolidated sustainability reporting referred to in paragraph 1 is carried out in accordance with the assurance standards referred to in Article 26a, as well as the requirements laid down in Articles 22, 22b, 25 and 25b, or with equivalent standards and requirements;"
csrd,32022L2464,Amendments to Directive 2006/43/EC,‘Article 36a,TRANSITIONAL AND FINAL PROVISIONS ’;,article,reportar,low,0,\breport\b,report,the third-country audit entity publishes on its website an annual transparency report which includes the information referred to in Article 13 of Regulation (EU) No 537/2014 or it complies with equivalent disclosure requirements.
csrd,32022L2464,Amendments to Directive 2006/43/EC,‘Article 36a,TRANSITIONAL AND FINAL PROVISIONS ’;,article,auditoria,low,0,\baudit\w*,audit,the third-country audit entity publishes on its website an annual transparency report which includes the information referred to in Article 13 of Regulation (EU) No 537/2014 or it complies with equivalent disclosure requirements.
csrd,32022L2464,Amendments to Directive 2006/43/EC,‘Article 36a,TRANSITIONAL AND FINAL PROVISIONS ’;,article,auditoria,high,0,(EU ETS )?(lead )?auditor,auditor,"5a. A Member State may register a third-country auditor for the purpose of the audit of financial statements only if he or she meets the requirements set out in points (b), (c) and (d) of the first subparagraph of paragraph 5 of this Article."
csrd,32022L2464,Amendments to Directive 2006/43/EC,‘Article 36a,TRANSITIONAL AND FINAL PROVISIONS ’;,article,reportar,high,0,sustainability reporting,sustainability reporting,"A Member State may register a third-country auditor for the purpose of the assurance for sustainability reporting only if he or she meets the requirements set out in points (b), (c) and (d) of the second subparagraph of paragraph 5 of this Article."
csrd,32022L2464,Amendments to Directive 2006/43/EC,‘Article 36a,TRANSITIONAL AND FINAL PROVISIONS ’;,article,auditoria,high,0,(EU ETS )?(lead )?auditor,auditor,"A Member State may register a third-country auditor for the purpose of the assurance for sustainability reporting only if he or she meets the requirements set out in points (b), (c) and (d) of the second subparagraph of paragraph 5 of this Article."
csrd,32022L2464,Amendments to Directive 2006/43/EC,‘Article 36a,TRANSITIONAL AND FINAL PROVISIONS ’;,article,reportar,high,0,sustainability reporting,sustainability reporting,"The Commission shall be empowered to adopt delegated acts in accordance with Article 48a supplementing this Directive for the purpose of establishing the general equivalence criteria to be used in assessing whether the audits of the financial statements and, where applicable, the assurance of sustainability reporting referred to in paragraph 1 of this Article are carried out in accordance with international auditing standards as defined in Article 26 and with assurance standards for sustainabili"
csrd,32022L2464,Amendments to Directive 2006/43/EC,‘Article 36a,TRANSITIONAL AND FINAL PROVISIONS ’;,article,auditoria,low,0,\baudit\w*,audits,"The Commission shall be empowered to adopt delegated acts in accordance with Article 48a supplementing this Directive for the purpose of establishing the general equivalence criteria to be used in assessing whether the audits of the financial statements and, where applicable, the assurance of sustainability reporting referred to in paragraph 1 of this Article are carried out in accordance with international auditing standards as defined in Article 26 and with assurance standards for sustainabili"
csrd,32022L2464,Amendments to Directive 2006/43/EC,Article 4,TRANSITIONAL AND FINAL PROVISIONS ’;,article,reportar,high,0,sustainability reporting,sustainability reporting,"‘For the purposes of the limits specified in the first subparagraph of this paragraph, the assurance of sustainability reporting, and non-audit services other than those referred to in Article 5(1), required by Union or national legislation, shall be excluded.’;"
csrd,32022L2464,Amendments to Directive 2006/43/EC,Article 4,TRANSITIONAL AND FINAL PROVISIONS ’;,article,auditoria,low,0,\baudit\w*,audit,"‘For the purposes of the limits specified in the first subparagraph of this paragraph, the assurance of sustainability reporting, and non-audit services other than those referred to in Article 5(1), required by Union or national legislation, shall be excluded.’;"
csrd,32022L2464,Amendments to Directive 2006/43/EC,Article 4,TRANSITIONAL AND FINAL PROVISIONS ’;,article,reportar,high,0,sustainability reporting,sustainability reporting,bookkeeping and preparing accounting records and financial statements as well as preparing sustainability reporting;’;
csrd,32022L2464,Amendments to Directive 2006/43/EC,Article 4,TRANSITIONAL AND FINAL PROVISIONS ’;,article,reportar,high,0,sustainability reporting,sustainability reporting,‘The approval of the audit committee referred to in the first subparagraph shall not be needed for the provision of assurance of sustainability reporting.’.
csrd,32022L2464,Amendments to Directive 2006/43/EC,Article 4,TRANSITIONAL AND FINAL PROVISIONS ’;,article,auditoria,low,0,\baudit\w*,audit,‘The approval of the audit committee referred to in the first subparagraph shall not be needed for the provision of assurance of sustainability reporting.’.
csrd,32022L2464,Amendments to Directive 2006/43/EC,Article 6,TRANSITIONAL AND FINAL PROVISIONS ’;,article,reportar,low,0,\breport\b,report,"1. The Commission shall submit a report to the European Parliament and to the Council on the implementation of this amending Directive, including, inter alia:"
csrd,32022L2464,Amendments to Directive 2006/43/EC,Article 6,TRANSITIONAL AND FINAL PROVISIONS ’;,article,reportar,high,0,sustainability reporting,sustainability reporting,an assessment of the number of small and medium-sized undertakings voluntarily using the sustainability reporting standards referred to in Article 29c of Directive 2013/34/EU;
csrd,32022L2464,Amendments to Directive 2006/43/EC,Article 6,TRANSITIONAL AND FINAL PROVISIONS ’;,article,reportar,high,0,reporting (obligation|requirement)s?,reporting requirements,"an assessment of the implementation of the reporting requirements on subsidiaries and branches of third-country undertakings introduced by this amending Directive, including an assessment of the number of third-country undertakings which have a subsidiary undertaking or a branch reporting in accordance with Article 40a of Directive 2013/34/EU; an assessment of the enforcement mechanism and of the thresholds set out in that Article;"
csrd,32022L2464,Amendments to Directive 2006/43/EC,Article 6,TRANSITIONAL AND FINAL PROVISIONS ’;,article,reportar,low,0,\breport\b,report,"The report shall be published by 30 April 2029 and every three years thereafter, and shall be accompanied, if appropriate, by legislative proposals."
csrd,32022L2464,Amendments to Directive 2006/43/EC,Article 6,TRANSITIONAL AND FINAL PROVISIONS ’;,article,reportar,low,0,\breport\b,report,"2. By 31 December 2028, the Commission shall review and report on the level of concentration of the sustainability assurance market. That review shall take into account the national regimes applicable to independent assurance services providers and assess whether and to what extent those national regimes contribute to opening up the assurance market."
csrd,32022L2464,Amendments to Directive 2006/43/EC,Article 6,TRANSITIONAL AND FINAL PROVISIONS ’;,article,certificacao,high,0,independent assurance services provider,independent assurance services provider,"2. By 31 December 2028, the Commission shall review and report on the level of concentration of the sustainability assurance market. That review shall take into account the national regimes applicable to independent assurance services providers and assess whether and to what extent those national regimes contribute to opening up the assurance market."
csrd,32022L2464,Amendments to Directive 2006/43/EC,Article 6,TRANSITIONAL AND FINAL PROVISIONS ’;,article,auditoria,high,0,assurance (engagement|opinion|provider|services),assurance services,"2. By 31 December 2028, the Commission shall review and report on the level of concentration of the sustainability assurance market. That review shall take into account the national regimes applicable to independent assurance services providers and assess whether and to what extent those national regimes contribute to opening up the assurance market."
csrd,32022L2464,Amendments to Directive 2006/43/EC,Article 6,TRANSITIONAL AND FINAL PROVISIONS ’;,article,reportar,high,0,sustainability reporting,sustainability reporting,"By 31 December 2028, the Commission shall assess possible legal measures to ensure sufficient diversification of the sustainability assurance market and appropriate sustainability reporting quality. The Commission shall review the measures provided for in Article 34 of Directive 2013/34/EU and assess the need to extend them to other large undertakings."
csrd,32022L2464,Amendments to Directive 2006/43/EC,Article 6,TRANSITIONAL AND FINAL PROVISIONS ’;,article,auditoria,low,0,\bassurance\b,assurance,"By 31 December 2028, the Commission shall assess possible legal measures to ensure sufficient diversification of the sustainability assurance market and appropriate sustainability reporting quality. The Commission shall review the measures provided for in Article 34 of Directive 2013/34/EU and assess the need to extend them to other large undertakings."
csrd,32022L2464,Amendments to Directive 2006/43/EC,Article 6,TRANSITIONAL AND FINAL PROVISIONS ’;,article,reportar,low,0,\breport\b,report,"The report shall be transmitted to the European Parliament and the Council by 31 December 2028 and shall be accompanied, if appropriate, by legislative proposals."
ecolabel,32010R0066,,,,recital,certificacao,high,0,(competent|accredited) bod(y|ies),competent bodies,"It is appropriate to provide for the conditions under which the EU Ecolabel may be used and, in order to ensure compliance with those conditions, to require competent bodies to undertake verifications and to prohibit the use of the EU Ecolabel where the conditions for use have not been complied with. It is also appropriate to require Member States to lay down the rules on penalties applicable to infringements of this Regulation and to ensure that they are implemented."
ecolabel,32010R0066,,,,recital,certificacao,high,0,(competent|accredited) bod(y|ies),competent bodies,"In order to ensure a harmonised application of the awarding system and of the market surveillance and control of the use of the EU Ecolabel throughout the Community, competent bodies should exchange information and experiences."
ecolabel,32010R0066,,Article 4,,article,certificacao,high,0,(competent|accredited) bod(y|ies),Competent bodies,Competent bodies
ecolabel,32010R0066,,Article 4,,article,certificacao,high,0,(competent|accredited) bod(y|ies),competent body,"1. Each Member State shall designate the body or bodies, within government ministries or outside, responsible for carrying out the tasks provided for in this Regulation (‘the competent body’ or ‘the competent bodies’) and ensure that they are operational. Where more than one competent body is designated, the Member State shall determine those bodies’ respective powers and the coordination requirements applicable to them."
ecolabel,32010R0066,,Article 4,,article,certificacao,high,0,(competent|accredited) bod(y|ies),competent bodies,2. The composition of the competent bodies shall be such as to guarantee their independence and neutrality and their rules of procedure shall be such as to ensure transparency in the conduct of their activities as well as the involvement of all interested parties.
ecolabel,32010R0066,,Article 4,,article,certificacao,high,0,(competent|accredited) bod(y|ies),competent bodies,3. Member States shall ensure that competent bodies meet the requirements laid down in Annex V.
ecolabel,32010R0066,,Article 4,,article,certificacao,high,0,(competent|accredited) bod(y|ies),Competent bodies,"4. Competent bodies shall ensure that the verification process is carried out in a consistent, neutral and reliable manner by a party independent from the operator being verified, based on international, European or national standards and procedures concerning bodies operating product-certification schemes."
ecolabel,32010R0066,,Article 5,,article,certificacao,high,0,(competent|accredited) bod(y|ies),competent bodies,"1. The Commission shall establish a European Union Ecolabelling Board (EUEB) consisting of the representatives of the competent bodies of all the Member States, as referred to in Article 4, and of other interested parties. The EUEB shall elect its president according to its rules of procedure. It shall contribute to the development and revision of EU Ecolabel criteria and to any review of the implementation of the EU Ecolabel scheme. It shall also provide the Commission with advice and assistanc"
ecolabel,32010R0066,,Article 5,,article,certificacao,high,0,(competent|accredited) bod(y|ies),competent bodies,"2. The Commission shall ensure that, in the conduct of its activities, the EUEB observes a balanced participation of all relevant interested parties in respect of each product group, such as competent bodies, producers, manufacturers, importers, service providers, wholesalers, retailers, notably SMEs, and environmental protection groups and consumer organisations."
ecolabel,32010R0066,,Article 7,,article,certificacao,high,0,(competent|accredited) bod(y|ies),competent bodies,"1. Following consultation of the EUEB, the Commission, Member States, competent bodies and other stakeholders may initiate and lead the development or revision of EU Ecolabel criteria. Where such other stakeholders are put in charge of leading the development of criteria, they must demonstrate expertise in the product area, as well as the ability to lead the process with neutrality and in line with the aims of this Regulation. In this regard, consortiums consisting of more than one interest grou"
ecolabel,32010R0066,,Article 7,,article,reportar,low,0,\breport\b,report,a preliminary report;
ecolabel,32010R0066,,Article 7,,article,reportar,low,0,\breport\b,report,a technical report in support of the proposal for draft criteria;
ecolabel,32010R0066,,Article 7,,article,reportar,low,0,\breport\b,report,a final report;
ecolabel,32010R0066,,Article 7,,article,certificacao,high,0,(competent|accredited) bod(y|ies),competent bodies,a manual for potential users of the EU Ecolabel and competent bodies;
ecolabel,32010R0066,,Article 9,,article,certificacao,high,1,(competent|accredited) bod(y|ies),competent bodies,1. Any operator who wishes to use the EU Ecolabel shall apply to the competent bodies referred to in Article 4 in accordance with the following rules:
ecolabel,32010R0066,,Article 9,,article,certificacao,high,1,(competent|accredited) bod(y|ies),competent body,"where a product originates in a single Member State, the application shall be presented to a competent body of that Member State;"
ecolabel,32010R0066,,Article 9,,article,certificacao,high,1,(competent|accredited) bod(y|ies),competent body,"where a product originates in the same form in several Member States, the application may be presented to a competent body in one of those Member States;"
ecolabel,32010R0066,,Article 9,,article,certificacao,high,1,(competent|accredited) bod(y|ies),competent body,"where a product originates outside the Community, the application shall be presented to a competent body in any of the Member States in which the product is to be or has been placed on the market."
ecolabel,32010R0066,,Article 9,,article,certificacao,high,1,(competent|accredited) bod(y|ies),competent body,"3. Applications shall specify the full contact details of the operator, as well as the product group in question and shall contain a full description of the product as well as all other information requested by the competent body."
ecolabel,32010R0066,,Article 9,,article,certificacao,high,1,(competent|accredited) bod(y|ies),competent body,4. The competent body to which an application is made shall charge fees according to Annex III. The use of the EU Ecolabel shall be conditional upon the fees having been paid in due time.
ecolabel,32010R0066,,Article 9,,article,certificacao,high,1,(competent|accredited) bod(y|ies),competent body,"5. Within two months of receipt of an application, the competent body concerned shall check whether the documentation is complete and shall notify the operator. The competent body may reject the application if the operator fails to complete the documentation within six months after such notification."
ecolabel,32010R0066,,Article 9,,article,certificacao,high,1,(competent|accredited) bod(y|ies),competent body,"Provided that the documentation is complete and the competent body has verified that the product complies with the EU Ecolabel criteria and assessment requirements published according to Article 8, the competent body shall assign a registration number to the product."
ecolabel,32010R0066,,Article 9,,article,certificacao,high,1,(competent|accredited) bod(y|ies),competent body,Operators shall meet the costs of testing and assessment of conformity with EU Ecolabel criteria. Operators may be charged for travel and accommodation costs where an on-site verification is needed outside the Member State in which the competent body is based.
ecolabel,32010R0066,,Article 9,,article,certificacao,high,1,(competent|accredited) bod(y|ies),competent body,"6. Where EU Ecolabel criteria require production facilities to meet certain requirements, they shall be met in all facilities in which the product bearing the EU Ecolabel is manufactured. Where appropriate, the competent body shall undertake on-site verifications or assign an authorised agent for that purpose."
ecolabel,32010R0066,,Article 9,,article,certificacao,high,1,(competent|accredited) bod(y|ies),Competent bodies,"7. Competent bodies shall preferentially recognise tests which are accredited according to ISO 17025 and verifications performed by bodies which are accredited under the EN 45011 standard or an equivalent international standard. Competent bodies shall collaborate in order to ensure the effective and consistent implementation of the assessment and verification procedures, notably through the working group referred to in Article 13."
ecolabel,32010R0066,,Article 9,,article,certificacao,high,1,(competent|accredited) bod(y|ies),competent body,"8. The competent body shall conclude a contract with each operator, covering the terms of use of the EU Ecolabel (including provisions for the authorisation and withdrawal of the EU Ecolabel, notably following the revision of criteria). To that end a standard contract shall be used in accordance with the template in Annex IV."
ecolabel,32010R0066,,Article 9,,article,certificacao,high,1,(competent|accredited) bod(y|ies),competent body,10. The competent body which has awarded the EU Ecolabel to a product shall notify the Commission thereof. The Commission shall establish a common register and update it regularly. That register shall be publicly available on a website dedicated to the EU Ecolabel.
ecolabel,32010R0066,,Article 10,,article,certificacao,high,0,(competent|accredited) bod(y|ies),competent body,"2. The competent body shall, in respect of products to which it has awarded the EU Ecolabel, verify that the product complies with the EU Ecolabel criteria and assessment requirements published under Article 8, on a regular basis. The competent body shall, as appropriate, also undertake such verifications upon complaint. These verifications may take the form of random spot-checks."
ecolabel,32010R0066,,Article 10,,article,certificacao,high,0,(competent|accredited) bod(y|ies),competent body,"The competent body which has awarded the EU Ecolabel to the product shall inform the user of the EU Ecolabel of any complaints made concerning the product bearing the EU Ecolabel, and may request the user to reply to those complaints. The competent body may withhold the identity of the complainant from the user."
ecolabel,32010R0066,,Article 10,,article,certificacao,high,0,(competent|accredited) bod(y|ies),competent body,3. The user of the EU Ecolabel shall allow the competent body which has awarded the EU Ecolabel to the product to undertake all necessary investigations to monitor its on-going compliance with the product group criteria and Article 9.
ecolabel,32010R0066,,Article 10,,article,certificacao,high,0,(competent|accredited) bod(y|ies),competent body,"4. The user of the EU Ecolabel shall, upon request by the competent body which has awarded the EU Ecolabel to the product, grant access to the premises on which the product concerned is produced."
ecolabel,32010R0066,,Article 10,,article,certificacao,high,0,(competent|accredited) bod(y|ies),competent body,"5. Where, after giving the user of the EU Ecolabel the opportunity to submit observations, any competent body which finds that a product bearing the EU Ecolabel does not comply with the relevant product group criteria or that the EU Ecolabel is not used in accordance with Article 9, it shall either prohibit the use of the EU Ecolabel on that product, or, in the event that the EU Ecolabel has been awarded by another competent body, it shall inform that competent body. The user of the EU Ecolabel "
ecolabel,32010R0066,,Article 10,,article,certificacao,high,0,(competent|accredited) bod(y|ies),competent body,The competent body shall without delay inform all other competent bodies and the Commission of that prohibition.
ecolabel,32010R0066,,Article 10,,article,certificacao,high,0,(competent|accredited) bod(y|ies),competent body,"6. The competent body which has awarded the EU Ecolabel to the product shall not disclose, or use for any purpose unconnected with the award for use of the EU Ecolabel, information to which it has gained access in the course of assessing the compliance by a user of the EU Ecolabel with the rules on use of the EU Ecolabel set out in Article 9."
ecolabel,32010R0066,,Article 13,,article,certificacao,high,0,(competent|accredited) bod(y|ies),competent bodies,"1. In order to foster consistent implementation of this Regulation, competent bodies shall regularly exchange information and experiences, in particular on the application of Articles 9 and 10."
ecolabel,32010R0066,,Article 13,,article,certificacao,high,0,(competent|accredited) bod(y|ies),competent bodies,2. The Commission shall set up a working group of competent bodies for this purpose. The working group shall meet at least twice a year. Travel expenses shall be borne by the Commission. The working group shall elect its chair and adopt its rules of procedure.
ecolabel,32010R0066,,Article 14,,article,reportar,low,0,\breport\b,Report,Report
ecolabel,32010R0066,,Article 14,,article,reportar,low,0,\breport\b,report,"By 19 February 2015, the Commission shall submit to the European Parliament and the Council a report on the implementation of the EU Ecolabel scheme. The report shall also identify elements for a possible review of the scheme."
ecolabel,32010R0066,,Article 20,,article,reportar,low,0,\breport\b,report,The preliminary report must contain the following elements:
ecolabel,32010R0066,,Article 20,,article,reportar,low,0,\breport\b,report,References of data and information collected and used for issuing the report.
ecolabel,32010R0066,,Article 20,,article,reportar,low,0,\breport\b,report,The preliminary report shall be made available on the Commission's dedicated EU Ecolabel website for comment and reference during the development of the criteria.
ecolabel,32010R0066,,Article 20,,article,reportar,low,0,\breport\b,report,"Where criteria are to be developed for food and feed product groups, the preliminary report must, with reference to the study undertaken according to Article 6(5), demonstrate the following:"
ecolabel,32010R0066,,Article 20,,article,reportar,low,0,\breport\b,report,"Following the publication of the preliminary report, a proposal for draft criteria and a technical report in support of the proposal shall be established."
ecolabel,32010R0066,,Article 20,,article,reportar,low,0,\breport\b,report,The technical report shall include at least the following elements:
ecolabel,32010R0066,,Article 20,,article,certificacao,high,0,(competent|accredited) bod(y|ies),competent body,"for each criterion, information about all tests, reports and other documentation that shall be produced by users on request from a competent body in accordance with Article 10(3)."
ecolabel,32010R0066,,Article 20,,article,reportar,low,0,\breport\b,report,The proposal for draft criteria and the technical report shall be made available for public consultation on the Commission's dedicated EU Ecolabel website for comment. The party leading the product group development shall distribute the proposal and the report to all interested parties.
ecolabel,32010R0066,,Article 20,,article,certificacao,high,0,(competent|accredited) bod(y|ies),competent bodies,"At least two open working group meetings shall be held on the draft criteria, to which all interested parties, such as competent bodies, industry (including SMEs), trade unions, retailers, importers, environmental and consumer organisations, shall be invited. The Commission shall also participate in those meetings."
ecolabel,32010R0066,,Article 20,,article,reportar,low,0,\breport\b,report,The proposal for draft criteria and the technical report shall be made available at least one month before the first working group meeting. Any subsequent proposal for draft criteria shall be made available at least one month before subsequent meetings. The reasoning behind any changes to the criteria in subsequent drafts shall be fully explained and documented with reference to discussions in the open working groups meetings and comments received in public consultation.
ecolabel,32010R0066,,Article 20,,article,reportar,low,0,\breport\b,report,The final report shall contain the following elements:
ecolabel,32010R0066,,Article 20,,article,certificacao,high,0,(competent|accredited) bod(y|ies),competent bodies,"a one-page summary of the level of support for the draft criteria by the competent bodies,"
ecolabel,32010R0066,,Article 20,,article,reportar,low,0,\breport\b,report,"Any observations received on the final report shall be taken into consideration, and information on the follow-up to the comments shall be provided on request."
ecolabel,32010R0066,,Article 20,,article,certificacao,high,0,(competent|accredited) bod(y|ies),competent bodies,A manual shall be established in order to assist potential users of the EU Ecolabel and competent bodies in assessing the compliance of products with the criteria.
ecolabel,32010R0066,,Article 20,,article,certificacao,high,0,(competent|accredited) bod(y|ies),competent bodies,The Commission will provide templates translated into all official Community languages for the manual for potential users and competent bodies and for the manual for authorities awarding public contracts.
ecolabel,32010R0066,,Article 20,,article,reportar,low,0,\breport\b,report,"A single report shall be submitted to the Commission. This report shall include a section demonstrating that the technical and consultation requirements set out in Part A have been met, along with a proposal for draft criteria, a manual for potential users of the EU Ecolabel and competent bodies, and a manual for authorities awarding public contracts."
ecolabel,32010R0066,,Article 20,,article,certificacao,high,0,(competent|accredited) bod(y|ies),competent bodies,"A single report shall be submitted to the Commission. This report shall include a section demonstrating that the technical and consultation requirements set out in Part A have been met, along with a proposal for draft criteria, a manual for potential users of the EU Ecolabel and competent bodies, and a manual for authorities awarding public contracts."
ecolabel,32010R0066,,Article 20,,article,reportar,low,0,\breport\b,report,"If the Commission is satisfied that the report and criteria meet the requirements set out in Part A, the report and the proposal for draft criteria shall be made available for public consultation on the Commission's dedicated EU Ecolabel website for a period of two months for comment."
ecolabel,32010R0066,,Article 20,,article,certificacao,high,0,(competent|accredited) bod(y|ies),competent bodies,"Upon request from any Member State, an open working group meeting shall be held on the draft criteria, in which all interested parties, such as competent bodies, industry (including SMEs), trade unions, retailers, importers, environmental and consumer organisations, shall participate. The Commission shall also participate in that meeting."
ecolabel,32010R0066,,Article 20,,article,reportar,low,0,\breport\b,report,The Commission shall produce a report containing the following:
ecolabel,32010R0066,,Article 20,,article,certificacao,high,0,(competent|accredited) bod(y|ies),competent bodies,"a revised manual for potential users of the EU Ecolabel and competent bodies, and"
ecolabel,32010R0066,,Article 20,,article,reportar,low,0,\breport\b,report,The report and the proposal for draft criteria shall be made available for public consultation on the Commission's dedicated EU Ecolabel website for a period of two months for comment.
ecolabel,32010R0066,,Article 20,,article,certificacao,high,0,(competent|accredited) bod(y|ies),competent bodies,"Upon request from any Member State, an open working group meeting shall be held on the draft revised criteria, in which all interested parties, such as competent bodies, industry (including SMEs), trade unions, retailers, importers, environmental and consumer organisations, shall participate. The Commission shall also participate in that meeting."
ecolabel,32010R0066,,Article 20,,article,certificacao,high,0,(competent|accredited) bod(y|ies),competent body,"Where xxxx refers to the country of registration, yyy refers to the product group and zzzzz refers to the number given by the competent body."
ecolabel,32010R0066,,Article 20,,article,certificacao,high,0,(competent|accredited) bod(y|ies),competent body,The competent body to which an application is made shall charge a fee according to the real administrative costs of processing the application. This fee shall be no lower than EUR 200 and no higher than EUR 1 200.
ecolabel,32010R0066,,Article 20,,article,auditoria,low,0,\baudit\w*,audit,"The application fee shall be reduced by 20 % for applicants registered under the Community eco-management and audit scheme (EMAS) and/or certified under the standard ISO 14001. This reduction is subject to the condition that the applicant explicitly commits, in its environmental policy, to ensure full compliance of its ecolabelled products with the EU Ecolabel criteria throughout the period of validity of the contract and that this commitment is appropriately incorporated into the detailed envir"
ecolabel,32010R0066,,Article 20,,article,certificacao,high,0,(competent|accredited) bod(y|ies),competent body,The competent body may require each applicant who has been awarded an EU Ecolabel to pay an annual fee of up to EUR 1 500 for the use of the label.
ecolabel,32010R0066,,Article 20,,article,certificacao,high,0,(competent|accredited) bod(y|ies),competent body,"The competent body ... (full title) hereinafter called ‘the competent body’,"
ecolabel,32010R0066,,Article 20,,article,certificacao,high,0,(competent|accredited) bod(y|ies),competent body,"1.1. The competent body grants the holder the right to use the EU Ecolabel for his products as described in the annexed product specifications, which conform to the relevant product group criteria in force for the period ..., adopted by the Commission of the European Communities on ... (date), published in the Official Journal of the European Union of ... (full reference), and annexed to this contract."
ecolabel,32010R0066,,Article 20,,article,certificacao,high,0,(competent|accredited) bod(y|ies),competent body,"1.3. The holder shall ensure that the product to be labelled complies throughout the duration of this contract with all the terms of use and provisions set out in Article 9 of the EU Ecolabel Regulation, at all times. No new application will be required for modifications in the characteristics of the products which do not affect compliance with the criteria. The holder shall however inform the competent body of such modifications by registered letter. The competent body may carry out appropriate"
ecolabel,32010R0066,,Article 20,,article,certificacao,high,0,(competent|accredited) bod(y|ies),competent body,"1.4. The contract may be extended to a wider range of products than those initially foreseen, subject to agreement by the competent body, and subject to the condition that they belong to the same product group and that they also comply with its criteria. The competent body may verify that these conditions are met. The Annex detailing the product specifications shall be modified accordingly."
ecolabel,32010R0066,,Article 20,,article,certificacao,high,0,(competent|accredited) bod(y|ies),competent body,"1.7. The competent body, including its agents authorised for such purpose, may undertake all necessary investigations to monitor the ongoing compliance by the holder with both the product group criteria and the terms of use and provisions of this contract in accordance with the rules laid down in Article 10 of the EU Ecolabel Regulation."
ecolabel,32010R0066,,Article 20,,article,certificacao,high,0,(competent|accredited) bod(y|ies),competent body,"2.1. In the event that the holder becomes aware that he is failing to meet the terms of use or provisions contained in Article 1 of this contract, the holder shall notify the competent body and refrain from using the EU Ecolabel until those terms for use or provisions have been fulfilled and the competent body has been notified thereof."
ecolabel,32010R0066,,Article 20,,article,certificacao,high,0,(competent|accredited) bod(y|ies),competent body,"2.2. Where the competent body considers that the holder has contravened any of the terms of use or provisions of this contract, the competent body shall be entitled to suspend or withdraw its authorisation to the holder to use the EU Ecolabel, and to take such measures as are necessary to prevent the holder from using it further, including such measures as are provided for in Articles 10 and 17 of the EU Ecolabel Regulation."
ecolabel,32010R0066,,Article 20,,article,certificacao,high,0,(competent|accredited) bod(y|ies),competent body,"3.2. The competent body, including its authorised agents, shall not be liable for any loss or damage sustained by the holder arising out of the award and/or use of the EU Ecolabel."
ecolabel,32010R0066,,Article 20,,article,certificacao,high,0,(competent|accredited) bod(y|ies),competent body,"3.3. The competent body, including its authorised agents, shall not be liable for any loss or damage sustained by a third party and arising out of the award and/or use, including advertising, of the EU Ecolabel."
ecolabel,32010R0066,,Article 20,,article,certificacao,high,0,(competent|accredited) bod(y|ies),competent body,"3.4. The holder shall indemnify and keep indemnified the competent body and its authorised agents against any loss, damage or liability sustained by the competent body, or its authorised agents, as a result of a breach of this contract by the holder or as a result of reliance by the competent body on information or documentation provided by the holder, including any claims by a third party."
ecolabel,32010R0066,,Article 20,,article,certificacao,high,0,(competent|accredited) bod(y|ies),competent body,"5.2. Where the holder has contravened any of the terms of use or provisions of this contract within the meaning of Article 2.2, the competent body shall be entitled to treat this as a breach of contract entitling the competent body, in addition to the provisions in Article 2.2, to terminate the contract, by registered letter to the holder, at an earlier date than that set out in Article 5.1, within (a time period to be determined by the competent body)."
ecolabel,32010R0066,,Article 20,,article,certificacao,high,0,(competent|accredited) bod(y|ies),competent body,5.3. The holder may terminate the contract by giving the competent body three months' notice by registered letter.
ecolabel,32010R0066,,Article 20,,article,certificacao,high,0,(competent|accredited) bod(y|ies),competent body,"5.4. If the product group criteria as stated in Article 1.1 are extended without amendments for any period, and if no written notice of termination from the competent body has been given at least three months before the expiry of the product group criteria and of this contract, the competent body shall inform the holder at least three months in advance that the contract shall be automatically renewed for as long as the product group criteria remain in force."
ecolabel,32010R0066,,Article 20,,article,certificacao,high,0,(competent|accredited) bod(y|ies),competent body,"5.6. Any dispute between the competent body and the holder or any claim by one party against the other based on this contract which has not been settled by amicable agreement between the contracting parties, shall be subject to the applicable law determined in accordance with Regulation (EC) No 593/2008 of the European Parliament and of the Council of 17 June 2008 on the law applicable to contractual obligations (Rome I) (2) and Regulation (EC) No 864/2007 of the European Parliament and of the C"
ecolabel,32010R0066,,Article 20,,article,certificacao,high,0,(competent|accredited) bod(y|ies),Competent body,(Competent body)
ecolabel,32010R0066,,Article 20,,article,certificacao,high,0,(competent|accredited) bod(y|ies),competent body,1. A competent body shall be independent of the organisation or the product it assesses.
ecolabel,32010R0066,,Article 20,,article,certificacao,high,0,(competent|accredited) bod(y|ies),competent body,"A body belonging to a business association or professional federation representing undertakings involved in the design, manufacturing, provision, assembly, use or maintenance of products which it assesses, may, on condition that its independence and the absence of any conflict of interest are demonstrated, be designated as a competent body."
ecolabel,32010R0066,,Article 20,,article,certificacao,high,0,(competent|accredited) bod(y|ies),competent body,"2. A competent body, its top-level management and the personnel responsible for carrying out the conformity assessment tasks shall not be the designer, manufacturer, supplier, installer, purchaser, owner, user or maintainer of the products which they assess, nor the authorised representative of any of those parties. This shall not preclude the use of assessed products that are necessary for the operations of the competent body or the use of such products for personal purposes."
ecolabel,32010R0066,,Article 20,,article,certificacao,high,0,(competent|accredited) bod(y|ies),competent body,"A competent body, its top-level management and the personnel responsible for carrying out the conformity assessment tasks shall not be directly involved in the design, manufacture or construction, the marketing, installation, use or maintenance of those products, or represent the parties engaged in those activities. They shall not engage in any activity that may conflict with their independence of judgment or integrity in relation to conformity assessment activities for which they are designated"
ecolabel,32010R0066,,Article 20,,article,certificacao,high,0,(competent|accredited) bod(y|ies),Competent bodies,"Competent bodies shall ensure that the activities of their subsidiaries or subcontractors do not affect the confidentiality, objectivity or impartiality of their conformity assessment activities."
ecolabel,32010R0066,,Article 20,,article,certificacao,high,0,(competent|accredited) bod(y|ies),Competent bodies,"3. Competent bodies and their personnel shall carry out the conformity assessment activities with the highest degree of professional integrity and the requisite technical competence in the specific field and shall be free from all pressures and inducements, particularly financial, which might influence their judgment or the results of their conformity assessment activities, especially as regards persons or groups of persons with an interest in the results of those activities."
ecolabel,32010R0066,,Article 20,,article,certificacao,high,0,(competent|accredited) bod(y|ies),competent body,"4. A competent body shall be capable of carrying out all the conformity assessment tasks assigned to it by this Regulation, whether those tasks are carried out by the competent body itself or on its behalf and under its responsibility."
ecolabel,32010R0066,,Article 20,,article,certificacao,high,0,(competent|accredited) bod(y|ies),competent body,"At all times and for each conformity assessment procedure and each kind or category of products in relation to which it has been designated, a competent body shall have at its disposal the necessary:"
ecolabel,32010R0066,,Article 20,,article,certificacao,high,0,(competent|accredited) bod(y|ies),competent body,"descriptions of procedures in accordance with which conformity assessment is carried out, ensuring the transparency and the ability of reproduction of those procedures. It shall have appropriate policies and procedures in place that distinguish between tasks it carries out as a competent body and other activities;"
ecolabel,32010R0066,,Article 20,,article,certificacao,high,0,(competent|accredited) bod(y|ies),competent body,sound knowledge covering all the conformity assessment activities in relation to which the competent body has been designated;
ecolabel,32010R0066,,Article 20,,article,certificacao,low,0,\bcertificat\w*,certificates,"the ability to draw up certificates, records and reports demonstrating that assessments have been carried out."
ecolabel,32010R0066,,Article 20,,article,certificacao,high,0,(competent|accredited) bod(y|ies),competent bodies,"6. The impartiality of the competent bodies, of their top level management and of the assessment personnel shall be guaranteed."
ecolabel,32010R0066,,Article 20,,article,certificacao,high,0,(competent|accredited) bod(y|ies),competent body,The remuneration of the top-level management and assessment personnel of a competent body shall not depend on the number of assessments carried out or on the results of those assessments.
ecolabel,32010R0066,,Article 20,,article,certificacao,high,0,(competent|accredited) bod(y|ies),Competent bodies,"7. Competent bodies shall participate in, or ensure that their assessment personnel are informed of, the relevant standardisation activities and the activities of the working group of competent bodies referred to in Article 13 of this Regulation and apply as general guidance the administrative decisions and documents produced as a result of the work of that group."
climate_benchmarks,32019R2089,,,,recital,reportar,low,0,\breport\b,Report,"On 8 October 2018, the Intergovernmental Panel on Climate Change (IPCC) published the Special Report on Global Warming of 1,5 °C, which stated that limiting global warming to 1,5 °C would require rapid, far-reaching and unprecedented changes to all aspects of society, and that limiting global warming to 1,5 °C as compared to 2 °C could go hand in hand with ensuring a more sustainable and equitable society."
climate_benchmarks,32019R2089,,,,recital,ranking_rating,high,0,EU (Climate Transition|Paris-aligned) Benchmark,EU Climate Transition Benchmark,"Regulation (EU) 2016/1011 of the European Parliament and of the Council (5) establishes uniform rules for benchmarks in the Union and caters for different types of benchmarks. An increasing number of investors pursue low-carbon investment strategies and use low-carbon benchmarks to measure the performance of investment portfolios. The establishment of EU Climate Transition Benchmarks and EU Paris-aligned Benchmarks, underpinned by a methodology linked to the commitments laid down in the Paris Ag"
climate_benchmarks,32019R2089,,,,recital,ranking_rating,low,0,\bbenchmark\w*,benchmarks,"A wide variety of indices are currently grouped together as low-carbon indices. Those low-carbon indices are used as benchmarks for investment portfolios and products that are sold across borders. The quality and integrity of low-carbon benchmarks affect the effective functioning of the internal market in a wide variety of individual and collective investment portfolios. Many low-carbon indices that are used to measure the performance of investment portfolios, in particular for segregated invest"
climate_benchmarks,32019R2089,,,,recital,ranking_rating,low,0,\bbenchmark\w*,benchmarks,"Different categories of low-carbon indices with various degrees of ambition have emerged in the market. While some benchmarks aim to lower the carbon footprint of a standard investment portfolio, others aim to select only components that contribute to attaining the 2 °C objective set out in the Paris Agreement. Despite differences in objectives and strategies, many of those benchmarks are commonly promoted as low-carbon benchmarks."
climate_benchmarks,32019R2089,,,,recital,ranking_rating,low,0,\bbenchmark\w*,benchmark,"Divergent approaches to benchmark methodologies result in the fragmentation of the internal market because it is not clear to users of benchmarks whether a particular low-carbon index is a benchmark aligned to the objectives of the Paris Agreement or merely a benchmark that aims to lower the carbon footprint of a standard investment portfolio. To address potentially illegitimate claims by administrators about the low-carbon nature of their benchmarks, Member States are likely to adopt their own "
climate_benchmarks,32019R2089,,,,recital,ranking_rating,low,0,\bbenchmark\w*,benchmarks,"In the absence of a harmonised framework to ensure the accuracy and integrity of the main categories of low-carbon benchmarks used in individual or collective investment portfolios, it is likely that differences in Member States’ approaches will create obstacles to the smooth functioning of the internal market."
climate_benchmarks,32019R2089,,,,recital,ranking_rating,high,0,EU (Climate Transition|Paris-aligned) Benchmark,EU Climate Transition Benchmark,"In order to maintain the proper functioning of the internal market for the benefit of investors, to further improve the functioning of the internal market, and to ensure a high level of consumer and investor protection, it is appropriate to amend Regulation (EU) 2016/1011 by introducing a regulatory framework which lays down minimum requirements for EU Climate Transition Benchmarks and EU Paris-aligned Benchmarks at Union level. In that regard, it is of particular importance that such benchmarks"
climate_benchmarks,32019R2089,,,,recital,ranking_rating,high,0,EU (Climate Transition|Paris-aligned) Benchmark,EU Climate Transition Benchmark,Introducing a clear distinction between EU Climate Transition Benchmarks and EU Paris-aligned Benchmarks and developing minimum standards for each of those benchmarks would contribute to consistency among those benchmarks. The EU Paris-aligned Benchmark should be in line with the objectives of the Paris Agreement at index level.
climate_benchmarks,32019R2089,,,,recital,ranking_rating,high,0,EU (Climate Transition|Paris-aligned) Benchmark,EU Climate Transition Benchmark,"In order to ensure that the labels ‘EU Climate Transition Benchmark’ and ‘EU Paris-aligned Benchmark’ are reliable and easy for investors across the Union to recognise, only administrators that comply with the requirements laid down in this Regulation should be eligible to use those labels when marketing EU Climate Transition Benchmarks and EU Paris-aligned Benchmarks in the Union."
climate_benchmarks,32019R2089,,,,recital,ranking_rating,high,0,EU (Climate Transition|Paris-aligned) Benchmark,EU Climate Transition Benchmark,"In order to encourage companies to disclose credible targets for reducing carbon emissions, the administrator of an EU Climate Transition Benchmark, when selecting or weighting underlying assets, should take into account companies that have as an objective the reduction of their carbon emissions towards alignment with the objectives of the Paris Agreement. Such targets should be public and credible, in the sense that they should entail a genuine commitment to decarbonisation and should be suffic"
climate_benchmarks,32019R2089,,,,recital,ranking_rating,high,0,benchmark administrator,benchmark administrator,"Users of benchmarks do not always have the necessary information on the extent to which the methodology of the benchmark administrators takes into account ESG factors. Such information is often scattered or non-existent, and does not allow for an effective comparison across borders for investment purposes. To enable market participants to make well-informed choices, all benchmark administrators, with the exception of administrators of interest rate and foreign exchange benchmarks, should be requ"
climate_benchmarks,32019R2089,,,,recital,ranking_rating,high,0,benchmark administrator,benchmark administrator,"In order to inform investors about the degree to which significant equity and bond benchmarks, as well as EU Climate Transition Benchmarks and EU Paris-aligned Benchmarks, contribute to meeting the objectives of the Paris Agreement, benchmark administrators should publish detailed information on whether or not and to what extent a degree of overall alignment with the target of reducing carbon emissions or the attainment of the objectives of the Paris Agreement is ensured."
climate_benchmarks,32019R2089,,,,recital,ranking_rating,high,0,benchmark administrator,benchmark administrator,"Administrators of EU Climate Transition Benchmarks and administrators of EU Paris-aligned Benchmarks should also publish the methodology that they use for the calculation of those benchmarks. That information should describe how the underlying assets were selected and weighted, which assets were excluded and for what reason. In order to assess how the benchmark contributes to environmental objectives, the benchmark administrator should disclose how the carbon emissions of the underlying assets w"
climate_benchmarks,32019R2089,,,,recital,ranking_rating,high,0,EU (Climate Transition|Paris-aligned) Benchmark,EU Climate Transition Benchmark,The methodologies used for EU Climate Transition Benchmarks and EU Paris-aligned Benchmarks should be based on science-based decarbonisation trajectories or on an overall alignment with the objectives of the Paris Agreement.
climate_benchmarks,32019R2089,,,,recital,ranking_rating,high,0,benchmark administrator,benchmark administrator,"In order to ensure continued adherence to the selected objective of climate-change mitigation, administrators of EU Climate Transition Benchmarks and administrators of EU Paris-aligned Benchmarks should review their methodologies regularly and inform users of the applicable procedures for introducing any material change to those methodologies. When introducing a material change, benchmark administrators should disclose the reasons for that change and explain how that change is consistent with th"
climate_benchmarks,32019R2089,,,,recital,ranking_rating,low,0,\bbenchmark\w*,Benchmarks,"Benchmarks which do not have underlying assets that have an impact on climate change, as would be the case, for example, for interest rate and foreign exchange benchmarks, should be exempt from the requirement to disclose in their benchmark statement whether or not and to what extent a degree of overall alignment with their target for reducing carbon emissions or the attainment of the objectives of the Paris Agreement is ensured. Moreover, it should be sufficient for each benchmark or, where app"
climate_benchmarks,32019R2089,,,,recital,ranking_rating,high,0,EU (Climate Transition|Paris-aligned) Benchmark,EU Climate Transition Benchmark,"In order to enhance transparency and ensure an adequate level of harmonisation, the power to adopt acts in accordance with Article 290 TFEU should be delegated to the Commission to specify the minimum content of the disclosure obligations that administrators of EU Climate Transition Benchmarks and administrators of EU Paris-aligned Benchmarks should be subject to, and to specify the minimum standards for harmonisation of the methodology of EU Climate Transition Benchmarks and EU Paris-aligned Be"
climate_benchmarks,32019R2089,,,,recital,ranking_rating,low,0,\bbenchmark\w*,benchmarks,"Regulation (EU) 2016/1011 introduced a transitional period in which index providers providing benchmarks on 30 June 2016 are to apply for authorisation by 1 January 2020. The discontinuation of a critical benchmark could impact market integrity, financial stability, consumers, the real economy and the financing of households and businesses in Member States. The discontinuation of a critical benchmark could also affect the validity of financial contracts or financial instruments and could cause d"
climate_benchmarks,32019R2089,Amendments to Regulation (EU) 2016/1011,Article 1,,article,ranking_rating,high,0,EU (Climate Transition|Paris-aligned) Benchmark,EU Climate Transition Benchmark,“EU Climate Transition Benchmark” means a benchmark which is labelled as an EU Climate Transition Benchmark and fulfils the following requirements:
climate_benchmarks,32019R2089,Amendments to Regulation (EU) 2016/1011,Article 1,,article,ranking_rating,low,0,\bbenchmark\w*,benchmark,"for the purposes of point 1(b)(ii) of this paragraph and of Article 19b, its underlying assets are selected, weighted or excluded in such a manner that the resulting benchmark portfolio is on a decarbonisation trajectory; and"
climate_benchmarks,32019R2089,Amendments to Regulation (EU) 2016/1011,Article 1,,article,ranking_rating,high,0,EU (Climate Transition|Paris-aligned) Benchmark,EU Paris-aligned Benchmark,“EU Paris-aligned Benchmark” means a benchmark which is labelled as an EU Paris-aligned Benchmark and fulfils the following requirements:
climate_benchmarks,32019R2089,Amendments to Regulation (EU) 2016/1011,Article 1,,article,ranking_rating,low,0,\bbenchmark\w*,benchmark,"for the purposes of point 1(b)(ii) of this paragraph and of the delegated act referred to in Article 19c, its underlying assets are selected, weighted or excluded in such a manner that the resulting benchmark portfolio’s carbon emissions are aligned with the objectives of the Paris Agreement adopted under the United Nations Framework Convention on Climate Change, approved by the Union on 5 October 2016 (*1) (the “Paris Agreement”);"
climate_benchmarks,32019R2089,Amendments to Regulation (EU) 2016/1011,Article 1,,article,ranking_rating,low,0,\bbenchmark\w*,benchmark,"an explanation of how the key elements of the methodology laid down in point (a) reflect ESG factors for each benchmark or family of benchmarks, with the exception of interest rate and foreign exchange benchmarks.’;"
climate_benchmarks,32019R2089,Amendments to Regulation (EU) 2016/1011,Article 1,,article,ranking_rating,high,0,benchmark administrator,Benchmark administrator,‘Benchmark administrators shall comply with the requirement laid down in point (d) of the first subparagraph by 30 April 2020.’;
climate_benchmarks,32019R2089,Amendments to Regulation (EU) 2016/1011,Article 19a,,article,ranking_rating,high,0,EU (Climate Transition|Paris-aligned) Benchmark,EU Climate Transition Benchmark,EU Climate Transition Benchmarks and EU Paris-aligned Benchmarks
climate_benchmarks,32019R2089,Amendments to Regulation (EU) 2016/1011,Article 19a,,article,ranking_rating,high,0,EU (Climate Transition|Paris-aligned) Benchmark,EU Climate Transition Benchmark,"1. The requirements laid down in Annex III shall apply to the provision of, and contribution to, EU Climate Transition Benchmarks and EU Paris-aligned Benchmarks, in addition to the requirements of Titles II, III and IV."
climate_benchmarks,32019R2089,Amendments to Regulation (EU) 2016/1011,Article 19a,,article,ranking_rating,high,0,EU (Climate Transition|Paris-aligned) Benchmark,EU Climate Transition Benchmark,2. The Commission is empowered to adopt delegated acts in accordance with Article 49 to supplement this Regulation by laying down the minimum standards for EU Climate Transition Benchmarks and EU Paris-aligned Benchmarks to specify:
climate_benchmarks,32019R2089,Amendments to Regulation (EU) 2016/1011,Article 19a,,article,ranking_rating,low,0,\bbenchmark\w*,benchmark,the criteria and method for the weighting of the underlying assets in the benchmark;
climate_benchmarks,32019R2089,Amendments to Regulation (EU) 2016/1011,Article 19a,,article,ranking_rating,high,0,EU (Climate Transition|Paris-aligned) Benchmark,EU Climate Transition Benchmark,the determination of the decarbonisation trajectory for EU Climate Transition Benchmarks.
climate_benchmarks,32019R2089,Amendments to Regulation (EU) 2016/1011,Article 19a,,article,ranking_rating,high,0,benchmark administrator,Benchmark administrator,3. Benchmark administrators which provide an EU Climate Transition Benchmark or an EU Paris-aligned Benchmark shall comply with this Regulation by 30 April 2020.
climate_benchmarks,32019R2089,Amendments to Regulation (EU) 2016/1011,Article 19b,,article,ranking_rating,high,1,EU (Climate Transition|Paris-aligned) Benchmark,EU Climate Transition Benchmark,Requirements for EU Climate Transition Benchmarks
climate_benchmarks,32019R2089,Amendments to Regulation (EU) 2016/1011,Article 19b,,article,ranking_rating,high,1,EU (Climate Transition|Paris-aligned) Benchmark,EU Climate Transition Benchmark,"Administrators of EU Climate Transition Benchmarks shall select, weight, or exclude underlying assets issued by companies that follow a decarbonisation trajectory by 31 December 2022, in accordance with the following requirements:"
climate_benchmarks,32019R2089,Amendments to Regulation (EU) 2016/1011,Article 19c,,article,ranking_rating,high,0,EU (Climate Transition|Paris-aligned) Benchmark,EU Paris-aligned Benchmark,Exclusions for EU Paris-aligned Benchmarks
climate_benchmarks,32019R2089,Amendments to Regulation (EU) 2016/1011,Article 19c,,article,ranking_rating,high,0,EU (Climate Transition|Paris-aligned) Benchmark,EU Paris-aligned Benchmark,"1. The Commission is empowered to adopt a delegated act in accordance with Article 49 in order to supplement this Regulation by identifying, in respect of EU Paris-aligned Benchmarks, the sectors to be excluded because they do not have measurable carbon emission reduction targets with specific deadlines that are aligned with the objectives of the Paris Agreement. The Commission shall adopt that delegated act by 1 January 2021 and update it every three years."
climate_benchmarks,32019R2089,Amendments to Regulation (EU) 2016/1011,Article 19d,,article,ranking_rating,high,0,EU (Climate Transition|Paris-aligned) Benchmark,EU Climate Transition Benchmark,Endeavour to provide EU Climate Transition Benchmarks
climate_benchmarks,32019R2089,Amendments to Regulation (EU) 2016/1011,Article 19d,,article,ranking_rating,high,0,EU (Climate Transition|Paris-aligned) Benchmark,EU Climate Transition Benchmark,"By 1 January 2022, administrators which are located in the Union and which provide significant benchmarks determined on the basis of the value of one or more underlying assets or prices shall endeavour to provide one or more EU Climate Transition Benchmarks.’;"
climate_benchmarks,32019R2089,Amendments to Regulation (EU) 2016/1011,Article 19d,,article,ranking_rating,low,0,\bbenchmark\w*,benchmark,"‘By the end of that period, the competent authority shall review its decision to compel the administrator to continue to publish the benchmark. The competent authority may, where necessary, extend that period by an appropriate period not exceeding 12 months. The maximum period of mandatory administration shall not exceed five years.’;"
climate_benchmarks,32019R2089,Amendments to Regulation (EU) 2016/1011,Article 19d,,article,ranking_rating,low,0,\bbenchmark\w*,benchmark,"‘10. In the event that a critical benchmark is to be ceased to be provided, each supervised contributor to that benchmark shall contribute input data for a period of time determined by the competent authority, but not exceeding the maximum five year period laid down in the second subparagraph of paragraph 6.’;"
climate_benchmarks,32019R2089,Amendments to Regulation (EU) 2016/1011,Article 19d,,article,ranking_rating,high,0,benchmark administrator,benchmark administrator,"‘2a. By 30 April 2020, for each of the requirements referred to in paragraph 2, the benchmark statement shall contain an explanation of how ESG factors are reflected in each benchmark or family of benchmarks provided and published. For those benchmarks or families of benchmarks that do not pursue ESG objectives, it shall be sufficient for benchmark administrators to clearly state in the benchmark statement that they do not pursue such objectives."
climate_benchmarks,32019R2089,Amendments to Regulation (EU) 2016/1011,Article 19d,,article,reportar,low,0,\bshall disclose\b,shall disclose,"Where no EU Climate Transition Benchmark or EU Paris-aligned Benchmark is available in the portfolio of that individual benchmark administrator, or the individual benchmark administrator has no benchmarks that pursue ESG objectives or take into account ESG factors, this shall be stated in the benchmark statements of all benchmarks provided by that administrator. For significant equity and bond benchmarks, as well as for EU Climate Transition Benchmarks and EU Paris-aligned Benchmarks, benchmark "
climate_benchmarks,32019R2089,Amendments to Regulation (EU) 2016/1011,Article 19d,,article,ranking_rating,high,0,benchmark administrator,benchmark administrator,"Where no EU Climate Transition Benchmark or EU Paris-aligned Benchmark is available in the portfolio of that individual benchmark administrator, or the individual benchmark administrator has no benchmarks that pursue ESG objectives or take into account ESG factors, this shall be stated in the benchmark statements of all benchmarks provided by that administrator. For significant equity and bond benchmarks, as well as for EU Climate Transition Benchmarks and EU Paris-aligned Benchmarks, benchmark "
climate_benchmarks,32019R2089,Amendments to Regulation (EU) 2016/1011,Article 19d,,article,ranking_rating,high,0,benchmark administrator,benchmark administrator,"By 31 December 2021, benchmark administrators shall, for each benchmark or, where applicable, each family of benchmarks, with the exception of interest rate and foreign exchange benchmarks, include in their benchmark statement an explanation of how their methodology aligns with the target of carbon emission reductions or attains the objectives of the Paris Agreement."
climate_benchmarks,32019R2089,Amendments to Regulation (EU) 2016/1011,Article 19d,,article,ranking_rating,low,0,\bbenchmark\w*,benchmark,"2b. The Commission is empowered to adopt delegated acts in accordance with Article 49 to supplement this Regulation by further specifying the information to be provided in the benchmark statement pursuant to paragraph 2a of this Article, as well as the standard format to be used for references to ESG factors to enable market participants to make well-informed choices and to ensure the technical feasibility of compliance with that paragraph."
climate_benchmarks,32019R2089,Amendments to Regulation (EU) 2016/1011,‘Article 49,,article,reportar,low,0,\breport\b,report,"2. The power to adopt delegated acts referred to in Articles 3(2), 13(2a), 19a(2), 19c(1), 20(6), 24(2), 27(2b), 33(7), 51(6) and 54(3) shall be conferred on the Commission for a period of five years from 10 December 2019. The Commission shall draw up a report in respect of the delegation of power no later than 11 March 2024. The delegation of power shall be tacitly extended for further periods of identical duration, unless the European Parliament or the Council opposes such extension not later "
climate_benchmarks,32019R2089,Amendments to Regulation (EU) 2016/1011,‘Article 49,,article,ranking_rating,low,0,\bbenchmark\w*,benchmark,"‘4a. An index provider may continue to provide an existing benchmark that has been recognised as a critical benchmark by an implementing act adopted by the Commission in accordance with Article 20 until 31 December 2021 or, where the index provider submits an application for authorisation in accordance with paragraph 1, unless and until such authorisation is refused."
climate_benchmarks,32019R2089,Amendments to Regulation (EU) 2016/1011,‘Article 49,,article,ranking_rating,low,0,\bbenchmark\w*,benchmark,"4b. An existing benchmark that has been recognised as a critical benchmark by an implementing act adopted by the Commission in accordance with Article 20 may be used for existing and new financial instruments, financial contracts, or for measuring the performance of an investment fund until 31 December 2021 or, where the index provider submits an application for authorisation in accordance with paragraph 1, unless and until such authorisation is refused.’;"
climate_benchmarks,32019R2089,Amendments to Regulation (EU) 2016/1011,‘Article 49,,article,ranking_rating,low,0,\bbenchmark\w*,benchmark,"‘5. Unless the Commission has adopted an equivalence decision as referred to in Article 30(2) or (3) or unless an administrator has been recognised pursuant to Article 32, or a benchmark has been endorsed pursuant to Article 33, the use in the Union by supervised entities of a benchmark provided by an administrator located in a third country where the benchmark is already used in the Union as a reference for financial instruments, financial contracts, or for measuring the performance of an inves"
climate_benchmarks,32019R2089,Amendments to Regulation (EU) 2016/1011,‘Article 49,,article,ranking_rating,high,0,EU (Climate Transition|Paris-aligned) Benchmark,EU Climate Transition Benchmark,"‘4. By 31 December 2022, the Commission shall review the minimum standards for EU Climate Transition Benchmarks and for EU Paris-aligned Benchmarks in order to ensure that the selection of the underlying assets is coherent with environmentally sustainable investments as defined in a Union-wide framework."
climate_benchmarks,32019R2089,Amendments to Regulation (EU) 2016/1011,‘Article 49,,article,reportar,low,0,\breport\b,report,"6. By 1 April 2020, the Commission shall submit a report to the European Parliament and to the Council on the impact of this Regulation on the operation of third country benchmarks in the Union, including on the recourse by third country benchmark administrators to endorsement, recognition or equivalence, and on potential shortcomings of the current framework. That report shall analyse the consequences of the application of paragraphs 4a, 4b and 4c of Article 51 for Union and third-country bench"
climate_benchmarks,32019R2089,Amendments to Regulation (EU) 2016/1011,‘Article 49,,article,ranking_rating,high,0,benchmark administrator,benchmark administrator,"6. By 1 April 2020, the Commission shall submit a report to the European Parliament and to the Council on the impact of this Regulation on the operation of third country benchmarks in the Union, including on the recourse by third country benchmark administrators to endorsement, recognition or equivalence, and on potential shortcomings of the current framework. That report shall analyse the consequences of the application of paragraphs 4a, 4b and 4c of Article 51 for Union and third-country bench"
climate_benchmarks,32019R2089,Amendments to Regulation (EU) 2016/1011,Article 2,,article,ranking_rating,high,0,EU (Climate Transition|Paris-aligned) Benchmark,EU Climate Transition Benchmark,"The administrator of an EU Climate Transition Benchmark shall formalise, document and make public any methodology used for the calculation of the benchmark, giving the following information, while ensuring confidentiality and the protection of undisclosed know-how and business information (trade secrets) as defined in Directive (EU) 2016/943 of the European Parliament and of the Council (*1)"
climate_benchmarks,32019R2089,Amendments to Regulation (EU) 2016/1011,Article 2,,article,ranking_rating,low,0,\bbenchmark\w*,benchmark,the list of the main constituents of the benchmark;
climate_benchmarks,32019R2089,Amendments to Regulation (EU) 2016/1011,Article 2,,article,ranking_rating,high,0,benchmark methodology,benchmark methodology,"all criteria and methods, including selection and weighting factors, metrics and proxies used in the benchmark methodology;"
climate_benchmarks,32019R2089,Amendments to Regulation (EU) 2016/1011,Article 2,,article,ranking_rating,low,0,\bbenchmark\w*,benchmark,the criteria applied to exclude assets or companies that are associated with a level of carbon footprint or a level of fossil fuel reserves that are incompatible with inclusion in the benchmark;
climate_benchmarks,32019R2089,Amendments to Regulation (EU) 2016/1011,Article 2,,article,ranking_rating,high,0,EU (Climate Transition|Paris-aligned) Benchmark,EU Climate Transition Benchmark,"Where a parent index is used for the construction of an EU Climate Transition Benchmark, the tracking error between the EU Climate Transition Benchmark and the parent index shall be disclosed."
climate_benchmarks,32019R2089,Amendments to Regulation (EU) 2016/1011,Article 2,,article,ranking_rating,high,0,EU (Climate Transition|Paris-aligned) Benchmark,EU Climate Transition Benchmark,"Where a parent index is used for the construction of an EU Climate Transition Benchmark, the ratio between the market value of the securities that are in the EU Climate Transition Benchmark and the market value of the securities in the parent index shall be disclosed."
climate_benchmarks,32019R2089,Amendments to Regulation (EU) 2016/1011,Article 2,,article,ranking_rating,high,0,EU (Climate Transition|Paris-aligned) Benchmark,EU Paris-aligned Benchmark,"In addition to points (1)(a), (1)(b), and (1)(c), the administrator of an EU Paris-aligned Benchmarks shall specify the formula or calculation that is used to determine whether the emissions are in line with the objectives of the Paris Agreement, while ensuring confidentiality and the protection of undisclosed know-how and business information (trade secrets) as defined by Directive (EU) 2016/943."
climate_benchmarks,32019R2089,Amendments to Regulation (EU) 2016/1011,Article 2,,article,ranking_rating,high,0,EU (Climate Transition|Paris-aligned) Benchmark,EU Paris-aligned Benchmark,"Administrators of EU Climate Transition and EU Paris-aligned Benchmarks shall adopt procedures for introducing changes to their methodology. They shall make those procedures public, and shall make public any proposed changes to their methodology and the rationale for those changes. Those procedures shall be consistent with the overriding objective that benchmark calculations be consistent with points (23a) and (23b) of Article 3(1). Those procedures shall provide:"
climate_benchmarks,32019R2089,Amendments to Regulation (EU) 2016/1011,Article 2,,article,ranking_rating,low,0,\bbenchmark\w*,benchmarks,"advance notice within a clear timeframe that gives users of benchmarks sufficient opportunity to analyse and comment on the impact of such proposed changes, having regard to the administrators’ calculation of the overall circumstances;"
climate_benchmarks,32019R2089,Amendments to Regulation (EU) 2016/1011,Article 2,,article,ranking_rating,low,0,\bbenchmark\w*,benchmarks,"for the possibility for users of benchmarks to comment on those changes and for the administrators to respond to those comments, and shall make those comments accessible after any given consultation period, except where the commenter has requested confidentiality."
climate_benchmarks,32019R2089,Amendments to Regulation (EU) 2016/1011,Article 2,,article,ranking_rating,high,0,EU (Climate Transition|Paris-aligned) Benchmark,EU Climate Transition Benchmark,"Administrators of EU Climate Transition Benchmarks and EU Paris-aligned Benchmarks shall regularly examine their methodologies on at least an annual basis to ensure that their benchmarks reliably reflect the stated objectives, and shall have a process in place for taking the views of all relevant users into account."
ets_verification,32018R2067,,,,recital,certificacao,low,0,\baccreditation\b,accreditation,"An overall framework of rules for the accreditation of verifiers is necessary to ensure that the verification of operator's or aircraft operator's reports in the framework of the Union's greenhouse gas emission allowance trading system, to be submitted in accordance with Commission Implementing Regulation (EU) 2018/2066 (2), is carried out by verifiers that possess the technical competence to perform the entrusted task in an independent and impartial manner and in conformity with the requirement"
ets_verification,32018R2067,,,,recital,certificacao,low,0,\baccreditation\b,accreditation,"Experience in the application of Commission Regulation (EU) No 600/2012 (3) has shown the need to improve, clarify and simplify the accreditation and verification rules to further promote harmonisation and enhance the efficiency of the system. A number of amendments therefore need to be made to Regulation (EU) No 600/2012. In the interests of clarity, that Regulation should be replaced."
ets_verification,32018R2067,,,,recital,certificacao,low,0,\baccreditation\b,accreditation,Directive 2006/123/EC of the European Parliament and of the Council (4) establishes a general framework to facilitate the free movement of services and service providers in the Union while maintaining a high quality of service. Union harmonisation of the rules for accreditation and verification relating to the Union's emissions trading system should contribute to a competitive market for verifiers while ensuring transparency and information for operators and aircraft operators.
ets_verification,32018R2067,,,,recital,certificacao,high,0,national accreditation bod(y|ies),national accreditation bodies,"When implementing Article 15 of Directive 2003/87/EC, it is necessary to ensure a synergy between the comprehensive framework for accreditation established by Regulation (EC) No 765/2008 of the European Parliament and of the Council (5) and related provisions of Decision No 768/2008/EC of the European Parliament and of the Council (6) on one hand, and the specific features of the Union's greenhouse gas emission trading system and requirements that are essential for the effective implementation o"
ets_verification,32018R2067,,,,recital,certificacao,low,0,\baccreditation\b,accreditation,"Regulation (EC) No 1221/2009 of the European Parliament and of the Council (7) provides for an independent and neutral accreditation or licensing system for environmental verifiers. For reasons of coherence and to reduce the administrative burden imposed on the Member States and economic operators, it is appropriate to take account of synergies between that and this Regulation."
ets_verification,32018R2067,,,,recital,certificacao,high,0,conformity assessment (body|bodies),conformity assessment bodies,"The system of verification and accreditation should avoid any unnecessary duplication of procedures and organisations established pursuant to other Union legal instruments that would result in an increased burden for Member States or economic operators. Therefore, it is appropriate to draw on best practices resulting from the application of harmonised standards adopted by the European Committee for Standardisation on the basis of a request made by the Commission in accordance with Regulation (EU"
ets_verification,32018R2067,,,,recital,certificacao,low,0,\baccreditation\b,accreditation,"When establishing harmonised rules for the verification of operator's or aircraft operator's reports and the accreditation of verifiers, it is necessary to ensure that the burden imposed on operators emitting a lower amount of carbon dioxide (CO2) per year, on aircraft operators considered small emitters within the meaning of Implementing Regulation (EU) 2018/2066, as well as on the available resources of the Member States is not disproportionate to the aims pursued."
ets_verification,32018R2067,,,,recital,certificacao,low,0,\baccreditation\b,accreditation,"To make best use of synergies and given the importance of verification of data used for the update of ex ante benchmarks and the determination of free allocation to installations, it is appropriate to include rules for verification of baseline data reports and new entrant data reports which are required by Commission Delegated Regulation .../... of 19 December 2018 determining transitional Union-wide rules for harmonised free allocation of emission allowances pursuant to Article 10a of Directive"
ets_verification,32018R2067,,,,recital,ranking_rating,low,0,\bbenchmark\w*,benchmarks,"To make best use of synergies and given the importance of verification of data used for the update of ex ante benchmarks and the determination of free allocation to installations, it is appropriate to include rules for verification of baseline data reports and new entrant data reports which are required by Commission Delegated Regulation .../... of 19 December 2018 determining transitional Union-wide rules for harmonised free allocation of emission allowances pursuant to Article 10a of Directive"
ets_verification,32018R2067,,,,recital,reportar,low,0,\breport\b,report,"In accordance with the principles of Annex V to Directive 2003/87/EC, the verifier should apply a risk-based approach with the aim of reaching a verification opinion providing reasonable assurance that the total emissions or tonne-kilometres are not materially misstated and the report can be verified as satisfactory. The level of assurance should relate to the depth and detail of verification activities carried out during the verification and the wording of the verification opinion statement. If"
ets_verification,32018R2067,,,,recital,auditoria,low,0,\bassurance\b,assurance,"In accordance with the principles of Annex V to Directive 2003/87/EC, the verifier should apply a risk-based approach with the aim of reaching a verification opinion providing reasonable assurance that the total emissions or tonne-kilometres are not materially misstated and the report can be verified as satisfactory. The level of assurance should relate to the depth and detail of verification activities carried out during the verification and the wording of the verification opinion statement. If"
ets_verification,32018R2067,,,,recital,reportar,low,0,\breport\b,report,"To avoid entanglement between the role of the competent authority and the verifier, the responsibilities of a verifier when carrying out verification should be clearly defined. The verifier should take the monitoring plan approved by the competent authority as a reference point and assess whether this plan and the procedures described in this plan have been implemented correctly. Where the verifier identifies non-compliance with Implementing Regulation (EU) 2018/2066, it should be the responsibi"
ets_verification,32018R2067,,,,recital,auditoria,high,0,verification (team|report|body),verification report,"To avoid entanglement between the role of the competent authority and the verifier, the responsibilities of a verifier when carrying out verification should be clearly defined. The verifier should take the monitoring plan approved by the competent authority as a reference point and assess whether this plan and the procedures described in this plan have been implemented correctly. Where the verifier identifies non-compliance with Implementing Regulation (EU) 2018/2066, it should be the responsibi"
ets_verification,32018R2067,,,,recital,reportar,low,0,\breport\b,report,"Full understanding of the activities of an operator or an aircraft operator is necessary for the performance of an effective verification of an operator's or aircraft operator's report. A verifier should only perform the requested verification activities after it has ascertained following a preliminary assessment that it is competent to do so. In the pursuit of a high-quality level of verification activities, harmonised rules should be developed for a preliminary assessment to determine whether "
ets_verification,32018R2067,,,,recital,reportar,low,0,\breport\b,report,All verification activities in the verification process are interconnected and should be concluded with the issuance of a verification report by the verifier containing a verification statement that is commensurate with the outcome of the verification assessment. Harmonised requirements for the verification reports and the performance of the verification activities should be established to ensure that verification reports and verification activities in the Member States meet the same standards.
ets_verification,32018R2067,,,,recital,auditoria,high,0,verification (team|report|body),verification report,All verification activities in the verification process are interconnected and should be concluded with the issuance of a verification report by the verifier containing a verification statement that is commensurate with the outcome of the verification assessment. Harmonised requirements for the verification reports and the performance of the verification activities should be established to ensure that verification reports and verification activities in the Member States meet the same standards.
ets_verification,32018R2067,,,,recital,reportar,low,0,\breport\b,report,"Specific provision should be made for the verification of the report of aircraft operators and that of operators of sites, which are subject to Directive 2009/31/EC of the European Parliament and of the Council (10)."
ets_verification,32018R2067,,,,recital,auditoria,high,0,verification (team|report|body),verification report,"Verification activities and the issuance of verification reports should only be carried out by verifiers and their personnel that are competent. Verifiers should establish and continuously improve internal processes that ensure that all personnel involved in the verification activities are competent to perform the tasks entrusted to them. The criteria for determining whether a verifier is competent should be the same in all Member States and should be verifiable, objective and transparent."
ets_verification,32018R2067,,,,recital,certificacao,high,0,national accreditation bod(y|ies),national accreditation body,"The national accreditation body established pursuant to Regulation (EC) No 765/2008 should be empowered to accredit and issue an authoritative statement concerning the competence of a verifier to perform the verification activities pursuant to this Regulation, adopt administrative measures and carry out the surveillance of verifiers."
ets_verification,32018R2067,,,,recital,certificacao,high,0,national accreditation bod(y|ies),national accreditation body,A Member State that does not consider it economically meaningful or sustainable to establish a national accreditation body or to carry out accreditation activities should have recourse to the national accreditation body of another Member State. Only national accreditation bodies that have undergone a successful peer evaluation organised by the body recognised under Article 14 of Regulation (EC) No 765/2008 should be permitted to perform the accreditation activities pursuant to this Regulation.
ets_verification,32018R2067,,,,recital,certificacao,high,0,national accreditation bod(y|ies),National accreditation bodies,"National accreditation bodies that demonstrate conformity with this Regulation and that have already successfully undergone peer evaluation organised by the body recognised under Article 14 of Regulation (EU) No 765/2008 should be presumed to fulfil the procedural requirements imposed on national accreditation bodies such as requirements on the structure of a national accreditation body, setting up a competence process, setting up the necessary procedures and management system and arrangements t"
ets_verification,32018R2067,,,,recital,certificacao,high,0,national accreditation bod(y|ies),national accreditation bodies,"Effective cooperation between national accreditation bodies, or where applicable other national authorities, and competent authorities is essential for the proper functioning of the greenhouse gas emission allowance system and the supervision on the quality of verification. For reasons of transparency, it is necessary to ensure that the national accreditation bodies, or where applicable, other national authorities, and competent authorities establish effective means of information exchange. Info"
ets_verification,32018R2067,,,,recital,certificacao,low,0,\baccreditation\b,accreditation,"This Regulation includes improvements to accreditation and verification that partly take into account the First Edition of the International Standards and Recommended Practices on Environmental Protection — Carbon Offsetting and Reduction Scheme for International Aviation (CORSIA) (Annex 16, Volume IV to the Chicago Convention) adopted by the ICAO Council at the tenth meeting of its 214th session on 27 June 2018. The Regulation on the monitoring and reporting of greenhouse gas emissions pursuant"
ets_verification,32018R2067,,Article 1,GENERAL PROVISIONS,article,certificacao,low,0,\baccreditation\b,accreditation,This Regulation lays down provisions for the verification of reports submitted pursuant to Directive 2003/87/EC and for the accreditation and supervision of verifiers.
ets_verification,32018R2067,,Article 1,GENERAL PROVISIONS,article,certificacao,high,0,national accreditation bod(y|ies),national accreditation bodies,"This Regulation also specifies, without prejudice to Regulation (EC) No 765/2008, provisions for the mutual recognition of verifiers and peer evaluation of national accreditation bodies pursuant to Article 15 of Directive 2003/87/EC."
ets_verification,32018R2067,,Article 2,GENERAL PROVISIONS,article,ranking_rating,low,0,\bbenchmark\w*,benchmarks,"This Regulation shall apply to the verification of greenhouse gas emissions and tonne-kilometre data occurring from 1 January 2019, reported pursuant to Article 14 of Directive 2003/87/EC, and to the verification of data relevant for the update of ex ante benchmarks and for the determination of free allocation to installations."
ets_verification,32018R2067,,Article 3,GENERAL PROVISIONS,article,reportar,low,0,\breport\b,report,"‘accreditation’ means attestation by a national accreditation body that a verifier meets the requirements set by harmonised standards, within the meaning of point 9 of Article 2 of Regulation (EC) No 765/2008, and requirements set out in this Regulation to carry out the verification of an operator's or aircraft operator's report pursuant to this Regulation;"
ets_verification,32018R2067,,Article 3,GENERAL PROVISIONS,article,certificacao,high,0,national accreditation bod(y|ies),national accreditation body,"‘accreditation’ means attestation by a national accreditation body that a verifier meets the requirements set by harmonised standards, within the meaning of point 9 of Article 2 of Regulation (EC) No 765/2008, and requirements set out in this Regulation to carry out the verification of an operator's or aircraft operator's report pursuant to this Regulation;"
ets_verification,32018R2067,,Article 3,GENERAL PROVISIONS,article,reportar,low,0,\breport\b,report,"‘verifier’ means a legal person or another legal entity carrying out verification activities pursuant to this Regulation and accredited by a national accreditation body pursuant to Regulation (EC) No 765/2008 and this Regulation or a natural person otherwise authorised, without prejudice to Article 5(2) of that Regulation, at the time a verification report is issued;"
ets_verification,32018R2067,,Article 3,GENERAL PROVISIONS,article,certificacao,high,0,national accreditation bod(y|ies),national accreditation body,"‘verifier’ means a legal person or another legal entity carrying out verification activities pursuant to this Regulation and accredited by a national accreditation body pursuant to Regulation (EC) No 765/2008 and this Regulation or a natural person otherwise authorised, without prejudice to Article 5(2) of that Regulation, at the time a verification report is issued;"
ets_verification,32018R2067,,Article 3,GENERAL PROVISIONS,article,auditoria,high,0,verification (team|report|body),verification report,"‘verifier’ means a legal person or another legal entity carrying out verification activities pursuant to this Regulation and accredited by a national accreditation body pursuant to Regulation (EC) No 765/2008 and this Regulation or a natural person otherwise authorised, without prejudice to Article 5(2) of that Regulation, at the time a verification report is issued;"
ets_verification,32018R2067,,Article 3,GENERAL PROVISIONS,article,reportar,low,0,\breport\b,report,‘verification’ means the activities carried out by a verifier to issue a verification report pursuant to this Regulation;
ets_verification,32018R2067,,Article 3,GENERAL PROVISIONS,article,auditoria,high,0,verification (team|report|body),verification report,‘verification’ means the activities carried out by a verifier to issue a verification report pursuant to this Regulation;
ets_verification,32018R2067,,Article 3,GENERAL PROVISIONS,article,reportar,low,0,\breport\b,report,"‘material misstatement’ means a misstatement that, in the opinion of the verifier, individually or when aggregated with other misstatements, exceeds the materiality level or could affect the treatment of the operator's or aircraft operator's report by the competent authority;"
ets_verification,32018R2067,,Article 3,GENERAL PROVISIONS,article,reportar,low,0,\breport\b,report,"‘operator's or aircraft operator's report’ means the annual emission report to be submitted by the operator or aircraft operator pursuant to Article 14(3) of Directive 2003/87/EC, the tonne-kilometre report to be submitted by the aircraft operator for the purposes of applying for the allocation of allowances pursuant to Articles 3e and 3f of that Directive, the baseline data report submitted by the operator pursuant to Article 4(2) of Delegated Regulation (EU) .../... or the data report submitte"
ets_verification,32018R2067,,Article 3,GENERAL PROVISIONS,article,certificacao,low,0,\baccreditation\b,accreditation,‘scope of accreditation’ means activities referred to in Annex I for which accreditation is sought or has been granted;
ets_verification,32018R2067,,Article 3,GENERAL PROVISIONS,article,reportar,low,0,\breport\b,report,"for the purposes of verifying an operator's emission report, any act or omission of an act by the operator that is contrary to the greenhouse gas emissions permit and the requirements in the monitoring plan approved by the competent authority;"
ets_verification,32018R2067,,Article 3,GENERAL PROVISIONS,article,reportar,low,0,\breport\b,report,"for the purposes of verifying an aircraft operator's emission or tonne-kilometre report, any act or omission of an act by the aircraft operator that is contrary to the requirements in the monitoring plan approved by the competent authority;"
ets_verification,32018R2067,,Article 3,GENERAL PROVISIONS,article,reportar,low,0,\breport\b,report,for the purposes of verifying the baseline data report submitted by the operator pursuant to Article 4(2)(a) of Delegated Regulation (EU) .../... or the new entrant data report submitted by the operator pursuant to Article 5(2) of that Regulation any act or omission of an act by the operator that is contrary to the requirements in the monitoring methodology plan;
ets_verification,32018R2067,,Article 3,GENERAL PROVISIONS,article,certificacao,low,0,\baccreditation\b,accreditation,"for the purposes of accreditation pursuant to Chapter IV, any act or omission of an act by the verifier that is contrary to the requirements of this Regulation;"
ets_verification,32018R2067,,Article 3,GENERAL PROVISIONS,article,reportar,low,0,\breport\b,report,"‘site’ means, for the purposes of verifying the emission or tonne-kilometre report of an aircraft operator, the locations where the monitoring process is defined and managed, including the locations where relevant data and information are controlled and stored;"
ets_verification,32018R2067,,Article 3,GENERAL PROVISIONS,article,reportar,low,0,\breport\b,report,"‘inherent risk’ means the susceptibility of a parameter in the operator's or aircraft operator's report to misstatements that could be material, individually or when aggregated with other misstatements, before taking into consideration the effect of any related control activities;"
ets_verification,32018R2067,,Article 3,GENERAL PROVISIONS,article,reportar,low,0,\breport\b,report,"‘control risk’ means the susceptibility of a parameter in the operator's or aircraft operator's report to misstatements that could be material, individually or when aggregated with other misstatements, and that will not be prevented or detected and corrected on a timely basis by the control system;"
ets_verification,32018R2067,,Article 3,GENERAL PROVISIONS,article,reportar,low,0,\breport\b,report,"‘verification risk’ means the risk, being a function of inherent risk, control risk and detection risk, that the verifier expresses an inappropriate verification opinion when the operator's or aircraft operator's report is not free of material misstatements;"
ets_verification,32018R2067,,Article 3,GENERAL PROVISIONS,article,reportar,low,0,\breport\b,report,"‘reasonable assurance’ means a high but not absolute level of assurance, expressed positively in the verification opinion, as to whether the operator's or aircraft operator's report subject to verification is free from material misstatement;"
ets_verification,32018R2067,,Article 3,GENERAL PROVISIONS,article,auditoria,low,0,\bassurance\b,assurance,"‘reasonable assurance’ means a high but not absolute level of assurance, expressed positively in the verification opinion, as to whether the operator's or aircraft operator's report subject to verification is free from material misstatement;"
ets_verification,32018R2067,,Article 3,GENERAL PROVISIONS,article,reportar,low,0,\breport\b,report,‘internal verification documentation’ means all internal documentation that a verifier has compiled to record all documentary evidence and justification of activities that are carried out for the verification of an operator's or aircraft operator's report;
ets_verification,32018R2067,,Article 3,GENERAL PROVISIONS,article,reportar,low,0,\breport\b,report,"‘EU ETS lead auditor’ means an EU ETS auditor in charge of directing and supervising the verification team, who is responsible for performing and reporting on the verification of an operator's or aircraft operator's report;"
ets_verification,32018R2067,,Article 3,GENERAL PROVISIONS,article,auditoria,high,0,(EU ETS )?(lead )?auditor,EU ETS lead auditor,"‘EU ETS lead auditor’ means an EU ETS auditor in charge of directing and supervising the verification team, who is responsible for performing and reporting on the verification of an operator's or aircraft operator's report;"
ets_verification,32018R2067,,Article 3,GENERAL PROVISIONS,article,reportar,low,0,\breport\b,report,‘EU ETS auditor’ means an individual member of a verification team responsible for conducting a verification of an operator's or aircraft operator's report other than the EU ETS lead auditor;
ets_verification,32018R2067,,Article 3,GENERAL PROVISIONS,article,auditoria,high,0,(EU ETS )?(lead )?auditor,EU ETS auditor,‘EU ETS auditor’ means an individual member of a verification team responsible for conducting a verification of an operator's or aircraft operator's report other than the EU ETS lead auditor;
ets_verification,32018R2067,,Article 3,GENERAL PROVISIONS,article,certificacao,low,0,\baccreditation\b,accreditation,‘technical expert’ means a person who provides detailed knowledge and expertise on a specific subject matter needed for the performance of verification activities for the purposes of Chapter III and for the performance of accreditation activities for the purposes of Chapter V;
ets_verification,32018R2067,,Article 3,GENERAL PROVISIONS,article,reportar,low,0,\breport\b,report,‘level of assurance’ means the degree of assurance the verifier provides on the verification report based on the objective of reducing the verification risk according to the circumstances of the verification engagement;
ets_verification,32018R2067,,Article 3,GENERAL PROVISIONS,article,auditoria,high,0,verification (team|report|body),verification report,‘level of assurance’ means the degree of assurance the verifier provides on the verification report based on the objective of reducing the verification risk according to the circumstances of the verification engagement;
ets_verification,32018R2067,,Article 3,GENERAL PROVISIONS,article,certificacao,high,0,national accreditation bod(y|ies),national accreditation body,‘assessor’ means a person assigned by a national accreditation body to perform individually or as part of an assessment team an assessment of a verifier pursuant to this Regulation;
ets_verification,32018R2067,,Article 3,GENERAL PROVISIONS,article,reportar,low,0,\breport\b,report,‘baseline data report’ means a report submitted by an operator pursuant to Article 4(2) of Delegated Regulation (EU) .../...;
ets_verification,32018R2067,,Article 3,GENERAL PROVISIONS,article,reportar,low,0,\breport\b,report,‘new entrant data report’ means a report submitted by an operator pursuant to Article 5(2) of Delegated Regulation (EU) .../....
ets_verification,32018R2067,,Article 5,GENERAL PROVISIONS,article,certificacao,low,0,\baccreditation\b,accreditation,General framework for accreditation
ets_verification,32018R2067,,Article 5,GENERAL PROVISIONS,article,certificacao,high,0,national accreditation bod(y|ies),national accreditation bodies,"Where no specific provisions concerning the composition of the national accreditation bodies or the activities and requirements linked to accreditation are laid down in this Regulation, the relevant provisions of Regulation (EC) No 765/2008 shall apply."
ets_verification,32018R2067,,Article 6,VERIFICATION,article,reportar,low,0,\breport\b,report,"A verified emissions report, baseline data report or new entrant data report shall be reliable for users. It shall represent faithfully that, which it either purports to represent or may reasonably be expected to represent."
ets_verification,32018R2067,,Article 6,VERIFICATION,article,reportar,low,0,\breport\b,report,"The process of verifying operator's or aircraft operator's report shall be an effective and reliable tool in support of quality assurance and quality control procedures, providing information upon which an operator or aircraft operator can act to improve performance in monitoring and reporting emissions or data relevant for free allocation."
ets_verification,32018R2067,,Article 6,VERIFICATION,article,auditoria,low,0,\bassurance\b,assurance,"The process of verifying operator's or aircraft operator's report shall be an effective and reliable tool in support of quality assurance and quality control procedures, providing information upon which an operator or aircraft operator can act to improve performance in monitoring and reporting emissions or data relevant for free allocation."
ets_verification,32018R2067,,Article 7,VERIFICATION,article,reportar,low,0,\breport\b,report,1. The verifier shall carry out the verification and the activities required by this Chapter with the aim of providing a verification report that concludes with reasonable assurance that the operator's or aircraft operator's report is free from material misstatements.
ets_verification,32018R2067,,Article 7,VERIFICATION,article,auditoria,high,0,verification (team|report|body),verification report,1. The verifier shall carry out the verification and the activities required by this Chapter with the aim of providing a verification report that concludes with reasonable assurance that the operator's or aircraft operator's report is free from material misstatements.
ets_verification,32018R2067,,Article 7,VERIFICATION,article,reportar,low,0,\breport\b,report,"2. The verifier shall plan and perform the verification with an attitude of professional scepticism, recognising that circumstances may exist that cause the information in the operator's or aircraft operator's report to contain material misstatements."
ets_verification,32018R2067,,Article 7,VERIFICATION,article,reportar,low,0,\breport\b,report,"the operator's or aircraft operator's report is complete and meets the requirements laid down in Annex X to Implementing Regulation (EU) 2018/2066 or in Annex IV to Delegated Regulation (EU) .../..., as appropriate;"
ets_verification,32018R2067,,Article 7,VERIFICATION,article,reportar,low,0,\breport\b,report,"the operator or aircraft operator has acted in compliance with the requirements of the greenhouse gas emissions permit and the monitoring plan approved by the competent authority, where the verification of an operator's emission report is concerned, and with the requirements of the monitoring plan approved by the competent authority, where the verification of an aircraft operator's emission or tonne-kilometre report is concerned;"
ets_verification,32018R2067,,Article 7,VERIFICATION,article,reportar,low,0,\breport\b,report,"where the verification of an operator's baseline data report or new entrant data report is concerned, the operator has acted in conformance with the requirements of the monitoring methodology plan pursuant to Article 8 of Delegated Regulation (EU) .../... approved by the competent authority;"
ets_verification,32018R2067,,Article 7,VERIFICATION,article,reportar,low,0,\breport\b,report,the data in the operator's or aircraft operator's report are free from material misstatements;
ets_verification,32018R2067,,Article 7,VERIFICATION,article,reportar,low,0,\breport\b,report,"By way of derogation from point (c), the verifier shall assess whether the operator's monitoring methodology plan is in compliance with the requirements of Delegated Regulation (EU) .../... where the monitoring methodology plan is not subject to approval of the competent authority prior to submission of the baseline data report. If the verifier discovers that a monitoring methodology plan does not comply with Delegated Regulation (EU) .../..., the operator shall modify the monitoring methodology"
ets_verification,32018R2067,,Article 7,VERIFICATION,article,reportar,low,0,\breport\b,report,"For the purpose of point (d) of this paragraph, the verifier shall obtain clear and objective evidence from the operator or aircraft operator to support the reported aggregated emissions, tonne-kilometres or data relevant for free allocation taking into account all other information provided in the operator's or aircraft operator's report."
ets_verification,32018R2067,,Article 7,VERIFICATION,article,reportar,low,0,\breport\b,report,"5. If the verifier discovers that an operator or an aircraft operator is not complying with Implementing Regulation (EU) 2018/2066 or with Delegated Regulation (EU) .../..., that irregularity shall be included in the verification report even if the monitoring plan or monitoring methodology plan concerned, as appropriate, has been approved by the competent authority."
ets_verification,32018R2067,,Article 7,VERIFICATION,article,auditoria,high,0,verification (team|report|body),verification report,"5. If the verifier discovers that an operator or an aircraft operator is not complying with Implementing Regulation (EU) 2018/2066 or with Delegated Regulation (EU) .../..., that irregularity shall be included in the verification report even if the monitoring plan or monitoring methodology plan concerned, as appropriate, has been approved by the competent authority."
ets_verification,32018R2067,,Article 7,VERIFICATION,article,reportar,low,0,\breport\b,report,"If the monitoring methodology plan is subject to the approval of the competent authority prior to submission of the baseline data report pursuant to Article 8(4) of Delegated Regulation (EU) .../... and the monitoring methodology plan has not been approved or is incomplete, or where significant modifications referred to in Article 9(5) of that Regulation have been made which have not been approved by the competent authority, the verifier shall advise the operator to obtain the necessary approval"
ets_verification,32018R2067,,Article 7,VERIFICATION,article,reportar,low,0,\bshall report\b,shall report,"If the approval has not been obtained before the issue of the verification report, the verifier shall report this in the verification report."
ets_verification,32018R2067,,Article 7,VERIFICATION,article,auditoria,high,0,verification (team|report|body),verification report,"If the approval has not been obtained before the issue of the verification report, the verifier shall report this in the verification report."
ets_verification,32018R2067,,Article 8,VERIFICATION,article,reportar,low,0,\breport\b,report,evaluate the risks involved to undertake the verification of the operator's or aircraft operator's report in accordance with this Regulation;
ets_verification,32018R2067,,Article 8,VERIFICATION,article,certificacao,low,0,\baccreditation\b,accreditation,assess whether the engagement falls within the scope of its accreditation;
ets_verification,32018R2067,,Article 8,VERIFICATION,article,auditoria,high,0,verification (team|report|body),verification team,"assess whether it has the competence, personnel and resources required to select a verification team capable of dealing with the complexity of the installation or the aircraft operator's activities and fleet as well as whether it is capable of successfully completing the verification activities within the timeframe required;"
ets_verification,32018R2067,,Article 8,VERIFICATION,article,auditoria,high,0,verification (team|report|body),verification team,"assess whether it is capable of ensuring that the potential verification team at its disposal holds all the competence, and persons required to carry out verification activities for that specific operator or aircraft operator;"
ets_verification,32018R2067,,Article 10,VERIFICATION,article,reportar,low,0,\breport\b,report,"the operator's greenhouse gas emissions permit, if this concerns the verification of an operator's emission report;"
ets_verification,32018R2067,,Article 10,VERIFICATION,article,reportar,low,0,\breport\b,report,"the operator's or aircraft operator's annual emission, tonne-kilometre report, baseline data report or new entrant data report, as appropriate;"
ets_verification,32018R2067,,Article 10,VERIFICATION,article,reportar,low,0,\breport\b,report,"where applicable, the report referred to in Article 69(4) of Implementing Regulation (EU) 2018/2066;"
ets_verification,32018R2067,,Article 10,VERIFICATION,article,reportar,low,0,\breport\b,report,"the verification report from the previous year or the previous baseline period, as appropriate, if the verifier did not carry out the verification for that particular operator or aircraft operator the previous year or baseline period, as appropriate;"
ets_verification,32018R2067,,Article 10,VERIFICATION,article,auditoria,high,0,verification (team|report|body),verification report,"the verification report from the previous year or the previous baseline period, as appropriate, if the verifier did not carry out the verification for that particular operator or aircraft operator the previous year or baseline period, as appropriate;"
ets_verification,32018R2067,,Article 10,VERIFICATION,article,reportar,low,0,\breport\b,report,"where the verification concerns the emission report of an installation carrying out the geological storage of greenhouse gases in a storage site permitted under Directive 2009/31/EC, the monitoring plan required by that Directive and the reports required by Article 14 of that Directive, covering at least the reporting period of the emissions report to be verified;"
ets_verification,32018R2067,,Article 10,VERIFICATION,article,reportar,low,0,\breport\b,report,"2. Before the verifier issues the verification report, the operator or aircraft operator shall provide it with the final authorised and internally validated operator's or aircraft operator's report."
ets_verification,32018R2067,,Article 10,VERIFICATION,article,auditoria,high,0,verification (team|report|body),verification report,"2. Before the verifier issues the verification report, the operator or aircraft operator shall provide it with the final authorised and internally validated operator's or aircraft operator's report."
ets_verification,32018R2067,,Article 11,VERIFICATION,article,auditoria,high,0,verification (team|report|body),verification team,"2. For the purposes of understanding the activities carried out by the installation or the aircraft operator, the verifier shall collect and review the information needed to assess that the verification team is sufficiently competent to carry out the verification, to determine that the time allocation indicated in the contract has been set correctly and to ensure that it is able to conduct the necessary risk analysis. The information shall include at least:"
ets_verification,32018R2067,,Article 11,VERIFICATION,article,reportar,low,0,\breport\b,report,"for the purposes of the verification of the operator's emission report, the category of the installation referred to in Article 19 of Implementing Regulation (EU) 2018/2066 and the activities carried out at that installation;"
ets_verification,32018R2067,,Article 11,VERIFICATION,article,reportar,low,0,\breport\b,report,"for the purposes of the verification of the aircraft operator's emission or tonne- kilometre report, the size and nature of the aircraft operator, the distribution of information in different locations as well as the number and type of flights;"
ets_verification,32018R2067,,Article 13,VERIFICATION,article,reportar,low,0,\breport\b,report,"a data sampling plan setting out the scope and methods of data sampling related to data points underlying the aggregated emissions in the operator or aircraft operator's emission report, the aggregated tonne-kilometre data in the aircraft operator's tonne-kilometre report or the aggregated data relevant for free allocation in the operator's baseline data report or new entrant data report."
ets_verification,32018R2067,,Article 13,VERIFICATION,article,auditoria,low,0,\bassurance\b,assurance,the requirement to deliver a verification opinion with reasonable assurance.
ets_verification,32018R2067,,Article 13,VERIFICATION,article,auditoria,low,0,\bassurance\b,assurance,the requirement to deliver a verification opinion with reasonable assurance;
ets_verification,32018R2067,,Article 13,VERIFICATION,article,reportar,low,0,\breport\b,report,4. The verifier shall set up and implement the verification plan such that the verification risk is reduced to an acceptable level to obtain reasonable assurance that the operator's or aircraft operator's report is free from material misstatements.
ets_verification,32018R2067,,Article 13,VERIFICATION,article,auditoria,low,0,\bassurance\b,assurance,4. The verifier shall set up and implement the verification plan such that the verification risk is reduced to an acceptable level to obtain reasonable assurance that the operator's or aircraft operator's report is free from material misstatements.
ets_verification,32018R2067,,Article 14,VERIFICATION,article,reportar,low,0,\breport\b,report,"For the purposes of point (a) of the second paragraph, the verifier shall track the data flow following the sequence and interaction of the data flow activities from primary source data to the compilation of the operator's or aircraft operator's report."
ets_verification,32018R2067,,Article 16,VERIFICATION,article,reportar,low,0,\breport\b,report,"1. The verifier shall verify the data in the operator's or aircraft operator's report by applying detailed testing of the data, including by tracing the data back to the primary data source, cross-checking data with external data sources, performing reconciliations, checking thresholds regarding appropriate data and carrying out recalculations."
ets_verification,32018R2067,,Article 16,VERIFICATION,article,reportar,low,0,\breport\b,report,"for the purposes of verifying an operator's emission report, the boundaries of an installation;"
ets_verification,32018R2067,,Article 16,VERIFICATION,article,reportar,low,0,\breport\b,report,"for the purposes of verifying an operator's baseline data report or new entrant data report, the boundaries of an installation and its sub-installations;"
ets_verification,32018R2067,,Article 16,VERIFICATION,article,reportar,low,0,\breport\b,report,"for the purposes of verifying an operator's emission report, baseline data report or new entrant data report, the completeness of source streams and emission sources as described in the monitoring plan approved by the competent authority or monitoring methodology plan, as appropriate;"
ets_verification,32018R2067,,Article 16,VERIFICATION,article,reportar,low,0,\breport\b,report,"for the purposes of verifying an aircraft operator's emission report and tonne-kilometre report, the completeness of flights covered by an aviation activity listed in Annex I to Directive 2003/87/EC for which the aircraft operator is responsible as well as the completeness of emission data and tonne-kilometre data respectively;"
ets_verification,32018R2067,,Article 16,VERIFICATION,article,reportar,low,0,\breport\b,report,"for the purposes of verifying an aircraft operator's emission report and tonne-kilometre report, the consistency between reported data and mass and balance documentation;"
ets_verification,32018R2067,,Article 16,VERIFICATION,article,reportar,low,0,\breport\b,report,"for the purposes of verifying an aircraft operator's emission report, the consistency between aggregated fuel consumption and data on fuel purchased or otherwise supplied to the aircraft performing the aviation activity;"
ets_verification,32018R2067,,Article 16,VERIFICATION,article,reportar,low,0,\breport\b,report,the consistency of the aggregated reported data in an operator's or aircraft operator's report with primary source data;
ets_verification,32018R2067,,Article 17,VERIFICATION,article,reportar,low,0,\breport\b,report,"2. For the purposes of verifying the operator's emission report, the verifier shall check the correct application and implementation of the sampling plan referred to in Article 33 of Implementing Regulation (EU) 2018/2066, as approved by the competent authority."
ets_verification,32018R2067,,Article 17,VERIFICATION,article,reportar,low,0,\breport\b,report,"3. For the purposes of verifying the operator's baseline data report or new entrant data report, the verifier shall check whether the methodology for collecting and monitoring data defined in the monitoring methodology plan is applied in the correct way, including:"
ets_verification,32018R2067,,Article 17,VERIFICATION,article,ranking_rating,low,0,\bbenchmark\w*,benchmarks,whether activity levels for product benchmarks are based on a correct application of the product definitions listed in Annex I to Delegated Regulation (EU) .../...;
ets_verification,32018R2067,,Article 17,VERIFICATION,article,ranking_rating,low,0,\bbenchmark\w*,benchmark,"whether activity levels for the heat benchmark sub-installations, the district heating sub-installation, the fuel benchmark sub-installations and the process emissions sub-installations have been correctly attributed according to the products produced and pursuant to delegated acts adopted pursuant to Article 10b(5) of Directive 2003/87/EC."
ets_verification,32018R2067,,Article 21,VERIFICATION,article,reportar,low,0,\breport\b,report,"1. At one or more appropriate times during the verification process, the verifier shall conduct a site visit in order to assess the operation of measuring devices and monitoring systems, to conduct interviews, to carry out the activities required by this Chapter as well as to gather sufficient information and evidence enabling it to conclude whether the operator's or aircraft operator's report is free from material misstatements."
ets_verification,32018R2067,,Article 21,VERIFICATION,article,reportar,low,0,\breport\b,report,"3. For the purposes of verifying the operator's emission report, the verifier shall also use a site visit to assess the boundaries of the installation as well as the completeness of source streams and emission sources."
ets_verification,32018R2067,,Article 21,VERIFICATION,article,reportar,low,0,\breport\b,report,"4. For the purposes of verifying the operator's baseline data report or new entrant data report, the verifier shall also use a site visit to assess the boundaries of the installation and its sub-installations as well as the completeness of source streams, emission sources and technical connections."
ets_verification,32018R2067,,Article 21,VERIFICATION,article,reportar,low,0,\breport\b,report,"5. For the purposes of verifying the operator's emission report, baseline data report or new entrant data report, the verifier shall decide, based on the risk analysis, whether visits to additional locations are needed, including where relevant parts of data flow activities and control activities are carried out in other locations such as company headquarters and other off-site offices."
ets_verification,32018R2067,,Article 22,VERIFICATION,article,reportar,low,0,\breport\b,report,"3. If the operator or aircraft operator does not correct the misstatements or non-conformities communicated to them by the verifier in accordance with paragraph 1 before the verifier issues the verification report, the verifier shall request the operator or aircraft operator to explain the main causes of the non-conformity or misstatement in order to assess the impact of the non-conformities or misstatements on the reported data."
ets_verification,32018R2067,,Article 22,VERIFICATION,article,auditoria,high,0,verification (team|report|body),verification report,"3. If the operator or aircraft operator does not correct the misstatements or non-conformities communicated to them by the verifier in accordance with paragraph 1 before the verifier issues the verification report, the verifier shall request the operator or aircraft operator to explain the main causes of the non-conformity or misstatement in order to assess the impact of the non-conformities or misstatements on the reported data."
ets_verification,32018R2067,,Article 22,VERIFICATION,article,reportar,low,0,\breport\b,report,"If the operator or aircraft operator does not correct the non-compliance with Implementing Regulation (EU) 2018/2066 or Delegated Regulation (EU) .../... in accordance with paragraph 1 before the verifier issues the verification report, the verifier shall assess whether the uncorrected non-compliance has an impact on the reported data and whether this leads to material misstatement."
ets_verification,32018R2067,,Article 22,VERIFICATION,article,auditoria,high,0,verification (team|report|body),verification report,"If the operator or aircraft operator does not correct the non-compliance with Implementing Regulation (EU) 2018/2066 or Delegated Regulation (EU) .../... in accordance with paragraph 1 before the verifier issues the verification report, the verifier shall assess whether the uncorrected non-compliance has an impact on the reported data and whether this leads to material misstatement."
ets_verification,32018R2067,,Article 23,VERIFICATION,article,reportar,low,0,\breport\b,report,"4. For the purposes of verifying baseline data report or new entrant data reports, the materiality level shall be 5 % of the total reported value of the following:"
ets_verification,32018R2067,,Article 23,VERIFICATION,article,ranking_rating,low,0,\bbenchmark\w*,benchmark,the activity level of each relevant product benchmark sub-installation individually.
ets_verification,32018R2067,,Article 24,VERIFICATION,article,auditoria,low,0,\bassurance\b,assurance,assess whether the verification risk is at an acceptably low level to obtain reasonable assurance;
ets_verification,32018R2067,,Article 24,VERIFICATION,article,reportar,low,0,\breport\b,report,ensure that sufficient evidence has been gathered to be able to give a verification opinion with reasonable assurance that the report is free from material misstatements;
ets_verification,32018R2067,,Article 24,VERIFICATION,article,auditoria,low,0,\bassurance\b,assurance,ensure that sufficient evidence has been gathered to be able to give a verification opinion with reasonable assurance that the report is free from material misstatements;
ets_verification,32018R2067,,Article 24,VERIFICATION,article,reportar,low,0,\breport\b,report,ensure that the verification process is fully documented in the internal verification documentation and that a final judgment in the verification report can be given.
ets_verification,32018R2067,,Article 24,VERIFICATION,article,auditoria,high,0,verification (team|report|body),verification report,ensure that the verification process is fully documented in the internal verification documentation and that a final judgment in the verification report can be given.
ets_verification,32018R2067,,Article 25,VERIFICATION,article,reportar,low,0,\breport\b,report,1. The verifier shall submit the internal verification documentation and the verification report to an independent reviewer prior to the issuance of the verification report.
ets_verification,32018R2067,,Article 25,VERIFICATION,article,auditoria,high,0,verification (team|report|body),verification report,1. The verifier shall submit the internal verification documentation and the verification report to an independent reviewer prior to the issuance of the verification report.
ets_verification,32018R2067,,Article 25,VERIFICATION,article,reportar,low,0,\breport\b,report,The independent reviewer shall also assess whether the evidence gathered is sufficient to enable the verifier to issue a verification report with reasonable assurance.
ets_verification,32018R2067,,Article 25,VERIFICATION,article,auditoria,high,0,verification (team|report|body),verification report,The independent reviewer shall also assess whether the evidence gathered is sufficient to enable the verifier to issue a verification report with reasonable assurance.
ets_verification,32018R2067,,Article 25,VERIFICATION,article,reportar,low,0,\breport\b,report,"4. Where circumstances occur which may cause changes in the verification report after the review, the independent reviewer shall also review those changes and the evidence thereof."
ets_verification,32018R2067,,Article 25,VERIFICATION,article,auditoria,high,0,verification (team|report|body),verification report,"4. Where circumstances occur which may cause changes in the verification report after the review, the independent reviewer shall also review those changes and the evidence thereof."
ets_verification,32018R2067,,Article 25,VERIFICATION,article,reportar,low,0,\breport\b,report,5. The verifier shall properly authorise a person to authenticate the verification report based upon the conclusions of the independent reviewer and the evidence in the internal verification documentation.
ets_verification,32018R2067,,Article 25,VERIFICATION,article,auditoria,high,0,verification (team|report|body),verification report,5. The verifier shall properly authorise a person to authenticate the verification report based upon the conclusions of the independent reviewer and the evidence in the internal verification documentation.
ets_verification,32018R2067,,Article 26,VERIFICATION,article,certificacao,high,0,national accreditation bod(y|ies),national accreditation body,2. The internal verification documentation referred to in paragraph 1 shall be drafted in such a manner that the independent reviewer referred to in Article 25 and the national accreditation body can assess whether the verification has been performed in accordance with this Regulation.
ets_verification,32018R2067,,Article 26,VERIFICATION,article,reportar,low,0,\breport\b,report,"After authentication of the verification report pursuant to Article 25(5), the verifier shall include results of the independent review in the internal verification documentation."
ets_verification,32018R2067,,Article 26,VERIFICATION,article,auditoria,high,0,verification (team|report|body),verification report,"After authentication of the verification report pursuant to Article 25(5), the verifier shall include results of the independent review in the internal verification documentation."
ets_verification,32018R2067,,Article 27,VERIFICATION,article,reportar,low,1,\breport\b,report,Verification report
ets_verification,32018R2067,,Article 27,VERIFICATION,article,auditoria,high,1,verification (team|report|body),Verification report,Verification report
ets_verification,32018R2067,,Article 27,VERIFICATION,article,reportar,low,1,\breport\b,report,"1. Based on the information collected during the verification, the verifier shall issue a verification report to the operator or aircraft operator on each emission report, tonne-kilometre report, baseline data report or new entrant data report that was subject to verification. The verification report shall include at least one of the following findings:"
ets_verification,32018R2067,,Article 27,VERIFICATION,article,auditoria,high,1,verification (team|report|body),verification report,"1. Based on the information collected during the verification, the verifier shall issue a verification report to the operator or aircraft operator on each emission report, tonne-kilometre report, baseline data report or new entrant data report that was subject to verification. The verification report shall include at least one of the following findings:"
ets_verification,32018R2067,,Article 27,VERIFICATION,article,reportar,low,1,\breport\b,report,the report is verified as satisfactory;
ets_verification,32018R2067,,Article 27,VERIFICATION,article,reportar,low,1,\breport\b,report,the operator's or aircraft operator's report contains material misstatements that were not corrected before issuing the verification report;
ets_verification,32018R2067,,Article 27,VERIFICATION,article,auditoria,high,1,verification (team|report|body),verification report,the operator's or aircraft operator's report contains material misstatements that were not corrected before issuing the verification report;
ets_verification,32018R2067,,Article 27,VERIFICATION,article,reportar,low,1,\breport\b,report,the scope of verification is too limited pursuant to Article 28 and the verifier could not obtain sufficient evidence to issue a verification opinion with reasonable assurance that the report is free from material misstatements;
ets_verification,32018R2067,,Article 27,VERIFICATION,article,auditoria,low,1,\bassurance\b,assurance,the scope of verification is too limited pursuant to Article 28 and the verifier could not obtain sufficient evidence to issue a verification opinion with reasonable assurance that the report is free from material misstatements;
ets_verification,32018R2067,,Article 27,VERIFICATION,article,reportar,low,1,\breport\b,report,"non-conformities, individually or combined with other non-conformities, provide insufficient clarity and prevent the verifier from stating with reasonable assurance that the operator's or aircraft operator's report is free from material misstatements;"
ets_verification,32018R2067,,Article 27,VERIFICATION,article,auditoria,low,1,\bassurance\b,assurance,"non-conformities, individually or combined with other non-conformities, provide insufficient clarity and prevent the verifier from stating with reasonable assurance that the operator's or aircraft operator's report is free from material misstatements;"
ets_verification,32018R2067,,Article 27,VERIFICATION,article,reportar,low,1,\breport\b,report,"where the monitoring methodology plan is not subject to the approval of the competent authority, non-compliance with Delegated Regulation (EU) .../... provide insufficient clarity and prevent the verifier from stating with reasonable assurance that the baseline data report or new entrant data report is free from material misstatements."
ets_verification,32018R2067,,Article 27,VERIFICATION,article,auditoria,low,1,\bassurance\b,assurance,"where the monitoring methodology plan is not subject to the approval of the competent authority, non-compliance with Delegated Regulation (EU) .../... provide insufficient clarity and prevent the verifier from stating with reasonable assurance that the baseline data report or new entrant data report is free from material misstatements."
ets_verification,32018R2067,,Article 27,VERIFICATION,article,reportar,low,1,\breport\b,report,"For the purposes of point (a) of the first subparagraph, the operator's or aircraft operator's report may be verified as satisfactory only where the operator's or aircraft operator's report is free from material misstatements."
ets_verification,32018R2067,,Article 27,VERIFICATION,article,reportar,low,1,\breport\b,report,2. The operator or aircraft operator shall submit the verification report to the competent authority together with the operator's or aircraft operator's report concerned.
ets_verification,32018R2067,,Article 27,VERIFICATION,article,auditoria,high,1,verification (team|report|body),verification report,2. The operator or aircraft operator shall submit the verification report to the competent authority together with the operator's or aircraft operator's report concerned.
ets_verification,32018R2067,,Article 27,VERIFICATION,article,reportar,low,1,\breport\b,report,3. The verification report shall at least contain the following elements:
ets_verification,32018R2067,,Article 27,VERIFICATION,article,auditoria,high,1,verification (team|report|body),verification report,3. The verification report shall at least contain the following elements:
ets_verification,32018R2067,,Article 27,VERIFICATION,article,reportar,low,1,\breport\b,report,a reference to the operator's or aircraft operator's report that has been verified;
ets_verification,32018R2067,,Article 27,VERIFICATION,article,reportar,low,1,\breport\b,report,"the criteria used to verify the operator's or aircraft operator's report, including the permit, where applicable, and versions of the monitoring plan approved by the competent authority or monitoring methodology plan, as appropriate, as well as the period of validity for each plan;"
ets_verification,32018R2067,,Article 27,VERIFICATION,article,reportar,low,1,\breport\b,report,"in the case of verification of the baseline report required for allocation for the period 2021-2025, and the competent authority has not required the monitoring methodology plan to be approved, confirmation that the verifier has checked the monitoring methodology plan and that this plan is compliant with Delegated Regulation (EU) .../...;"
ets_verification,32018R2067,,Article 27,VERIFICATION,article,reportar,low,1,\breport\b,report,"where it concerns the verification of the operator's or aircraft operator's emission report, aggregated emissions or tonne-kilometres per activity referred to in Annex I to Directive 2003/87/EC and per installation or aircraft operator;"
ets_verification,32018R2067,,Article 27,VERIFICATION,article,reportar,low,1,\breport\b,report,"where it concerns the verification of the baseline data report or new entrant data report, aggregated annual verified data for each year in the baseline period for each sub-installation for the annual activity level and the emissions attributed to the sub-installation;"
ets_verification,32018R2067,,Article 27,VERIFICATION,article,reportar,low,1,\breport\b,report,a description of any identified misstatements and non-conformities that were not corrected before the issuance of the verification report;
ets_verification,32018R2067,,Article 27,VERIFICATION,article,auditoria,high,1,verification (team|report|body),verification report,a description of any identified misstatements and non-conformities that were not corrected before the issuance of the verification report;
ets_verification,32018R2067,,Article 27,VERIFICATION,article,reportar,low,1,\breport\b,report,"the names of the EU ETS lead auditor, the independent reviewer and, where applicable, the EU ETS auditor and the technical expert that were involved in the verification of the operator's or aircraft operator's report;"
ets_verification,32018R2067,,Article 27,VERIFICATION,article,auditoria,high,1,(EU ETS )?(lead )?auditor,EU ETS lead auditor,"the names of the EU ETS lead auditor, the independent reviewer and, where applicable, the EU ETS auditor and the technical expert that were involved in the verification of the operator's or aircraft operator's report;"
ets_verification,32018R2067,,Article 27,VERIFICATION,article,reportar,low,1,\breport\b,report,"4. The verifier shall describe the misstatements, non-conformities and non-compliance with Implementing Regulation (EU) 2018/2066 or Delegated Regulation (EU) .../..., in sufficient detail in the verification report to allow the operator or aircraft operator as well as the competent authority to understand the following:"
ets_verification,32018R2067,,Article 27,VERIFICATION,article,auditoria,high,1,verification (team|report|body),verification report,"4. The verifier shall describe the misstatements, non-conformities and non-compliance with Implementing Regulation (EU) 2018/2066 or Delegated Regulation (EU) .../..., in sufficient detail in the verification report to allow the operator or aircraft operator as well as the competent authority to understand the following:"
ets_verification,32018R2067,,Article 27,VERIFICATION,article,reportar,low,1,\breport\b,report,"to which element of the operator's or aircraft operator's report the misstatement refers, or to what element of the monitoring plan or the monitoring methodology plan the non-conformity refers;"
ets_verification,32018R2067,,Article 27,VERIFICATION,article,reportar,low,1,\breport\b,report,"5. For the purposes of verifying emission reports or tonne-kilometre reports, if a Member State requires the verifier to submit information on the verification process in addition to the elements described in paragraph 3 and that information is not necessary to understand the verification opinion, the operator or aircraft operator may, for efficiency reasons, submit that additional information to the competent authority separately from the verification report at an alternative date, but no later"
ets_verification,32018R2067,,Article 27,VERIFICATION,article,auditoria,high,1,verification (team|report|body),verification report,"5. For the purposes of verifying emission reports or tonne-kilometre reports, if a Member State requires the verifier to submit information on the verification process in addition to the elements described in paragraph 3 and that information is not necessary to understand the verification opinion, the operator or aircraft operator may, for efficiency reasons, submit that additional information to the competent authority separately from the verification report at an alternative date, but no later"
ets_verification,32018R2067,,Article 28,VERIFICATION,article,auditoria,low,0,\bassurance\b,assurance,data are missing that prevent a verifier from obtaining the evidence required to reduce the verification risk to the level needed to obtain reasonable level of assurance;
ets_verification,32018R2067,,Article 28,VERIFICATION,article,reportar,low,0,\breport\b,report,where Delegated Regulation (EU) .../... or the Member State required approval of the monitoring methodology plan by the competent authority prior to submission of the baseline data report and that plan has not been approved by the competent authority before the start of verification.
ets_verification,32018R2067,,Article 29,VERIFICATION,article,reportar,low,0,\breport\b,report,"1. The verifier shall assess whether the operator or aircraft operator has corrected the non-conformities indicated in the verification report related to the previous monitoring period according to the requirements on the operator referred to in Article 69(4) of Implementing Regulation (EU) 2018/2066, where relevant."
ets_verification,32018R2067,,Article 29,VERIFICATION,article,auditoria,high,0,verification (team|report|body),verification report,"1. The verifier shall assess whether the operator or aircraft operator has corrected the non-conformities indicated in the verification report related to the previous monitoring period according to the requirements on the operator referred to in Article 69(4) of Implementing Regulation (EU) 2018/2066, where relevant."
ets_verification,32018R2067,,Article 29,VERIFICATION,article,reportar,low,0,\bshall report\b,shall report,The verifier shall report in the verification report whether those non-conformities have been resolved by the operator or aircraft operator.
ets_verification,32018R2067,,Article 29,VERIFICATION,article,auditoria,high,0,verification (team|report|body),verification report,The verifier shall report in the verification report whether those non-conformities have been resolved by the operator or aircraft operator.
ets_verification,32018R2067,,Article 30,VERIFICATION,article,reportar,low,0,\breport\b,report,"1. Where the verifier has identified areas for improvement in the operator's or aircraft operator's performance related to points (a) to (e) of this paragraph, it shall include in the verification report recommendations for improvement related to the operator's or aircraft operator's performance on those points:"
ets_verification,32018R2067,,Article 30,VERIFICATION,article,auditoria,high,0,verification (team|report|body),verification report,"1. Where the verifier has identified areas for improvement in the operator's or aircraft operator's performance related to points (a) to (e) of this paragraph, it shall include in the verification report recommendations for improvement related to the operator's or aircraft operator's performance on those points:"
ets_verification,32018R2067,,Article 30,VERIFICATION,article,reportar,low,0,\breport\b,report,"2. During verification following a year in which recommendations for improvement were made in a verification report, the verifier shall check whether the operator or aircraft operator has implemented those recommendations for improvement and the manner in which this has been done."
ets_verification,32018R2067,,Article 30,VERIFICATION,article,auditoria,high,0,verification (team|report|body),verification report,"2. During verification following a year in which recommendations for improvement were made in a verification report, the verifier shall check whether the operator or aircraft operator has implemented those recommendations for improvement and the manner in which this has been done."
ets_verification,32018R2067,,Article 31,VERIFICATION,article,reportar,low,0,\breport\b,report,when an operator's emission report is verified for the first time by the verifier;
ets_verification,32018R2067,,Article 31,VERIFICATION,article,reportar,low,0,\breport\b,report,if an operator's baseline data report or new entrant data report is verified.
ets_verification,32018R2067,,Article 32,VERIFICATION,article,auditoria,low,0,\bassurance\b,assurance,"there is a high level of centralisation of data collected from that site and transmitted directly to another location where all the data is processed, managed and stored with good quality assurance;"
ets_verification,32018R2067,,Article 35,REQUIREMENTS FOR VERIFIERS,article,certificacao,low,0,\baccreditation\b,accreditation,Sectoral scopes of accreditation
ets_verification,32018R2067,,Article 35,REQUIREMENTS FOR VERIFIERS,article,reportar,low,0,\breport\b,report,The verifier shall only issue a verification report to an operator or aircraft operator that performs an activity that is covered by the scope of the activity referred to in Annex I for which the verifier has been granted accreditation according to the provisions of Regulation (EC) No 765/2008 and this Regulation.
ets_verification,32018R2067,,Article 35,REQUIREMENTS FOR VERIFIERS,article,certificacao,low,0,\baccreditation\b,accreditation,The verifier shall only issue a verification report to an operator or aircraft operator that performs an activity that is covered by the scope of the activity referred to in Annex I for which the verifier has been granted accreditation according to the provisions of Regulation (EC) No 765/2008 and this Regulation.
ets_verification,32018R2067,,Article 35,REQUIREMENTS FOR VERIFIERS,article,auditoria,high,0,verification (team|report|body),verification report,The verifier shall only issue a verification report to an operator or aircraft operator that performs an activity that is covered by the scope of the activity referred to in Annex I for which the verifier has been granted accreditation according to the provisions of Regulation (EC) No 765/2008 and this Regulation.
ets_verification,32018R2067,,Article 36,REQUIREMENTS FOR VERIFIERS,article,auditoria,high,0,(EU ETS )?(lead )?auditor,EU ETS auditor,"specific competence criteria for each function within the verifier undertaking verification activities, in particular for the EU ETS auditor, EU ETS lead auditor, independent reviewer and technical expert;"
ets_verification,32018R2067,,Article 36,REQUIREMENTS FOR VERIFIERS,article,certificacao,low,0,\baccreditation\b,accreditation,"a process for assessing whether the verification engagement falls within the scope of the verifier's accreditation, and whether the verifier has the competence, personnel and resources required to select the verification team and successfully complete the verification activities within the timeframe required."
ets_verification,32018R2067,,Article 36,REQUIREMENTS FOR VERIFIERS,article,auditoria,high,0,verification (team|report|body),verification team,"a process for assessing whether the verification engagement falls within the scope of the verifier's accreditation, and whether the verifier has the competence, personnel and resources required to select the verification team and successfully complete the verification activities within the timeframe required."
ets_verification,32018R2067,,Article 36,REQUIREMENTS FOR VERIFIERS,article,certificacao,low,0,\baccreditation\b,accreditation,The competence criteria referred to in point (b) of the first subparagraph shall be specific for each scope of accreditation in which these persons are carrying out verification activities.
ets_verification,32018R2067,,Article 36,REQUIREMENTS FOR VERIFIERS,article,auditoria,high,0,verification (team|report|body),verification team,The process referred to in point (e) of the first subparagraph shall also include a process for assessing whether the verification team holds all the competence and persons required to carry out verification activities for a specific operator or aircraft operator.
ets_verification,32018R2067,,Article 36,REQUIREMENTS FOR VERIFIERS,article,auditoria,high,0,(EU ETS )?(lead )?auditor,EU ETS auditor,6. A sufficiently competent evaluator shall assess the competence and performance of an EU ETS auditor and EU ETS lead auditor.
ets_verification,32018R2067,,Article 36,REQUIREMENTS FOR VERIFIERS,article,reportar,low,0,\breport\b,report,"The competent evaluator shall monitor those auditors during the verification of the operator's or aircraft operator's report on the site of the installation or aircraft operator as appropriate, to determine whether they meet the competence criteria."
ets_verification,32018R2067,,Article 36,REQUIREMENTS FOR VERIFIERS,article,auditoria,high,0,(EU ETS )?(lead )?auditor,auditor,"The competent evaluator shall monitor those auditors during the verification of the operator's or aircraft operator's report on the site of the installation or aircraft operator as appropriate, to determine whether they meet the competence criteria."
ets_verification,32018R2067,,Article 37,REQUIREMENTS FOR VERIFIERS,article,auditoria,high,0,verification (team|report|body),Verification team,Verification teams
ets_verification,32018R2067,,Article 37,REQUIREMENTS FOR VERIFIERS,article,auditoria,high,0,verification (team|report|body),verification team,"1. For each particular verification engagement, the verifier shall assemble a verification team capable of performing the verification activities referred to in Chapter II."
ets_verification,32018R2067,,Article 37,REQUIREMENTS FOR VERIFIERS,article,auditoria,high,0,(EU ETS )?(lead )?auditor,EU ETS lead auditor,"2. The verification team shall at least consist of an EU ETS lead auditor, and, where the verifier's conclusions during the assessment referred to in Article 8(1)(e) and the strategic analysis so require, a suitable number of EU ETS auditors and technical experts."
ets_verification,32018R2067,,Article 37,REQUIREMENTS FOR VERIFIERS,article,auditoria,high,0,verification (team|report|body),verification team,"3. For the independent review of the verification activities related to a particular verification engagement, the verifier shall appoint an independent reviewer who shall not be part of the verification team."
ets_verification,32018R2067,,Article 37,REQUIREMENTS FOR VERIFIERS,article,reportar,low,0,\breport\b,report,5. The verification team shall include at least one person with the technical competence and understanding required to assess the specific technical monitoring and reporting aspects related to the activities referred to in Annex I that are carried out by the installation or aircraft operator. The verification team shall also include one person who is able to communicate in the language required for the verification of an operator's or aircraft operator's report in the Member State where the veri
ets_verification,32018R2067,,Article 37,REQUIREMENTS FOR VERIFIERS,article,auditoria,high,0,verification (team|report|body),verification team,5. The verification team shall include at least one person with the technical competence and understanding required to assess the specific technical monitoring and reporting aspects related to the activities referred to in Annex I that are carried out by the installation or aircraft operator. The verification team shall also include one person who is able to communicate in the language required for the verification of an operator's or aircraft operator's report in the Member State where the veri
ets_verification,32018R2067,,Article 37,REQUIREMENTS FOR VERIFIERS,article,auditoria,high,0,verification (team|report|body),verification team,"Where the verifier is carrying out verification of baseline data reports and new entrant data reports the verification team shall include in addition at least one person with the technical competence and understanding required to assess the specific technical aspects regarding the collection, monitoring and reporting of data relevant for free allocation."
ets_verification,32018R2067,,Article 37,REQUIREMENTS FOR VERIFIERS,article,auditoria,high,0,(EU ETS )?(lead )?auditor,EU ETS auditor,"6. Where the verification team consists of one person, this person shall meet all the competence requirements for the EU ETS auditor and EU ETS lead auditor and meet the requirements laid down in paragraphs 4 and 5."
ets_verification,32018R2067,,Article 38,REQUIREMENTS FOR VERIFIERS,article,auditoria,high,0,(EU ETS )?(lead )?auditor,EU ETS auditor,Competence requirements for EU ETS auditors and EU ETS lead auditors
ets_verification,32018R2067,,Article 38,REQUIREMENTS FOR VERIFIERS,article,auditoria,high,0,(EU ETS )?(lead )?auditor,EU ETS auditor,"1. An EU ETS auditor shall have the competence to perform the verification. To this end, the EU ETS auditor shall have at least:"
ets_verification,32018R2067,,Article 38,REQUIREMENTS FOR VERIFIERS,article,reportar,low,0,\breport\b,report,"knowledge of Directive 2003/87/EC, Implementing Regulation (EU) 2018/2066, Regulation (EU) .../... in the case of verification of the baseline data report or new entrant data report, this Regulation, relevant standards, and other relevant legislation, applicable guidelines, as well as relevant guidelines and legislation issued by the Member State in which the verifier is carrying out a verification;"
ets_verification,32018R2067,,Article 38,REQUIREMENTS FOR VERIFIERS,article,auditoria,low,0,\baudit\w*,auditing,"knowledge and experience of data and information auditing, including:"
ets_verification,32018R2067,,Article 38,REQUIREMENTS FOR VERIFIERS,article,auditoria,low,0,\baudit\w*,auditing,"data and information auditing methodologies, including the application of the materiality level and assessing the materiality of misstatements;"
ets_verification,32018R2067,,Article 38,REQUIREMENTS FOR VERIFIERS,article,reportar,low,0,\breport\b,report,the ability to perform the activities related to the verification of an operator's or aircraft operator's report as required by Chapter II;
ets_verification,32018R2067,,Article 38,REQUIREMENTS FOR VERIFIERS,article,auditoria,high,0,(EU ETS )?(lead )?auditor,EU ETS auditor,knowledge of and experience in the sector specific technical monitoring and reporting aspects that are relevant for the scope of activities referred to in Annex I in which the EU ETS auditor is carrying out verification.
ets_verification,32018R2067,,Article 38,REQUIREMENTS FOR VERIFIERS,article,auditoria,high,0,(EU ETS )?(lead )?auditor,EU ETS lead auditor,2. An EU ETS lead auditor shall meet the competence requirements for an EU ETS auditor and shall have demonstrated competence to lead a verification team and to be responsible for carrying out the verification activities in accordance with this Regulation.
ets_verification,32018R2067,,Article 39,REQUIREMENTS FOR VERIFIERS,article,reportar,low,0,\breport\b,report,1. The independent reviewer shall have the appropriate authority to review the draft verification report and internal verification documentation pursuant to Article 25.
ets_verification,32018R2067,,Article 39,REQUIREMENTS FOR VERIFIERS,article,auditoria,high,0,verification (team|report|body),verification report,1. The independent reviewer shall have the appropriate authority to review the draft verification report and internal verification documentation pursuant to Article 25.
ets_verification,32018R2067,,Article 39,REQUIREMENTS FOR VERIFIERS,article,auditoria,high,0,(EU ETS )?(lead )?auditor,EU ETS lead auditor,2. The independent reviewer shall meet the competence requirements of an EU ETS lead auditor referred to in Article 38(2).
ets_verification,32018R2067,,Article 39,REQUIREMENTS FOR VERIFIERS,article,reportar,low,0,\breport\b,report,"3. The independent reviewer shall have the necessary competence to analyse the information provided to confirm the completeness and integrity of the information, to challenge missing or contradictory information as well as to check data trails for the purposes of assessing whether the internal verification documentation is complete and provides sufficient information to support the draft verification report."
ets_verification,32018R2067,,Article 39,REQUIREMENTS FOR VERIFIERS,article,auditoria,high,0,verification (team|report|body),verification report,"3. The independent reviewer shall have the necessary competence to analyse the information provided to confirm the completeness and integrity of the information, to challenge missing or contradictory information as well as to check data trails for the purposes of assessing whether the internal verification documentation is complete and provides sufficient information to support the draft verification report."
ets_verification,32018R2067,,Article 40,REQUIREMENTS FOR VERIFIERS,article,auditoria,high,0,(EU ETS )?(lead )?auditor,EU ETS auditor,"1. When carrying out verification activities, a verifier may use technical experts to provide detailed knowledge and expertise on a specific subject matter needed to support the EU ETS auditor and EU ETS lead auditor in carrying out their verification activities."
ets_verification,32018R2067,,Article 40,REQUIREMENTS FOR VERIFIERS,article,auditoria,high,0,(EU ETS )?(lead )?auditor,EU ETS auditor,"3. The technical expert shall have the competence and expertise required to support the EU ETS auditor and EU ETS lead auditor, or the independent reviewer, where necessary, effectively on the subject matter for which their knowledge and expertise is requested. In addition, the technical expert shall have a sufficient understanding of the issues described in points (a), (b) and (c) of Article 38(1)."
ets_verification,32018R2067,,Article 40,REQUIREMENTS FOR VERIFIERS,article,auditoria,high,0,(EU ETS )?(lead )?auditor,EU ETS lead auditor,4. The technical expert shall undertake specified tasks under the direction and full responsibility of the EU ETS lead auditor of the verification team in which the technical expert is operating or the independent reviewer.
ets_verification,32018R2067,,Article 43,REQUIREMENTS FOR VERIFIERS,article,reportar,low,0,\breport\b,report,"3. A verifier shall not carry out verification activities for an operator or aircraft operator that poses an unacceptable risk to its impartiality or that creates a conflict of interest for it. The verifier shall not use personnel or contracted persons in the verification of an operator's or aircraft operator's report that involves an actual or potential conflict of interest. The verifier shall also ensure that the activities of personnel or organisations do not affect the confidentiality, objec"
ets_verification,32018R2067,,Article 43,REQUIREMENTS FOR VERIFIERS,article,reportar,low,0,\breport\b,report,"where a verifier or any part of the same legal entity provides consulting services to develop part of the monitoring and reporting process that is described in the monitoring plan approved by the competent authority or in the monitoring methodology plan, as applicable, including the development of the monitoring methodology, the drafting of the operator's or aircraft operator's report and the drafting of the monitoring plan or monitoring methodology plan;"
ets_verification,32018R2067,,Article 43,REQUIREMENTS FOR VERIFIERS,article,reportar,low,0,\breport\b,report,"where a verifier or any part of the same legal entity provides technical assistance to develop or maintain the system implemented to monitor and report emissions, tonne-kilometre data or data relevant for free allocation."
ets_verification,32018R2067,,Article 43,REQUIREMENTS FOR VERIFIERS,article,reportar,low,0,\breport\b,report,"5. A verifier shall not outsource the independent review or the issuance of the verification report. For the purposes of this Regulation, when outsourcing other verification activities, the verifier shall meet the relevant requirements laid down in the harmonised standard referred to in Annex II."
ets_verification,32018R2067,,Article 43,REQUIREMENTS FOR VERIFIERS,article,auditoria,high,0,verification (team|report|body),verification report,"5. A verifier shall not outsource the independent review or the issuance of the verification report. For the purposes of this Regulation, when outsourcing other verification activities, the verifier shall meet the relevant requirements laid down in the harmonised standard referred to in Annex II."
ets_verification,32018R2067,,Article 43,REQUIREMENTS FOR VERIFIERS,article,auditoria,high,0,(EU ETS )?(lead )?auditor,EU ETS lead auditor,"7. If the EU ETS lead auditor undertakes six annual verifications for a given aircraft operator, then the EU ETS lead auditor shall take a three consecutive year break from providing verification services to that same aircraft operator. The six years maximum period includes any greenhouse gas verifications performed for the aircraft operator starting after the entry into force of this regulation."
ets_verification,32018R2067,,Article 44,ACCREDITATION,article,certificacao,low,0,\baccreditation\b,Accreditation,Accreditation
ets_verification,32018R2067,,Article 44,ACCREDITATION,article,reportar,low,0,\breport\b,report,A verifier issuing a verification report to an operator or an aircraft operator shall be accredited for the scope of activities referred to in Annex I for which the verifier is carrying out the verification of an operator's or aircraft operator's report.
ets_verification,32018R2067,,Article 44,ACCREDITATION,article,certificacao,low,0,\baccredited\b,accredited,A verifier issuing a verification report to an operator or an aircraft operator shall be accredited for the scope of activities referred to in Annex I for which the verifier is carrying out the verification of an operator's or aircraft operator's report.
ets_verification,32018R2067,,Article 44,ACCREDITATION,article,auditoria,high,0,verification (team|report|body),verification report,A verifier issuing a verification report to an operator or an aircraft operator shall be accredited for the scope of activities referred to in Annex I for which the verifier is carrying out the verification of an operator's or aircraft operator's report.
ets_verification,32018R2067,,Article 44,ACCREDITATION,article,reportar,low,0,\breport\b,report,"For the purpose of verifying baseline data reports or new entrant data reports, a verifier issuing a verification report to an operator shall in addition be accredited for activity group No 98 referred to in Annex I."
ets_verification,32018R2067,,Article 44,ACCREDITATION,article,certificacao,low,0,\baccredited\b,accredited,"For the purpose of verifying baseline data reports or new entrant data reports, a verifier issuing a verification report to an operator shall in addition be accredited for activity group No 98 referred to in Annex I."
ets_verification,32018R2067,,Article 44,ACCREDITATION,article,auditoria,high,0,verification (team|report|body),verification report,"For the purpose of verifying baseline data reports or new entrant data reports, a verifier issuing a verification report to an operator shall in addition be accredited for activity group No 98 referred to in Annex I."
ets_verification,32018R2067,,Article 45,ACCREDITATION,article,certificacao,low,0,\baccreditation\b,accreditation,Objectives of accreditation
ets_verification,32018R2067,,Article 45,ACCREDITATION,article,certificacao,high,0,national accreditation bod(y|ies),national accreditation body,"During the accreditation process and the monitoring of accredited verifiers, each national accreditation body shall assess whether the verifier and its personnel undertaking verification activities:"
ets_verification,32018R2067,,Article 45,ACCREDITATION,article,auditoria,high,0,accredited verifier,accredited verifier,"During the accreditation process and the monitoring of accredited verifiers, each national accreditation body shall assess whether the verifier and its personnel undertaking verification activities:"
ets_verification,32018R2067,,Article 46,ACCREDITATION,article,certificacao,low,0,\baccreditation\b,accreditation,Request for accreditation
ets_verification,32018R2067,,Article 46,ACCREDITATION,article,certificacao,low,0,\baccreditation\b,accreditation,1. Any legal person or other legal entity may request accreditation pursuant to Article 5(1) of Regulation (EC) No 765/2008 and the provisions of this Chapter.
ets_verification,32018R2067,,Article 46,ACCREDITATION,article,certificacao,high,0,national accreditation bod(y|ies),national accreditation body,"2. In addition to the information referred to in paragraph 1 of this Article, an applicant shall also, prior to the commencement of the assessment pursuant to Article 45, make available to the national accreditation body the following:"
ets_verification,32018R2067,,Article 46,ACCREDITATION,article,certificacao,high,0,national accreditation bod(y|ies),national accreditation body,all information requested by the national accreditation body;
ets_verification,32018R2067,,Article 47,ACCREDITATION,article,certificacao,high,0,national accreditation bod(y|ies),national accreditation body,"1. When preparing the assessment referred to in Article 45, each national accreditation body shall take into account the complexity of the scope for which the applicant requests accreditation as well as the complexity of the quality management system referred to in Article 41(2), the procedures and information on processes referred to in Article 41(1) and the geographical areas in which the applicant is carrying out or planning to carry out verification."
ets_verification,32018R2067,,Article 47,ACCREDITATION,article,certificacao,high,0,national accreditation bod(y|ies),national accreditation body,"2. For the purposes of this Regulation, the national accreditation body shall meet the minimum requirements set out in the harmonised standard referred to in Annex III."
ets_verification,32018R2067,,Article 48,ACCREDITATION,article,reportar,low,0,\breport\b,report,witnessing of a representative part of the requested scope for accreditation and the performance and competence of a representative number of the applicant's staff involved in the verification of the operator's or aircraft operator's report to ensure that the staff are operating in accordance with this Regulation.
ets_verification,32018R2067,,Article 48,ACCREDITATION,article,certificacao,low,0,\baccreditation\b,accreditation,witnessing of a representative part of the requested scope for accreditation and the performance and competence of a representative number of the applicant's staff involved in the verification of the operator's or aircraft operator's report to ensure that the staff are operating in accordance with this Regulation.
ets_verification,32018R2067,,Article 48,ACCREDITATION,article,reportar,low,0,\bshall report\b,shall report,2. The assessment team shall report the findings and non-conformities to the applicant in accordance with the requirements set out in the harmonised standard referred to in Annex III and shall request the applicant to respond to the reported findings and non-conformities in accordance with those provisions.
ets_verification,32018R2067,,Article 48,ACCREDITATION,article,certificacao,high,0,national accreditation bod(y|ies),national accreditation body,3. An applicant shall take corrective action to address any non-conformities reported pursuant to paragraph 2 and indicate in applicant's response to the reported findings and non-conformities of the assessment team what actions are taken or are planned to be taken within a time set by the national accreditation body to resolve any identified non-conformities.
ets_verification,32018R2067,,Article 48,ACCREDITATION,article,certificacao,high,0,national accreditation bod(y|ies),national accreditation body,4. The national accreditation body shall review the responses of the applicant to the findings and non-conformities submitted pursuant to paragraph 3.
ets_verification,32018R2067,,Article 48,ACCREDITATION,article,certificacao,high,0,national accreditation bod(y|ies),national accreditation body,"Where the national accreditation body finds the response of the applicant to be insufficient or ineffective, it shall request further information or action from the applicant. The national accreditation body may also request evidence of the effective implementation of actions taken or carry out a follow-up assessment to assess the effective implementation of the corrective actions."
ets_verification,32018R2067,,Article 49,ACCREDITATION,article,certificacao,low,0,\bcertificat\w*,certificate,Decision on accreditation and accreditation certificate
ets_verification,32018R2067,,Article 49,ACCREDITATION,article,certificacao,high,0,national accreditation bod(y|ies),national accreditation body,"1. The national accreditation body shall take into account the requirements laid down in the harmonised standard referred to in Annex III when preparing and taking the decision on whether to grant, extend or renew the accreditation of an applicant."
ets_verification,32018R2067,,Article 49,ACCREDITATION,article,certificacao,high,0,national accreditation bod(y|ies),national accreditation body,"2. Where the national accreditation body has decided to grant, extend or renew the accreditation of an applicant, it shall issue an accreditation certificate to that effect."
ets_verification,32018R2067,,Article 49,ACCREDITATION,article,certificacao,low,0,\bcertificat\w*,certificate,The accreditation certificate shall at least contain the information required on the basis of the harmonised standard referred to in Annex III.
ets_verification,32018R2067,,Article 49,ACCREDITATION,article,certificacao,high,0,national accreditation bod(y|ies),national accreditation body,The accreditation certificate shall be valid for a period not exceeding five years after the date on which the national accreditation body has issued that certificate.
ets_verification,32018R2067,,Article 50,ACCREDITATION,article,certificacao,high,0,national accreditation bod(y|ies),national accreditation body,1. The national accreditation body shall carry out an annual surveillance of each verifier to which it has issued an accreditation certificate.
ets_verification,32018R2067,,Article 50,ACCREDITATION,article,certificacao,high,0,national accreditation bod(y|ies),national accreditation body,2. The national accreditation body shall carry out the first surveillance of a verifier in accordance with paragraph 1 no later than 12 months after the date on which the accreditation certificate has been issued to that verifier.
ets_verification,32018R2067,,Article 50,ACCREDITATION,article,certificacao,high,0,national accreditation bod(y|ies),national accreditation body,"3. The national accreditation body shall prepare its plan for the surveillance of each verifier in a manner that allows for representative samples of the scope of accreditation to be assessed, in accordance with the requirements laid down in the harmonised standard referred to in Annex III."
ets_verification,32018R2067,,Article 50,ACCREDITATION,article,certificacao,high,0,national accreditation bod(y|ies),national accreditation body,"4. Based on the results of the surveillance referred to in paragraph 1, the national accreditation body shall decide whether to confirm the continuation of accreditation."
ets_verification,32018R2067,,Article 50,ACCREDITATION,article,certificacao,high,0,national accreditation bod(y|ies),national accreditation body,"5. Where a verifier carries out a verification in another Member State, the national accreditation body that has accredited the verifier may request the national accreditation body of the Member State where the verification is performed to carry out surveillance activities on its behalf and under its responsibility."
ets_verification,32018R2067,,Article 51,ACCREDITATION,article,certificacao,high,0,national accreditation bod(y|ies),national accreditation body,"1. Before the expiry of the accreditation certificate, the national accreditation body shall carry out a reassessment of the verifier to which the national accreditation body has issued an accreditation certificate to determine whether the validity of that accreditation certificate may be extended."
ets_verification,32018R2067,,Article 51,ACCREDITATION,article,certificacao,high,0,national accreditation bod(y|ies),national accreditation body,"2. The national accreditation body shall prepare its plan for the reassessment of each verifier in a manner that allows representative samples of the scope of accreditation to be assessed. In planning and carrying out the reassessment, the national accreditation body shall meet the requirements laid down in the harmonised standard referred to in Annex III."
ets_verification,32018R2067,,Article 52,ACCREDITATION,article,certificacao,high,0,national accreditation bod(y|ies),national accreditation body,1. The national accreditation body may conduct an extraordinary assessment of the verifier at any time to ensure that the verifier meets the requirements of this Regulation.
ets_verification,32018R2067,,Article 52,ACCREDITATION,article,certificacao,high,0,national accreditation bod(y|ies),national accreditation body,"2. For the purposes of enabling the national accreditation body to assess the need for an extraordinary assessment, the verifier shall inform the national accreditation body forthwith of any significant changes relevant to its accreditation concerning any aspect of its status or operation. Significant changes shall include those changes mentioned in the harmonised standard referred to in Annex III."
ets_verification,32018R2067,,Article 53,ACCREDITATION,article,certificacao,high,0,national accreditation bod(y|ies),national accreditation body,"The national accreditation body shall, in response to an application by a verifier for an extension of the scope of a granted accreditation, undertake the necessary activities to determine whether the verifier meets the requirements of Article 45 for the requested extension of the scope of its accreditation."
ets_verification,32018R2067,,Article 54,ACCREDITATION,article,certificacao,high,0,national accreditation bod(y|ies),national accreditation body,"1. The national accreditation body may suspend, withdraw or reduce an accreditation of a verifier if the verifier does not meet the requirements of this Regulation."
ets_verification,32018R2067,,Article 54,ACCREDITATION,article,certificacao,high,0,national accreditation bod(y|ies),national accreditation body,"The national accreditation body shall suspend, withdraw or reduce an accreditation of a verifier if the verifier so requests."
ets_verification,32018R2067,,Article 54,ACCREDITATION,article,certificacao,high,0,national accreditation bod(y|ies),national accreditation body,"The national accreditation body shall establish, document, implement and maintain a procedure for the suspension of the accreditation, the withdrawal of the accreditation and the reduction of the scope of accreditation."
ets_verification,32018R2067,,Article 54,ACCREDITATION,article,certificacao,high,0,national accreditation bod(y|ies),national accreditation body,"2. The national accreditation body shall suspend an accreditation, or restrict the scope of an accreditation in any of the following cases:"
ets_verification,32018R2067,,Article 54,ACCREDITATION,article,certificacao,high,0,national accreditation bod(y|ies),national accreditation body,the verifier has breached other specific terms and conditions of the national accreditation body.
ets_verification,32018R2067,,Article 54,ACCREDITATION,article,certificacao,high,0,national accreditation bod(y|ies),national accreditation body,3. The national accreditation body shall withdraw the accreditation in the following cases:
ets_verification,32018R2067,,Article 54,ACCREDITATION,article,certificacao,low,0,\bcertificat\w*,certificate,the verifier has failed to remedy the grounds for a decision to suspend the accreditation certificate;
ets_verification,32018R2067,,Article 54,ACCREDITATION,article,certificacao,high,0,national accreditation bod(y|ies),national accreditation body,"4. The decision of a national accreditation body to suspend, withdraw or reduce the scope of the accreditation in accordance with paragraphs 2 and 3 shall be subject to appeal."
ets_verification,32018R2067,,Article 54,ACCREDITATION,article,certificacao,high,0,national accreditation bod(y|ies),national accreditation body,"5. The decision of a national accreditation body to suspend, withdraw or reduce the scope of the accreditation shall take effect upon its notification to the verifier."
ets_verification,32018R2067,,Article 54,ACCREDITATION,article,certificacao,high,0,national accreditation bod(y|ies),national accreditation body,The national accreditation body shall terminate the suspension of an accreditation certificate where it has received satisfactory information and is confident that the verifier meets the requirements of this Regulation.
ets_verification,32018R2067,,Article 55,REQUIREMENTS CONCERNING ACCREDITATION BODIES FOR THE ACCREDITATION OF ETS VERIFIERS,article,certificacao,high,0,national accreditation bod(y|ies),National accreditation body,National accreditation body
ets_verification,32018R2067,,Article 55,REQUIREMENTS CONCERNING ACCREDITATION BODIES FOR THE ACCREDITATION OF ETS VERIFIERS,article,certificacao,high,0,national accreditation bod(y|ies),national accreditation bodies,1. The tasks related to accreditation pursuant to this Regulation shall be carried out by the national accreditation bodies appointed pursuant to Article 4(1) of Regulation (EC) No 765/2008.
ets_verification,32018R2067,,Article 55,REQUIREMENTS CONCERNING ACCREDITATION BODIES FOR THE ACCREDITATION OF ETS VERIFIERS,article,certificacao,high,0,national accreditation bod(y|ies),national accreditation body,"2. Where a Member State decides to allow the certification of verifiers that are natural persons, under this Regulation the tasks related to the certification of those verifiers shall be entrusted to a national authority other than the national accreditation body appointed pursuant to Article 4(1) of Regulation (EC) No 765/2008."
ets_verification,32018R2067,,Article 55,REQUIREMENTS CONCERNING ACCREDITATION BODIES FOR THE ACCREDITATION OF ETS VERIFIERS,article,certificacao,high,0,national accreditation bod(y|ies),national accreditation body,4. A national accreditation body shall be a member of the body recognised under Article 14 of that Regulation (EC) No 765/2008.
ets_verification,32018R2067,,Article 55,REQUIREMENTS CONCERNING ACCREDITATION BODIES FOR THE ACCREDITATION OF ETS VERIFIERS,article,certificacao,high,0,national accreditation bod(y|ies),national accreditation body,"5. A national accreditation body shall be entrusted with the operation of accreditation as a public authority activity and be granted formal recognition by the Member State, if accreditation is not operated directly by public authorities."
ets_verification,32018R2067,,Article 55,REQUIREMENTS CONCERNING ACCREDITATION BODIES FOR THE ACCREDITATION OF ETS VERIFIERS,article,certificacao,high,0,national accreditation bod(y|ies),national accreditation body,"6. For the purposes of this Regulation, the national accreditation body shall carry out its functions in accordance with the requirements set out in the harmonised standard referred to in Annex III."
ets_verification,32018R2067,,Article 56,REQUIREMENTS CONCERNING ACCREDITATION BODIES FOR THE ACCREDITATION OF ETS VERIFIERS,article,certificacao,low,0,\baccreditation\b,accreditation,Cross-border accreditation
ets_verification,32018R2067,,Article 56,REQUIREMENTS CONCERNING ACCREDITATION BODIES FOR THE ACCREDITATION OF ETS VERIFIERS,article,certificacao,high,0,national accreditation bod(y|ies),national accreditation body,"Where a Member State considers that it is economically not meaningful or sustainable to appoint a national accreditation body or to provide accreditation services within the meaning of Article 15 of Directive 2003/87/EC, that Member State shall have recourse to a national accreditation body of another Member State."
ets_verification,32018R2067,,Article 57,REQUIREMENTS CONCERNING ACCREDITATION BODIES FOR THE ACCREDITATION OF ETS VERIFIERS,article,certificacao,high,0,national accreditation bod(y|ies),national accreditation body,1. The national accreditation body shall be organised in a manner that guarantees its full independence from verifiers it assesses and its impartiality in carrying out its accreditation activities.
ets_verification,32018R2067,,Article 57,REQUIREMENTS CONCERNING ACCREDITATION BODIES FOR THE ACCREDITATION OF ETS VERIFIERS,article,certificacao,high,0,national accreditation bod(y|ies),national accreditation body,"2. For that purpose, the national accreditation body shall not offer or provide any activities or services provided by a verifier, nor shall it provide consultancy services, own shares in or otherwise have a financial or managerial interest in a verifier."
ets_verification,32018R2067,,Article 57,REQUIREMENTS CONCERNING ACCREDITATION BODIES FOR THE ACCREDITATION OF ETS VERIFIERS,article,certificacao,high,0,national accreditation bod(y|ies),national accreditation body,"3. Without prejudice to Article 55(2), the structure, responsibilities and tasks of the national accreditation body shall be clearly distinguished from those of the competent authority and those of other national authorities."
ets_verification,32018R2067,,Article 57,REQUIREMENTS CONCERNING ACCREDITATION BODIES FOR THE ACCREDITATION OF ETS VERIFIERS,article,certificacao,high,0,national accreditation bod(y|ies),national accreditation body,4. The national accreditation body shall take all final decisions pertaining to the accreditation of verifiers.
ets_verification,32018R2067,,Article 57,REQUIREMENTS CONCERNING ACCREDITATION BODIES FOR THE ACCREDITATION OF ETS VERIFIERS,article,certificacao,high,0,national accreditation bod(y|ies),national accreditation body,"However, the national accreditation body may sub-contract certain activities, subject to the requirements set out in the harmonised standard referred to in Annex III."
ets_verification,32018R2067,,Article 58,REQUIREMENTS CONCERNING ACCREDITATION BODIES FOR THE ACCREDITATION OF ETS VERIFIERS,article,certificacao,high,0,national accreditation bod(y|ies),national accreditation body,1. The national accreditation body shall appoint an assessment team for each particular assessment.
ets_verification,32018R2067,,Article 58,REQUIREMENTS CONCERNING ACCREDITATION BODIES FOR THE ACCREDITATION OF ETS VERIFIERS,article,certificacao,low,0,\baccreditation\b,accreditation,"2. An assessment team shall consist of a lead assessor and, where necessary, a suitable number of assessors or technical experts for a specific scope of accreditation."
ets_verification,32018R2067,,Article 58,REQUIREMENTS CONCERNING ACCREDITATION BODIES FOR THE ACCREDITATION OF ETS VERIFIERS,article,certificacao,low,0,\baccreditation\b,accreditation,"The assessment team shall include at least one person with the knowledge of the monitoring and reporting of greenhouse gas emissions pursuant to Implementing Regulation (EU) 2018/2066 that are relevant for the scope of accreditation and the competence and understanding required to assess the verification activities within the installation or aircraft operator for that scope, and at least one person with the knowledge of relevant national legislation and guidance."
ets_verification,32018R2067,,Article 58,REQUIREMENTS CONCERNING ACCREDITATION BODIES FOR THE ACCREDITATION OF ETS VERIFIERS,article,certificacao,high,0,national accreditation bod(y|ies),national accreditation body,"Where the national accreditation body assesses the verifier's competence and performance for scope no 98 referred to in Annex I of this Regulation, the assessment team shall include in addition at least one person with the knowledge of collecting, monitoring and reporting data relevant for free allocation pursuant to Delegated Regulation (EU) .../... as well as the competence and understanding required to assess the verification activities for that scope."
ets_verification,32018R2067,,Article 59,REQUIREMENTS CONCERNING ACCREDITATION BODIES FOR THE ACCREDITATION OF ETS VERIFIERS,article,auditoria,low,0,\baudit\w*,auditing,have knowledge of data and information auditing referred to in Article 38(1)(b) of this Regulation obtained through training or access to a person that has knowledge and experience of such data and information.
ets_verification,32018R2067,,Article 59,REQUIREMENTS CONCERNING ACCREDITATION BODIES FOR THE ACCREDITATION OF ETS VERIFIERS,article,certificacao,low,0,\baccreditation\b,accreditation,"3. Internal reviewers and persons taking the decisions on the granting, extending or renewing of an accreditation shall, in addition to the competence requirements referred to in paragraph 1, have sufficient knowledge and experience to evaluate the accreditation."
ets_verification,32018R2067,,Article 60,REQUIREMENTS CONCERNING ACCREDITATION BODIES FOR THE ACCREDITATION OF ETS VERIFIERS,article,certificacao,high,0,national accreditation bod(y|ies),national accreditation body,1. The national accreditation body may include technical experts in the assessment team to provide detailed knowledge and expertise on a specific subject matter needed to support the lead assessor or assessor in carrying out assessment activities.
ets_verification,32018R2067,,Article 61,REQUIREMENTS CONCERNING ACCREDITATION BODIES FOR THE ACCREDITATION OF ETS VERIFIERS,article,certificacao,high,0,national accreditation bod(y|ies),national accreditation body,The national accreditation body shall comply with the requirements established pursuant to Article 8 of Regulation (EC) No 765/2008.
ets_verification,32018R2067,,Article 62,REQUIREMENTS CONCERNING ACCREDITATION BODIES FOR THE ACCREDITATION OF ETS VERIFIERS,article,certificacao,high,0,national accreditation bod(y|ies),national accreditation body,"Where the national accreditation body has received a complaint concerning the verifier from the competent authority, the operator or aircraft operator, or other interested parties, the national accreditation body shall, within a reasonable time but no later than three months from the date of its receipt:"
ets_verification,32018R2067,,Article 63,REQUIREMENTS CONCERNING ACCREDITATION BODIES FOR THE ACCREDITATION OF ETS VERIFIERS,article,certificacao,high,0,national accreditation bod(y|ies),national accreditation body,"1. The national accreditation body shall keep records on each person involved in the accreditation process. Those records shall include records related to relevant qualifications, training, experience, impartiality and competence necessary to demonstrate compliance with this Regulation."
ets_verification,32018R2067,,Article 63,REQUIREMENTS CONCERNING ACCREDITATION BODIES FOR THE ACCREDITATION OF ETS VERIFIERS,article,certificacao,high,0,national accreditation bod(y|ies),national accreditation body,2. The national accreditation body shall keep records of the verifier in line with the harmonised standard pursuant to Regulation (EC) No 765/2008 referred to in Annex III.
ets_verification,32018R2067,,Article 64,REQUIREMENTS CONCERNING ACCREDITATION BODIES FOR THE ACCREDITATION OF ETS VERIFIERS,article,certificacao,high,0,national accreditation bod(y|ies),national accreditation body,"1. The national accreditation body shall, on a regular basis, make publicly available and update information about the national accreditation body and its accreditation activities."
ets_verification,32018R2067,,Article 64,REQUIREMENTS CONCERNING ACCREDITATION BODIES FOR THE ACCREDITATION OF ETS VERIFIERS,article,certificacao,high,0,national accreditation bod(y|ies),national accreditation body,"2. The national accreditation body shall make, in accordance with point 4 of Article 8 of Regulation (EC) No 765/2008, adequate arrangements to safeguard, as appropriate, the confidentiality of information obtained."
ets_verification,32018R2067,,Article 65,REQUIREMENTS CONCERNING ACCREDITATION BODIES FOR THE ACCREDITATION OF ETS VERIFIERS,article,certificacao,high,0,national accreditation bod(y|ies),National accreditation bodies,1. National accreditation bodies shall subject themselves to a regular peer evaluation.
ets_verification,32018R2067,,Article 65,REQUIREMENTS CONCERNING ACCREDITATION BODIES FOR THE ACCREDITATION OF ETS VERIFIERS,article,certificacao,high,0,national accreditation bod(y|ies),national accreditation body,the national accreditation body that is subject to the peer evaluation has carried out the accreditation activities in accordance with Chapter IV;
ets_verification,32018R2067,,Article 65,REQUIREMENTS CONCERNING ACCREDITATION BODIES FOR THE ACCREDITATION OF ETS VERIFIERS,article,certificacao,high,0,national accreditation bod(y|ies),national accreditation body,the national accreditation body that is subject to the peer evaluation has met the requirements laid down in this Chapter.
ets_verification,32018R2067,,Article 65,REQUIREMENTS CONCERNING ACCREDITATION BODIES FOR THE ACCREDITATION OF ETS VERIFIERS,article,reportar,low,0,\bshall publish\b,shall publish,"3. The body recognised under Article 14 of Regulation (EC) No 765/2008 shall publish and communicate the outcome of the peer evaluation of a national accreditation body to the Commission, the national authorities responsible for the national accreditation bodies in the Member States, and the competent authority of Member States or the focal point referred to in Article 70(2)."
ets_verification,32018R2067,,Article 65,REQUIREMENTS CONCERNING ACCREDITATION BODIES FOR THE ACCREDITATION OF ETS VERIFIERS,article,certificacao,high,0,national accreditation bod(y|ies),national accreditation body,"3. The body recognised under Article 14 of Regulation (EC) No 765/2008 shall publish and communicate the outcome of the peer evaluation of a national accreditation body to the Commission, the national authorities responsible for the national accreditation bodies in the Member States, and the competent authority of Member States or the focal point referred to in Article 70(2)."
ets_verification,32018R2067,,Article 65,REQUIREMENTS CONCERNING ACCREDITATION BODIES FOR THE ACCREDITATION OF ETS VERIFIERS,article,certificacao,high,0,national accreditation bod(y|ies),national accreditation body,"4. Without prejudice to paragraph 1, where a national accreditation body has successfully undergone a peer evaluation organised by the body recognised under Article 14 of Regulation (EC) No 765/2008 prior to the entry into force of this Regulation, the national accreditation body shall be exempted from undergoing a new peer evaluation following the entry into force of this Regulation if it can demonstrate conformity with this Regulation."
ets_verification,32018R2067,,Article 65,REQUIREMENTS CONCERNING ACCREDITATION BODIES FOR THE ACCREDITATION OF ETS VERIFIERS,article,certificacao,high,0,national accreditation bod(y|ies),national accreditation body,"To that end, the national accreditation body concerned shall submit a request and the necessary documentation to the body recognised under Article 14 of Regulation (EC) No 765/2008."
ets_verification,32018R2067,,Article 65,REQUIREMENTS CONCERNING ACCREDITATION BODIES FOR THE ACCREDITATION OF ETS VERIFIERS,article,certificacao,high,0,national accreditation bod(y|ies),national accreditation body,The exemption shall apply for a period not exceeding three years from the date of notification of the decision to the national accreditation body.
ets_verification,32018R2067,,Article 65,REQUIREMENTS CONCERNING ACCREDITATION BODIES FOR THE ACCREDITATION OF ETS VERIFIERS,article,certificacao,high,0,national accreditation bod(y|ies),national accreditation bodies,"5. The national authority entrusted, pursuant to Article 55(2), with the tasks related to the certification of verifiers that are natural persons, pursuant to this Regulation shall meet a level of credibility equivalent to national accreditation bodies that have successfully undergone peer evaluation."
ets_verification,32018R2067,,Article 65,REQUIREMENTS CONCERNING ACCREDITATION BODIES FOR THE ACCREDITATION OF ETS VERIFIERS,article,certificacao,low,0,\bcertificat\w*,certification,"To that end, the Member State concerned shall, immediately following its decisions authorising the national authority to perform certification, provide the Commission and the other Member States with all relevant documentary evidence. No national authority shall certify verifiers for the purposes of this Regulation before the Member State concerned provides that documentary evidence."
ets_verification,32018R2067,,Article 66,REQUIREMENTS CONCERNING ACCREDITATION BODIES FOR THE ACCREDITATION OF ETS VERIFIERS,article,certificacao,high,0,national accreditation bod(y|ies),national accreditation bodies,"1. Member States shall monitor their national accreditation bodies at regular intervals in order to ensure that they fulfil the requirements of this Regulation on a continuing basis, taking into account the results of the peer evaluation carried out in accordance with Article 65."
ets_verification,32018R2067,,Article 66,REQUIREMENTS CONCERNING ACCREDITATION BODIES FOR THE ACCREDITATION OF ETS VERIFIERS,article,certificacao,high,0,national accreditation bod(y|ies),national accreditation body,"2. Where a national accreditation body does not meet the requirements or fails to fulfil its obligations as laid down in this Regulation, the Member State concerned shall take appropriate corrective action or ensure that such corrective action is taken, and shall inform the Commission thereof."
ets_verification,32018R2067,,Article 67,REQUIREMENTS CONCERNING ACCREDITATION BODIES FOR THE ACCREDITATION OF ETS VERIFIERS,article,certificacao,high,0,national accreditation bod(y|ies),national accreditation bodies,1. Member States shall recognise the equivalence of the services delivered by those national accreditation bodies that have successfully undergone a peer evaluation. Member States shall accept the accreditation certificates of verifiers accredited by those national accreditation bodies and respect the right of the verifiers to carry out verification for their scope of accreditation.
ets_verification,32018R2067,,Article 67,REQUIREMENTS CONCERNING ACCREDITATION BODIES FOR THE ACCREDITATION OF ETS VERIFIERS,article,certificacao,high,0,national accreditation bod(y|ies),national accreditation body,"2. Where a national accreditation body has not undergone the complete peer evaluation process, Member States shall accept the accreditation certificates of verifiers accredited by that national accreditation body provided the body recognised under Article 14 of Regulation (EC) No 765/2008 has started a peer evaluation for that national accreditation body and it has not identified any non-compliance of the national accreditation body with this Regulation."
ets_verification,32018R2067,,Article 67,REQUIREMENTS CONCERNING ACCREDITATION BODIES FOR THE ACCREDITATION OF ETS VERIFIERS,article,certificacao,low,0,\bcertificat\w*,certification,"3. Where the certification of verifiers is carried out by a national authority referred to in Article 55(2), Member States shall accept the certificate issued by such authority and respect the right of certified verifiers to carry out verification for their scope of certification."
ets_verification,32018R2067,,Article 68,REQUIREMENTS CONCERNING ACCREDITATION BODIES FOR THE ACCREDITATION OF ETS VERIFIERS,article,certificacao,high,0,national accreditation bod(y|ies),national accreditation body,"Where a Member State has established, in the course of an inspection carried out in accordance with Article 31(4) of Directive 2006/123/EC, that a verifier is not complying with this Regulation, the competent authority or national accreditation body of that Member State shall inform the national accreditation body that has accredited the verifier."
ets_verification,32018R2067,,Article 68,REQUIREMENTS CONCERNING ACCREDITATION BODIES FOR THE ACCREDITATION OF ETS VERIFIERS,article,certificacao,high,0,national accreditation bod(y|ies),national accreditation body,The national accreditation body that has accredited the verifier shall consider the communication of that information as a complaint within the meaning of Article 62 and shall take appropriate action and respond to the competent authority or the national accreditation body in accordance with the second subparagraph of Article 73(2).
ets_verification,32018R2067,,Article 69,REQUIREMENTS CONCERNING ACCREDITATION BODIES FOR THE ACCREDITATION OF ETS VERIFIERS,article,auditoria,high,0,verification (team|report|body),verification report,1. Member States may require verifiers to use electronic templates or specific file formats for verification reports in accordance with Article 74(1) of Implementing Regulation (EU) 2018/2066 or in accordance with Article 13 of Delegated Regulation (EU) .../....
ets_verification,32018R2067,,Article 69,REQUIREMENTS CONCERNING ACCREDITATION BODIES FOR THE ACCREDITATION OF ETS VERIFIERS,article,certificacao,high,0,national accreditation bod(y|ies),national accreditation body,"2. Standardised electronic templates or file format specifications may be made available for further types of communication between the operator, aircraft operator, verifier, competent authority and national accreditation body in accordance with Article 74(2) of Implementing Regulation (EU) 2018/2066."
ets_verification,32018R2067,,Article 70,INFORMATION EXCHANGE,article,certificacao,high,0,national accreditation bod(y|ies),national accreditation body,"1. The Member State shall establish an effective exchange of appropriate information and effective cooperation between their national accreditation body, or where applicable, the national authority entrusted with the certification of verifiers, and the competent authority."
ets_verification,32018R2067,,Article 71,INFORMATION EXCHANGE,article,reportar,high,0,management report,management report,Accreditation work programme and management report
ets_verification,32018R2067,,Article 71,INFORMATION EXCHANGE,article,certificacao,low,0,\baccreditation\b,Accreditation,Accreditation work programme and management report
ets_verification,32018R2067,,Article 71,INFORMATION EXCHANGE,article,certificacao,high,0,national accreditation bod(y|ies),national accreditation body,"1. By 31 December of each year, the national accreditation body shall make available an accreditation work programme to the competent authority of each Member State containing the list of verifiers accredited by that national accreditation body and which have notified it pursuant to Article 77 that they intend to carry out verifications in those Member States. The accreditation work programme shall at least contain the following information in relation to each verifier:"
ets_verification,32018R2067,,Article 71,INFORMATION EXCHANGE,article,certificacao,high,0,national accreditation bod(y|ies),national accreditation body,"information on activities that the national accreditation body has planned for that verifier, in particular surveillance and reassessment activities;"
ets_verification,32018R2067,,Article 71,INFORMATION EXCHANGE,article,certificacao,high,0,national accreditation bod(y|ies),national accreditation body,"dates of anticipated witnessing audits to be performed by the national accreditation body to assess the verifier, including the address and contact details of operators or aircraft operators that will be visited during the witness audit;"
ets_verification,32018R2067,,Article 71,INFORMATION EXCHANGE,article,auditoria,low,0,\baudit\w*,audits,"dates of anticipated witnessing audits to be performed by the national accreditation body to assess the verifier, including the address and contact details of operators or aircraft operators that will be visited during the witness audit;"
ets_verification,32018R2067,,Article 71,INFORMATION EXCHANGE,article,certificacao,high,0,national accreditation bod(y|ies),national accreditation body,information on whether the national accreditation body has requested the national accreditation body from the Member State in which the verifier is performing the verification to carry out surveillance activities.
ets_verification,32018R2067,,Article 71,INFORMATION EXCHANGE,article,certificacao,high,0,national accreditation bod(y|ies),national accreditation body,"Where changes occur in the information referred to in the first subparagraph, the national accreditation body shall submit to the competent authority an updated work programme by 31 January of each year."
ets_verification,32018R2067,,Article 71,INFORMATION EXCHANGE,article,certificacao,high,0,national accreditation bod(y|ies),national accreditation body,"2. Following the submission of the accreditation work programme in accordance with paragraph 1, the competent authority shall provide the national accreditation body with any relevant information, including any relevant national legislation or guidelines."
ets_verification,32018R2067,,Article 71,INFORMATION EXCHANGE,article,reportar,high,0,management report,management report,"3. By 1 June of each year, the national accreditation body shall make available a management report to the competent authority. The management report shall at least contain the following information in relation to each verifier that has been accredited by that national accreditation body:"
ets_verification,32018R2067,,Article 71,INFORMATION EXCHANGE,article,certificacao,high,0,national accreditation bod(y|ies),national accreditation body,"3. By 1 June of each year, the national accreditation body shall make available a management report to the competent authority. The management report shall at least contain the following information in relation to each verifier that has been accredited by that national accreditation body:"
ets_verification,32018R2067,,Article 71,INFORMATION EXCHANGE,article,certificacao,high,0,national accreditation bod(y|ies),national accreditation body,"accreditation details of verifiers that were newly accredited by that national accreditation body, including the scope of accreditation for these verifiers"
ets_verification,32018R2067,,Article 71,INFORMATION EXCHANGE,article,certificacao,low,0,\baccreditation\b,accreditation,any changes to the scope of accreditation for these verifiers;
ets_verification,32018R2067,,Article 71,INFORMATION EXCHANGE,article,certificacao,high,0,national accreditation bod(y|ies),national accreditation body,summarised results of surveillance and reassessment activities carried out by the national accreditation body;
ets_verification,32018R2067,,Article 71,INFORMATION EXCHANGE,article,reportar,high,0,management report,management report,any complaints filed against the verifier since the last management report and the actions taken by the national accreditation body;
ets_verification,32018R2067,,Article 71,INFORMATION EXCHANGE,article,certificacao,high,0,national accreditation bod(y|ies),national accreditation body,any complaints filed against the verifier since the last management report and the actions taken by the national accreditation body;
ets_verification,32018R2067,,Article 71,INFORMATION EXCHANGE,article,certificacao,high,0,national accreditation bod(y|ies),national accreditation body,"details of action taken by the national accreditation body in response to the information that is shared by the competent authority, unless the national accreditation body has considered the information as a complaint within the meaning of Article 62."
ets_verification,32018R2067,,Article 72,INFORMATION EXCHANGE,article,certificacao,high,0,national accreditation bod(y|ies),national accreditation body,"If the national accreditation body has imposed administrative measures on the verifier pursuant to Article 54 or if a suspension of the accreditation has been terminated or a decision on appeal has reversed the decision of a national accreditation body to impose administrative measures referred to in Article 54, the national accreditation body shall inform the following parties:"
ets_verification,32018R2067,,Article 72,INFORMATION EXCHANGE,article,certificacao,low,0,\baccredited\b,accredited,the competent authority of the Member State where the verifier is accredited;
ets_verification,32018R2067,,Article 72,INFORMATION EXCHANGE,article,certificacao,high,0,national accreditation bod(y|ies),national accreditation body,the competent authority and the national accreditation body of each Member State where the verifier is carrying out verifications.
ets_verification,32018R2067,,Article 73,INFORMATION EXCHANGE,article,certificacao,high,0,national accreditation bod(y|ies),national accreditation body,1. The competent authority of the Member State where the verifier is carrying out the verification shall annually communicate to the national accreditation body which has accredited that verifier at least the following:
ets_verification,32018R2067,,Article 73,INFORMATION EXCHANGE,article,reportar,low,0,\breport\b,report,"relevant results from checking the operator's and aircraft operator's report and the verification reports, in particular of any identified non-compliance of that verifier with this Regulation;"
ets_verification,32018R2067,,Article 73,INFORMATION EXCHANGE,article,auditoria,high,0,verification (team|report|body),verification report,"relevant results from checking the operator's and aircraft operator's report and the verification reports, in particular of any identified non-compliance of that verifier with this Regulation;"
ets_verification,32018R2067,,Article 73,INFORMATION EXCHANGE,article,certificacao,high,0,national accreditation bod(y|ies),national accreditation body,results from the inspection of the operator or aircraft operator where those results are relevant for the national accreditation body concerning the verifier's accreditation and surveillance or where those results include any identified non-compliance of that verifier with this Regulation;
ets_verification,32018R2067,,Article 73,INFORMATION EXCHANGE,article,certificacao,high,0,national accreditation bod(y|ies),national accreditation body,"2. Where the information referred to in paragraph 1 provides evidence that the competent authority has identified non-compliance of the verifier with this Regulation, the national accreditation body shall consider the communication of that information as a complaint by the competent authority concerning that verifier within the meaning of Article 62."
ets_verification,32018R2067,,Article 73,INFORMATION EXCHANGE,article,certificacao,high,0,national accreditation bod(y|ies),national accreditation body,"The national accreditation body shall take appropriate action to address such information and respond to the competent authority within a reasonable time, but no later than three months from the date of its receipt. The national accreditation body shall inform the competent authority in its response of the action taken by it and, where relevant, the administrative measures imposed on the verifier."
ets_verification,32018R2067,,Article 74,INFORMATION EXCHANGE,article,reportar,low,0,\bshall report\b,shall report,"1. Where the national accreditation body of the Member State in which a verifier is performing a verification has been requested, pursuant to Article 50(5), to carry out surveillance activities, that national accreditation body shall report its findings to the national accreditation body that has accredited the verifier, unless otherwise agreed between both national accreditation bodies."
ets_verification,32018R2067,,Article 74,INFORMATION EXCHANGE,article,certificacao,high,0,national accreditation bod(y|ies),national accreditation body,"1. Where the national accreditation body of the Member State in which a verifier is performing a verification has been requested, pursuant to Article 50(5), to carry out surveillance activities, that national accreditation body shall report its findings to the national accreditation body that has accredited the verifier, unless otherwise agreed between both national accreditation bodies."
ets_verification,32018R2067,,Article 74,INFORMATION EXCHANGE,article,certificacao,high,0,national accreditation bod(y|ies),national accreditation body,2. The national accreditation body that has accredited the verifier shall take the findings referred to in paragraph 1 into account when assessing whether the verifier meets the requirements of this Regulation.
ets_verification,32018R2067,,Article 74,INFORMATION EXCHANGE,article,certificacao,high,0,national accreditation bod(y|ies),national accreditation body,"3. Where the findings referred to in paragraph 1 show evidence that the verifier is not complying with this Regulation, the national accreditation body that has accredited the verifier shall take appropriate action pursuant to this Regulation and shall inform the national accreditation body that has carried out surveillance activities on:"
ets_verification,32018R2067,,Article 74,INFORMATION EXCHANGE,article,certificacao,high,0,national accreditation bod(y|ies),national accreditation body,what action has been taken by the national accreditation body that has accredited the verifier;
ets_verification,32018R2067,,Article 75,INFORMATION EXCHANGE,article,reportar,high,0,management report,management report,"Where a verifier has been granted accreditation by a national accreditation body in a Member State other than the Member State in which the verifier is established, the accreditation work programme and the management report referred to in Article 71, as well as the information referred to in Article 72, shall also be provided to the competent authority of the Member State in which the verifier is established."
ets_verification,32018R2067,,Article 75,INFORMATION EXCHANGE,article,certificacao,high,0,national accreditation bod(y|ies),national accreditation body,"Where a verifier has been granted accreditation by a national accreditation body in a Member State other than the Member State in which the verifier is established, the accreditation work programme and the management report referred to in Article 71, as well as the information referred to in Article 72, shall also be provided to the competent authority of the Member State in which the verifier is established."
ets_verification,32018R2067,,Article 76,INFORMATION EXCHANGE,article,certificacao,low,0,\baccredited\b,accredited,Databases of accredited verifiers
ets_verification,32018R2067,,Article 76,INFORMATION EXCHANGE,article,auditoria,high,0,accredited verifier,accredited verifier,Databases of accredited verifiers
ets_verification,32018R2067,,Article 76,INFORMATION EXCHANGE,article,certificacao,high,0,national accreditation bod(y|ies),National accreditation bodies,"1. National accreditation bodies, or where applicable national authorities referred to in Article 55(2), shall set up and manage a database and allow access to that database to other national accreditation bodies, national authorities, verifiers, operators, aircraft operators and competent authorities."
ets_verification,32018R2067,,Article 76,INFORMATION EXCHANGE,article,certificacao,high,0,national accreditation bod(y|ies),national accreditation bodies,"The body recognised under Article 14 of Regulation (EC) No 765/2008 shall facilitate and harmonise access to the databases to enable efficient and cost-effective communication between national accreditation bodies, national authorities, verifiers, operators, aircraft operators and competent authorities, and may reconcile those databases into a single and centralised database."
ets_verification,32018R2067,,Article 76,INFORMATION EXCHANGE,article,certificacao,high,0,national accreditation bod(y|ies),national accreditation body,the name and address of each verifier accredited by that national accreditation body;
ets_verification,32018R2067,,Article 76,INFORMATION EXCHANGE,article,certificacao,low,0,\baccreditation\b,accreditation,each verifier's scope of accreditation;
ets_verification,32018R2067,,Article 76,INFORMATION EXCHANGE,article,certificacao,low,0,\baccreditation\b,accreditation,the date on which the accreditation was granted and the expiry date of the accreditation;
ets_verification,32018R2067,,Article 77,INFORMATION EXCHANGE,article,reportar,high,0,management report,management report,"1. For the purposes of enabling the national accreditation body to draft the accreditation work programme and the management report referred to in Article 71, a verifier shall by 15 November of each year send the following information to the national accreditation body that has accredited that verifier:"
ets_verification,32018R2067,,Article 77,INFORMATION EXCHANGE,article,certificacao,high,0,national accreditation bod(y|ies),national accreditation body,"1. For the purposes of enabling the national accreditation body to draft the accreditation work programme and the management report referred to in Article 71, a verifier shall by 15 November of each year send the following information to the national accreditation body that has accredited that verifier:"
ets_verification,32018R2067,,Article 77,INFORMATION EXCHANGE,article,certificacao,low,0,\baccreditation\b,accreditation,the names of the members of the verification team and the scope of the accreditation under which the operator's or aircraft operator's activity falls.
ets_verification,32018R2067,,Article 77,INFORMATION EXCHANGE,article,auditoria,high,0,verification (team|report|body),verification team,the names of the members of the verification team and the scope of the accreditation under which the operator's or aircraft operator's activity falls.
ets_verification,32018R2067,,Article 77,INFORMATION EXCHANGE,article,certificacao,high,0,national accreditation bod(y|ies),national accreditation body,"2. Where changes occur in the information referred to in paragraph 1, the verifier shall notify those changes to the accreditation body within a timeframe agreed with that national accreditation body."
ets_verification,32018R2067,,Article 79,FINAL PROVISIONS,article,certificacao,low,0,\bcertificat\w*,certificate,The scope of accreditation of verifiers shall be indicated in the accreditation certificate using the following groups of activities pursuant to Annex I to Directive 2003/87/EC and other activities pursuant to Articles 10a and 24 of Directive 2003/87/EC. Those provisions shall equally apply to verifiers certified by a national authority in accordance with Article 55(2) of this Regulation.
ets_verification,32018R2067,,Article 79,FINAL PROVISIONS,article,certificacao,low,0,\baccreditation\b,accreditation,"With respect to the requirements on verifiers, the harmonised standard pursuant to Regulation (EC) No 765/2008 concerning requirements for greenhouse gas validation and verification bodies for use in accreditation or other forms of recognition, shall apply. In addition, the following procedures, processes and arrangements referred to in Article 41(1), shall apply:"
ets_verification,32018R2067,,Article 79,FINAL PROVISIONS,article,reportar,low,0,\breport\b,report,a process for issuing a revised verification report where an error in the verification report or operator's or aircraft operator's report has been identified after the verifier has submitted the verification report to the operator or aircraft operator for onwards submission to the competent authority;
ets_verification,32018R2067,,Article 79,FINAL PROVISIONS,article,auditoria,high,0,verification (team|report|body),verification report,a process for issuing a revised verification report where an error in the verification report or operator's or aircraft operator's report has been identified after the verifier has submitted the verification report to the operator or aircraft operator for onwards submission to the competent authority;
ets_verification,32018R2067,,Article 79,FINAL PROVISIONS,article,certificacao,high,0,conformity assessment (body|bodies),conformity assessment bodies,"With respect to the minimum requirements for accreditation, and the requirements for accreditation bodies, the harmonised standard pursuant to Regulation (EC) No 765/2008 concerning general requirements for accreditation bodies accrediting conformity assessment bodies shall apply."
